"Church & Dwight",78.81,"2021-03-01 03:06:00"
"Church & Dwight",79.39,"2021-03-01 13:01:07"
"Church & Dwight",79.47,"2021-03-01 13:35:27"
"Church & Dwight",79.39,"2021-03-01 13:56:44"
"Church & Dwight",79.39,"2021-03-01 14:00:05"
"Church & Dwight",79.29,"2021-03-01 15:00:05"
"Church & Dwight",78.88,"2021-03-01 15:45:03"
"Church & Dwight",78.69,"2021-03-01 16:15:03"
"Church & Dwight",79.06,"2021-03-02 09:45:02"
"Church & Dwight",79.09,"2021-03-02 11:00:06"
"Church & Dwight",79.56,"2021-03-02 12:00:08"
"Church & Dwight",79.65,"2021-03-02 13:00:05"
"Church & Dwight",79.36,"2021-03-02 14:00:06"
"Church & Dwight",79.67,"2021-03-02 15:00:07"
"Church & Dwight",79.56,"2021-03-02 15:45:03"
"Church & Dwight",79.22,"2021-03-02 16:15:03"
"Church & Dwight",78.55,"2021-03-03 09:45:02"
"Church & Dwight",78.81,"2021-03-03 11:00:06"
"Church & Dwight",78.80,"2021-03-03 12:00:06"
"Church & Dwight",78.92,"2021-03-03 13:00:07"
"Church & Dwight",79.03,"2021-03-03 14:00:05"
"Church & Dwight",78.87,"2021-03-03 15:00:07"
"Church & Dwight",78.69,"2021-03-03 15:45:02"
"Church & Dwight",78.67,"2021-03-03 16:15:03"
"Church & Dwight",78.31,"2021-03-04 09:45:02"
"Church & Dwight",79.23,"2021-03-04 11:00:04"
"Church & Dwight",79.25,"2021-03-04 12:00:07"
"Church & Dwight",77.78,"2021-03-04 13:00:05"
"Church & Dwight",77.87,"2021-03-04 14:00:08"
"Church & Dwight",78.47,"2021-03-04 15:00:06"
"Church & Dwight",78.16,"2021-03-04 15:45:02"
"Church & Dwight",77.92,"2021-03-04 16:15:03"
"Church & Dwight",78.00,"2021-03-05 09:45:03"
"Church & Dwight",77.94,"2021-03-05 11:00:07"
"Church & Dwight",78.96,"2021-03-05 12:00:07"
"Church & Dwight",79.38,"2021-03-05 13:00:08"
"Church & Dwight",79.56,"2021-03-05 14:00:05"
"Church & Dwight",79.76,"2021-03-05 15:00:04"
"Church & Dwight",79.90,"2021-03-05 15:45:03"
"Church & Dwight",79.96,"2021-03-05 16:15:03"
"Church & Dwight",79.19,"2021-03-08 09:45:02"
"Church & Dwight",79.94,"2021-03-08 11:00:04"
"Church & Dwight",80.37,"2021-03-08 12:00:08"
"Church & Dwight",81.01,"2021-03-08 13:00:06"
"Church & Dwight",81.18,"2021-03-08 14:00:06"
"Church & Dwight",81.27,"2021-03-08 15:00:06"
"Church & Dwight",80.93,"2021-03-08 15:45:02"
"Church & Dwight",80.83,"2021-03-08 16:15:03"
"Church & Dwight",81.84,"2021-03-09 09:45:03"
"Church & Dwight",80.67,"2021-03-09 11:00:08"
"Church & Dwight",80.42,"2021-03-09 12:00:07"
"Church & Dwight",81.04,"2021-03-09 13:00:03"
"Church & Dwight",80.74,"2021-03-09 14:00:05"
"Church & Dwight",80.65,"2021-03-09 15:00:07"
"Church & Dwight",80.54,"2021-03-09 15:45:02"
"Church & Dwight",80.41,"2021-03-09 16:15:04"
"Church & Dwight",79.68,"2021-03-10 09:45:05"
"Church & Dwight",80.97,"2021-03-10 11:00:04"
"Church & Dwight",80.97,"2021-03-10 12:00:03"
"Church & Dwight",81.37,"2021-03-10 13:00:03"
"Church & Dwight",81.56,"2021-03-10 14:00:03"
"Church & Dwight",81.71,"2021-03-10 15:00:03"
"Church & Dwight",81.27,"2021-03-10 15:45:03"
"Church & Dwight",81.15,"2021-03-10 16:15:02"
"Church & Dwight",81.52,"2021-03-11 09:45:04"
"Church & Dwight",81.83,"2021-03-11 11:00:04"
"Church & Dwight",82.03,"2021-03-11 12:00:02"
"Church & Dwight",82.28,"2021-03-11 13:00:04"
"Church & Dwight",82.09,"2021-03-11 14:00:04"
"Church & Dwight",81.70,"2021-03-11 15:00:06"
"Church & Dwight",81.67,"2021-03-11 15:45:02"
"Church & Dwight",81.50,"2021-03-11 16:15:03"
"Church & Dwight",82.43,"2021-03-12 09:45:04"
"Church & Dwight",82.76,"2021-03-12 11:00:04"
"Church & Dwight",82.33,"2021-03-12 12:00:03"
"Church & Dwight",82.55,"2021-03-12 13:00:02"
"Church & Dwight",83.14,"2021-03-12 14:00:03"
"Church & Dwight",82.75,"2021-03-12 15:00:02"
"Church & Dwight",82.92,"2021-03-12 15:45:03"
"Church & Dwight",82.90,"2021-03-12 16:15:02"
"Church & Dwight",83.01,"2021-03-15 09:45:04"
"Church & Dwight",82.24,"2021-03-15 11:00:03"
"Church & Dwight",82.63,"2021-03-15 12:00:02"
"Church & Dwight",82.57,"2021-03-15 13:00:02"
"Church & Dwight",82.91,"2021-03-15 14:00:03"
"Church & Dwight",82.53,"2021-03-15 15:00:03"
"Church & Dwight",82.37,"2021-03-15 15:45:09"
"Church & Dwight",82.90,"2021-03-15 16:15:02"
"Church & Dwight",82.78,"2021-03-16 09:45:03"
"Church & Dwight",83.50,"2021-03-16 11:00:01"
"Church & Dwight",83.07,"2021-03-16 12:00:02"
"Church & Dwight",83.34,"2021-03-16 13:00:03"
"Church & Dwight",83.13,"2021-03-16 14:00:03"
"Church & Dwight",83.46,"2021-03-16 15:00:04"
"Church & Dwight",83.65,"2021-03-16 15:45:09"
"Church & Dwight",83.40,"2021-03-16 16:15:04"
"Church & Dwight",83.08,"2021-03-17 09:45:04"
"Church & Dwight",82.89,"2021-03-17 11:00:03"
"Church & Dwight",82.88,"2021-03-17 12:00:06"
"Church & Dwight",82.84,"2021-03-17 13:00:02"
"Church & Dwight",82.41,"2021-03-17 14:00:02"
"Church & Dwight",82.73,"2021-03-17 15:00:03"
"Church & Dwight",82.54,"2021-03-17 15:45:04"
"Church & Dwight",82.16,"2021-03-17 16:15:01"
"Church & Dwight",82.82,"2021-03-18 09:45:04"
"Church & Dwight",81.63,"2021-03-18 11:00:03"
"Church & Dwight",81.58,"2021-03-18 12:00:04"
"Church & Dwight",81.34,"2021-03-18 13:00:02"
"Church & Dwight",81.70,"2021-03-18 14:00:03"
"Church & Dwight",82.08,"2021-03-18 15:00:04"
"Church & Dwight",82.42,"2021-03-18 15:45:03"
"Church & Dwight",82.26,"2021-03-18 16:15:03"
"Church & Dwight",83.34,"2021-03-19 09:45:02"
"Church & Dwight",83.48,"2021-03-19 11:00:03"
"Church & Dwight",83.25,"2021-03-19 12:00:02"
"Church & Dwight",82.71,"2021-03-19 13:00:04"
"Church & Dwight",83.15,"2021-03-19 14:00:04"
"Church & Dwight",83.30,"2021-03-19 15:00:03"
"Church & Dwight",83.77,"2021-03-19 15:45:02"
"Church & Dwight",83.17,"2021-03-19 16:15:04"
"Church & Dwight",83.03,"2021-03-22 09:45:03"
"Church & Dwight",84.06,"2021-03-22 11:00:04"
"Church & Dwight",83.87,"2021-03-22 12:00:03"
"Church & Dwight",84.31,"2021-03-22 13:00:03"
"Church & Dwight",84.11,"2021-03-22 14:00:03"
"Church & Dwight",84.01,"2021-03-22 15:00:02"
"Church & Dwight",84.23,"2021-03-22 15:45:02"
"Church & Dwight",84.51,"2021-03-22 16:15:04"
"Church & Dwight",84.59,"2021-03-23 09:45:04"
"Church & Dwight",85.30,"2021-03-23 11:00:02"
"Church & Dwight",85.35,"2021-03-23 12:00:04"
"Church & Dwight",85.22,"2021-03-23 13:00:04"
"Church & Dwight",85.53,"2021-03-23 14:00:02"
"Church & Dwight",85.88,"2021-03-23 15:00:01"
"Church & Dwight",85.49,"2021-03-23 15:45:03"
"Church & Dwight",85.71,"2021-03-23 16:15:03"
"Church & Dwight",84.02,"2021-03-24 09:45:03"
"Church & Dwight",84.36,"2021-03-24 11:00:03"
"Church & Dwight",84.93,"2021-03-24 12:00:05"
"Church & Dwight",84.63,"2021-03-24 13:00:02"
"Church & Dwight",84.40,"2021-03-24 14:00:04"
"Church & Dwight",84.75,"2021-03-24 15:00:02"
"Church & Dwight",84.39,"2021-03-24 15:45:03"
"Church & Dwight",84.63,"2021-03-24 16:15:03"
"Church & Dwight",84.58,"2021-03-25 09:45:02"
"Church & Dwight",85.52,"2021-03-25 11:00:03"
"Church & Dwight",85.36,"2021-03-25 12:00:03"
"Church & Dwight",85.33,"2021-03-25 13:00:03"
"Church & Dwight",85.72,"2021-03-25 14:00:02"
"Church & Dwight",85.60,"2021-03-25 15:00:02"
"Church & Dwight",85.89,"2021-03-25 15:45:02"
"Church & Dwight",86.00,"2021-03-25 16:15:04"
"Church & Dwight",85.35,"2021-03-26 09:45:03"
"Church & Dwight",85.98,"2021-03-26 11:00:04"
"Church & Dwight",86.04,"2021-03-26 12:00:03"
"Church & Dwight",86.34,"2021-03-26 13:00:02"
"Church & Dwight",86.55,"2021-03-26 14:00:02"
"Church & Dwight",87.06,"2021-03-26 15:00:02"
"Church & Dwight",87.11,"2021-03-26 15:45:01"
"Church & Dwight",87.35,"2021-03-26 16:15:04"
"Church & Dwight",88.38,"2021-03-29 09:45:02"
"Church & Dwight",88.75,"2021-03-29 11:00:02"
"Church & Dwight",89.03,"2021-03-29 12:00:01"
"Church & Dwight",88.76,"2021-03-29 13:00:06"
"Church & Dwight",88.64,"2021-03-29 14:00:02"
"Church & Dwight",88.44,"2021-03-29 15:00:04"
"Church & Dwight",88.50,"2021-03-29 15:45:02"
"Church & Dwight",88.58,"2021-03-29 16:15:03"
"Church & Dwight",87.67,"2021-03-30 09:45:03"
"Church & Dwight",87.53,"2021-03-30 11:00:03"
"Church & Dwight",87.71,"2021-03-30 12:00:02"
"Church & Dwight",87.90,"2021-03-30 13:00:03"
"Church & Dwight",88.12,"2021-03-30 14:00:03"
"Church & Dwight",87.81,"2021-03-30 15:00:02"
"Church & Dwight",87.77,"2021-03-30 15:45:02"
"Church & Dwight",87.92,"2021-03-30 16:15:02"
"Church & Dwight",88.16,"2021-03-31 09:45:04"
"Church & Dwight",88.16,"2021-03-31 11:00:02"
"Church & Dwight",88.39,"2021-03-31 12:00:03"
"Church & Dwight",88.19,"2021-03-31 13:00:03"
"Church & Dwight",88.35,"2021-03-31 14:00:04"
"Church & Dwight",87.33,"2021-03-31 15:00:06"
"Church & Dwight",87.13,"2021-03-31 15:45:02"
"Church & Dwight",87.35,"2021-03-31 16:15:02"
"Church & Dwight",86.04,"2021-04-01 09:45:03"
"Church & Dwight",85.75,"2021-04-01 11:00:04"
"Church & Dwight",86.08,"2021-04-01 12:00:02"
"Church & Dwight",86.48,"2021-04-01 13:00:02"
"Church & Dwight",86.29,"2021-04-01 14:00:03"
"Church & Dwight",86.34,"2021-04-01 15:00:03"
"Church & Dwight",86.55,"2021-04-01 15:45:02"
"Church & Dwight",86.31,"2021-04-01 16:15:02"
"Church & Dwight",86.53,"2021-04-02 09:45:04"
"Church & Dwight",86.53,"2021-04-02 11:00:03"
"Church & Dwight",86.53,"2021-04-02 12:00:04"
"Church & Dwight",86.53,"2021-04-02 13:00:04"
"Church & Dwight",86.53,"2021-04-02 14:00:03"
"Church & Dwight",86.53,"2021-04-02 15:00:04"
"Church & Dwight",86.53,"2021-04-02 15:45:03"
"Church & Dwight",86.53,"2021-04-02 16:15:03"
"Church & Dwight",87.26,"2021-04-05 09:45:02"
"Church & Dwight",87.75,"2021-04-05 11:00:03"
"Church & Dwight",87.68,"2021-04-05 12:00:03"
"Church & Dwight",87.73,"2021-04-05 13:00:04"
"Church & Dwight",87.35,"2021-04-05 14:00:02"
"Church & Dwight",87.32,"2021-04-05 15:00:03"
"Church & Dwight",87.59,"2021-04-05 15:45:03"
"Church & Dwight",87.47,"2021-04-05 16:15:02"
"Church & Dwight",87.46,"2021-04-06 09:45:04"
"Church & Dwight",87.82,"2021-04-06 11:00:01"
"Church & Dwight",88.18,"2021-04-06 12:00:03"
"Church & Dwight",88.34,"2021-04-06 13:00:03"
"Church & Dwight",88.54,"2021-04-06 14:00:03"
"Church & Dwight",88.39,"2021-04-06 15:00:02"
"Church & Dwight",88.18,"2021-04-06 15:45:03"
"Church & Dwight",88.21,"2021-04-06 16:15:02"
"Church & Dwight",88.28,"2021-04-07 09:45:03"
"Church & Dwight",88.07,"2021-04-07 11:00:02"
"Church & Dwight",88.01,"2021-04-07 12:00:03"
"Church & Dwight",87.87,"2021-04-07 13:00:03"
"Church & Dwight",87.69,"2021-04-07 14:00:04"
"Church & Dwight",87.65,"2021-04-07 15:00:05"
"Church & Dwight",87.84,"2021-04-07 15:45:02"
"Church & Dwight",87.86,"2021-04-07 16:15:03"
"Church & Dwight",87.97,"2021-04-08 09:45:05"
"Church & Dwight",87.89,"2021-04-08 11:00:05"
"Church & Dwight",87.34,"2021-04-08 12:00:03"
"Church & Dwight",87.13,"2021-04-08 13:00:06"
"Church & Dwight",87.35,"2021-04-08 14:00:02"
"Church & Dwight",87.10,"2021-04-08 15:00:03"
"Church & Dwight",87.25,"2021-04-08 15:45:02"
"Church & Dwight",87.31,"2021-04-08 16:15:03"
"Church & Dwight",87.85,"2021-04-09 09:45:03"
"Church & Dwight",87.29,"2021-04-09 11:00:03"
"Church & Dwight",86.94,"2021-04-09 12:00:05"
"Church & Dwight",86.54,"2021-04-09 13:00:03"
"Church & Dwight",86.59,"2021-04-09 14:00:02"
"Church & Dwight",86.56,"2021-04-09 15:00:02"
"Church & Dwight",86.80,"2021-04-09 15:45:03"
"Church & Dwight",86.79,"2021-04-09 16:15:02"
"Church & Dwight",87.24,"2021-04-12 09:45:04"
"Church & Dwight",87.53,"2021-04-12 11:00:03"
"Church & Dwight",87.44,"2021-04-12 12:00:05"
"Church & Dwight",87.27,"2021-04-12 13:00:03"
"Church & Dwight",87.34,"2021-04-12 14:00:03"
"Church & Dwight",87.14,"2021-04-12 15:00:06"
"Church & Dwight",87.26,"2021-04-12 15:45:01"
"Church & Dwight",87.41,"2021-04-12 16:15:03"
"Church & Dwight",87.18,"2021-04-13 09:45:02"
"Church & Dwight",86.87,"2021-04-13 11:00:01"
"Church & Dwight",87.26,"2021-04-13 12:00:02"
"Church & Dwight",87.13,"2021-04-13 13:00:03"
"Church & Dwight",87.06,"2021-04-13 14:00:03"
"Church & Dwight",87.00,"2021-04-13 15:00:02"
"Church & Dwight",86.72,"2021-04-13 15:45:03"
"Church & Dwight",86.78,"2021-04-13 16:15:03"
"Church & Dwight",86.58,"2021-04-14 09:45:04"
"Church & Dwight",86.73,"2021-04-14 11:00:02"
"Church & Dwight",86.78,"2021-04-14 12:00:04"
"Church & Dwight",86.75,"2021-04-14 13:00:02"
"Church & Dwight",86.90,"2021-04-14 14:00:02"
"Church & Dwight",86.61,"2021-04-14 15:00:08"
"Church & Dwight",87.04,"2021-04-14 15:45:03"
"Church & Dwight",86.89,"2021-04-14 16:15:03"
"Church & Dwight",87.27,"2021-04-15 09:45:04"
"Church & Dwight",87.27,"2021-04-15 11:00:04"
"Church & Dwight",87.29,"2021-04-15 12:00:01"
"Church & Dwight",87.50,"2021-04-15 13:00:03"
"Church & Dwight",87.48,"2021-04-15 14:00:02"
"Church & Dwight",87.44,"2021-04-15 15:00:05"
"Church & Dwight",87.71,"2021-04-15 15:45:03"
"Church & Dwight",87.64,"2021-04-15 16:15:02"
"Church & Dwight",87.53,"2021-04-16 09:45:04"
"Church & Dwight",87.81,"2021-04-16 11:00:02"
"Church & Dwight",87.87,"2021-04-16 12:00:03"
"Church & Dwight",87.88,"2021-04-16 13:00:04"
"Church & Dwight",87.95,"2021-04-16 14:00:02"
"Church & Dwight",88.01,"2021-04-16 15:00:02"
"Church & Dwight",88.15,"2021-04-16 15:45:03"
"Church & Dwight",87.94,"2021-04-16 16:15:03"
"Church & Dwight",85.86,"2021-04-19 09:45:02"
"Church & Dwight",86.67,"2021-04-19 11:00:01"
"Church & Dwight",86.83,"2021-04-19 12:00:07"
"Church & Dwight",86.82,"2021-04-19 13:00:02"
"Church & Dwight",86.77,"2021-04-19 14:00:03"
"Church & Dwight",86.93,"2021-04-19 15:00:04"
"Church & Dwight",87.24,"2021-04-19 15:45:02"
"Church & Dwight",87.34,"2021-04-19 16:15:03"
"Church & Dwight",88.03,"2021-04-20 09:45:03"
"Church & Dwight",89.23,"2021-04-20 11:00:06"
"Church & Dwight",89.98,"2021-04-20 12:00:03"
"Church & Dwight",89.90,"2021-04-20 13:00:02"
"Church & Dwight",89.21,"2021-04-20 14:00:04"
"Church & Dwight",89.17,"2021-04-20 15:00:03"
"Church & Dwight",89.27,"2021-04-20 15:45:04"
"Church & Dwight",89.17,"2021-04-20 16:15:01"
"Church & Dwight",89.29,"2021-04-21 09:45:02"
"Church & Dwight",89.41,"2021-04-21 11:00:05"
"Church & Dwight",89.55,"2021-04-21 12:00:04"
"Church & Dwight",89.48,"2021-04-21 13:00:02"
"Church & Dwight",89.67,"2021-04-21 14:00:02"
"Church & Dwight",89.69,"2021-04-21 15:00:05"
"Church & Dwight",89.93,"2021-04-21 15:45:03"
"Church & Dwight",89.89,"2021-04-21 16:15:03"
"Church & Dwight",89.77,"2021-04-22 09:45:04"
"Church & Dwight",89.75,"2021-04-22 11:00:03"
"Church & Dwight",89.47,"2021-04-22 12:00:03"
"Church & Dwight",89.40,"2021-04-22 13:00:02"
"Church & Dwight",89.35,"2021-04-22 14:00:03"
"Church & Dwight",89.52,"2021-04-22 15:00:04"
"Church & Dwight",89.48,"2021-04-22 15:45:02"
"Church & Dwight",89.63,"2021-04-22 16:15:02"
"Church & Dwight",88.29,"2021-04-23 09:45:02"
"Church & Dwight",88.04,"2021-04-23 11:00:07"
"Church & Dwight",87.91,"2021-04-23 12:00:03"
"Church & Dwight",87.84,"2021-04-23 13:00:02"
"Church & Dwight",87.56,"2021-04-23 14:00:04"
"Church & Dwight",87.42,"2021-04-23 15:00:02"
"Church & Dwight",87.66,"2021-04-23 15:45:03"
"Church & Dwight",87.56,"2021-04-23 16:15:02"
"Church & Dwight",86.55,"2021-04-26 09:45:02"
"Church & Dwight",86.43,"2021-04-26 11:00:04"
"Church & Dwight",86.13,"2021-04-26 12:00:02"
"Church & Dwight",85.73,"2021-04-26 13:00:04"
"Church & Dwight",85.86,"2021-04-26 14:00:02"
"Church & Dwight",86.24,"2021-04-26 15:00:02"
"Church & Dwight",86.03,"2021-04-26 15:45:02"
"Church & Dwight",86.07,"2021-04-26 16:15:02"
"Church & Dwight",85.25,"2021-04-27 09:45:02"
"Church & Dwight",84.46,"2021-04-27 11:00:05"
"Church & Dwight",84.85,"2021-04-27 12:00:01"
"Church & Dwight",84.91,"2021-04-27 13:00:02"
"Church & Dwight",84.91,"2021-04-27 14:00:03"
"Church & Dwight",84.82,"2021-04-27 15:00:05"
"Church & Dwight",84.95,"2021-04-27 15:45:03"
"Church & Dwight",84.77,"2021-04-27 16:15:02"
"Church & Dwight",84.74,"2021-04-28 09:45:04"
"Church & Dwight",84.27,"2021-04-28 11:00:02"
"Church & Dwight",84.30,"2021-04-28 12:00:03"
"Church & Dwight",84.18,"2021-04-28 13:00:03"
"Church & Dwight",84.15,"2021-04-28 14:00:02"
"Church & Dwight",84.46,"2021-04-28 15:00:02"
"Church & Dwight",84.36,"2021-04-28 15:45:04"
"Church & Dwight",84.40,"2021-04-28 16:15:02"
"Church & Dwight",84.85,"2021-04-29 09:45:04"
"Church & Dwight",85.17,"2021-04-29 11:00:03"
"Church & Dwight",85.65,"2021-04-29 12:00:05"
"Church & Dwight",85.79,"2021-04-29 13:00:02"
"Church & Dwight",85.51,"2021-04-29 14:00:02"
"Church & Dwight",85.90,"2021-04-29 15:00:02"
"Church & Dwight",86.05,"2021-04-29 15:45:01"
"Church & Dwight",85.90,"2021-04-29 16:15:02"
"Church & Dwight",84.91,"2021-04-30 09:45:02"
"Church & Dwight",85.03,"2021-04-30 11:00:02"
"Church & Dwight",84.97,"2021-04-30 12:00:05"
"Church & Dwight",85.04,"2021-04-30 13:00:03"
"Church & Dwight",85.11,"2021-04-30 14:00:04"
"Church & Dwight",85.41,"2021-04-30 15:00:02"
"Church & Dwight",85.49,"2021-04-30 15:45:03"
"Church & Dwight",85.74,"2021-04-30 16:15:04"
"Church & Dwight",85.44,"2021-05-03 09:45:03"
"Church & Dwight",86.99,"2021-05-03 11:00:04"
"Church & Dwight",87.39,"2021-05-03 12:00:04"
"Church & Dwight",87.59,"2021-05-03 13:00:03"
"Church & Dwight",87.49,"2021-05-03 14:00:02"
"Church & Dwight",87.75,"2021-05-03 15:00:02"
"Church & Dwight",87.56,"2021-05-03 15:45:02"
"Church & Dwight",87.45,"2021-05-03 16:15:02"
"Church & Dwight",87.97,"2021-05-04 09:45:02"
"Church & Dwight",88.98,"2021-05-04 11:00:06"
"Church & Dwight",89.26,"2021-05-04 12:00:11"
"Church & Dwight",89.20,"2021-05-04 13:00:03"
"Church & Dwight",89.10,"2021-05-04 14:00:03"
"Church & Dwight",89.30,"2021-05-04 15:00:04"
"Church & Dwight",89.13,"2021-05-04 15:45:02"
"Church & Dwight",89.42,"2021-05-04 16:15:03"
"Church & Dwight",88.63,"2021-05-05 09:45:04"
"Church & Dwight",88.32,"2021-05-05 11:00:03"
"Church & Dwight",87.79,"2021-05-05 12:00:04"
"Church & Dwight",88.02,"2021-05-05 13:00:02"
"Church & Dwight",88.21,"2021-05-05 14:00:02"
"Church & Dwight",88.30,"2021-05-05 15:00:02"
"Church & Dwight",88.24,"2021-05-05 15:45:03"
"Church & Dwight",88.79,"2021-05-05 16:15:03"
"Church & Dwight",88.78,"2021-05-06 09:45:01"
"Church & Dwight",88.60,"2021-05-06 11:00:01"
"Church & Dwight",88.91,"2021-05-06 12:00:03"
"Church & Dwight",88.79,"2021-05-06 13:00:02"
"Church & Dwight",88.66,"2021-05-06 14:00:03"
"Church & Dwight",88.48,"2021-05-06 15:00:03"
"Church & Dwight",88.48,"2021-05-06 15:45:03"
"Church & Dwight",88.48,"2021-05-06 16:15:04"
"Church & Dwight",88.47,"2021-05-07 09:45:03"
"Church & Dwight",88.23,"2021-05-07 11:00:02"
"Church & Dwight",88.09,"2021-05-07 12:00:03"
"Church & Dwight",87.74,"2021-05-07 13:00:02"
"Church & Dwight",87.63,"2021-05-07 14:00:02"
"Church & Dwight",87.68,"2021-05-07 15:00:02"
"Church & Dwight",87.55,"2021-05-07 15:45:03"
"Church & Dwight",87.43,"2021-05-07 16:15:02"
"Church & Dwight",88.29,"2021-05-10 09:45:03"
"Church & Dwight",89.17,"2021-05-10 11:00:02"
"Church & Dwight",89.58,"2021-05-10 12:00:03"
"Church & Dwight",89.40,"2021-05-10 13:00:03"
"Church & Dwight",89.64,"2021-05-10 14:00:03"
"Church & Dwight",89.50,"2021-05-10 15:00:03"
"Church & Dwight",89.54,"2021-05-10 15:45:02"
"Church & Dwight",89.39,"2021-05-10 16:15:03"
"Church & Dwight",86.98,"2021-07-11 11:54:41"
"Church & Dwight",86.75,"2021-07-12 09:45:03"
"Church & Dwight",86.56,"2021-07-12 11:00:03"
"Church & Dwight",86.23,"2021-07-12 12:00:03"
"Church & Dwight",86.44,"2021-07-12 13:00:03"
"Church & Dwight",86.38,"2021-07-12 14:00:03"
"Church & Dwight",86.38,"2021-07-12 15:00:02"
"Church & Dwight",86.44,"2021-07-12 15:45:02"
"Church & Dwight",86.52,"2021-07-12 16:15:02"
"Church & Dwight",86.25,"2021-07-13 09:45:03"
"Church & Dwight",86.55,"2021-07-13 11:00:03"
"Church & Dwight",86.55,"2021-07-13 12:00:03"
"Church & Dwight",86.65,"2021-07-13 13:00:02"
"Church & Dwight",86.31,"2021-07-13 14:00:03"
"Church & Dwight",86.09,"2021-07-13 15:00:02"
"Church & Dwight",86.10,"2021-07-13 15:45:03"
"Church & Dwight",86.03,"2021-07-13 16:15:03"
"Church & Dwight",84.91,"2021-07-14 09:45:02"
"Church & Dwight",85.85,"2021-07-14 11:00:03"
"Church & Dwight",85.95,"2021-07-14 12:00:05"
"Church & Dwight",85.73,"2021-07-14 13:00:02"
"Church & Dwight",85.70,"2021-07-14 14:00:03"
"Church & Dwight",85.96,"2021-07-14 15:00:02"
"Church & Dwight",86.07,"2021-07-14 15:45:03"
"Church & Dwight",85.96,"2021-07-14 16:15:02"
"Church & Dwight",86.03,"2021-07-15 09:45:02"
"Church & Dwight",85.38,"2021-07-15 11:00:03"
"Church & Dwight",85.14,"2021-07-15 12:00:03"
"Church & Dwight",85.57,"2021-07-15 13:00:02"
"Church & Dwight",86.01,"2021-07-15 14:00:03"
"Church & Dwight",85.95,"2021-07-15 15:00:02"
"Church & Dwight",86.37,"2021-07-15 15:45:03"
"Church & Dwight",86.46,"2021-07-15 16:15:02"
"Church & Dwight",86.81,"2021-07-16 09:45:04"
"Church & Dwight",87.16,"2021-07-16 11:00:04"
"Church & Dwight",87.24,"2021-07-16 12:00:03"
"Church & Dwight",87.12,"2021-07-16 13:00:03"
"Church & Dwight",87.15,"2021-07-16 14:00:02"
"Church & Dwight",87.42,"2021-07-16 15:00:03"
"Church & Dwight",87.57,"2021-07-16 15:45:02"
"Church & Dwight",87.33,"2021-07-16 16:15:02"
"Church & Dwight",88.26,"2021-07-19 09:45:04"
"Church & Dwight",87.99,"2021-07-19 11:00:03"
"Church & Dwight",87.35,"2021-07-19 12:00:02"
"Church & Dwight",87.30,"2021-07-19 13:00:03"
"Church & Dwight",86.82,"2021-07-19 14:00:03"
"Church & Dwight",86.75,"2021-07-19 15:00:03"
"Church & Dwight",87.07,"2021-07-19 15:45:03"
"Church & Dwight",87.51,"2021-07-19 16:15:02"
"Church & Dwight",88.14,"2021-07-20 09:45:02"
"Church & Dwight",87.85,"2021-07-20 11:00:02"
"Church & Dwight",87.57,"2021-07-20 12:00:03"
"Church & Dwight",87.42,"2021-07-20 13:00:03"
"Church & Dwight",87.24,"2021-07-20 14:00:03"
"Church & Dwight",87.15,"2021-07-20 15:00:02"
"Church & Dwight",87.27,"2021-07-20 15:45:03"
"Church & Dwight",86.99,"2021-07-20 16:15:02"
"Church & Dwight",86.58,"2021-07-21 09:45:03"
"Church & Dwight",86.37,"2021-07-21 11:00:02"
"Church & Dwight",85.38,"2021-07-21 12:00:03"
"Church & Dwight",85.20,"2021-07-21 13:00:03"
"Church & Dwight",85.04,"2021-07-21 14:00:04"
"Church & Dwight",85.67,"2021-07-21 15:00:02"
"Church & Dwight",85.28,"2021-07-21 15:45:02"
"Church & Dwight",85.06,"2021-07-21 16:15:03"
"Church & Dwight",84.07,"2021-07-22 09:45:02"
"Church & Dwight",85.33,"2021-07-22 11:00:02"
"Church & Dwight",84.81,"2021-07-22 13:00:02"
"Church & Dwight",84.83,"2021-07-22 14:00:02"
"Church & Dwight",85.20,"2021-07-22 15:00:02"
"Church & Dwight",85.36,"2021-07-22 15:45:03"
"Church & Dwight",85.16,"2021-07-22 16:15:03"
"Church & Dwight",84.54,"2021-07-23 09:45:04"
"Church & Dwight",85.55,"2021-07-23 11:00:01"
"Church & Dwight",85.76,"2021-07-23 12:00:04"
"Church & Dwight",86.27,"2021-07-23 13:00:02"
"Church & Dwight",86.23,"2021-07-23 14:00:02"
"Church & Dwight",86.35,"2021-07-23 15:00:02"
"Church & Dwight",86.51,"2021-07-23 15:45:03"
"Church & Dwight",86.48,"2021-07-23 16:15:02"
"Church & Dwight",86.55,"2021-07-26 09:45:02"
"Church & Dwight",86.56,"2021-07-26 11:00:04"
"Church & Dwight",86.78,"2021-07-26 12:00:03"
"Church & Dwight",86.83,"2021-07-26 13:00:04"
"Church & Dwight",86.72,"2021-07-26 14:00:03"
"Church & Dwight",86.52,"2021-07-26 15:00:02"
"Church & Dwight",86.43,"2021-07-26 15:45:03"
"Church & Dwight",86.44,"2021-07-26 16:15:02"
"Church & Dwight",86.67,"2021-07-27 09:45:02"
"Church & Dwight",87.85,"2021-07-27 11:00:03"
"Church & Dwight",87.91,"2021-07-27 12:00:02"
"Church & Dwight",87.45,"2021-07-27 13:00:02"
"Church & Dwight",87.16,"2021-07-27 14:00:03"
"Church & Dwight",86.97,"2021-07-27 15:00:03"
"Church & Dwight",86.88,"2021-07-27 15:45:02"
"Church & Dwight",87.05,"2021-07-27 16:15:03"
"Church & Dwight",86.95,"2021-07-28 09:45:02"
"Church & Dwight",86.62,"2021-07-28 11:00:02"
"Church & Dwight",86.10,"2021-07-28 12:00:02"
"Church & Dwight",85.98,"2021-07-28 13:00:03"
"Church & Dwight",86.10,"2021-07-28 14:00:02"
"Church & Dwight",86.33,"2021-07-28 15:00:01"
"Church & Dwight",86.31,"2021-07-28 15:45:04"
"Church & Dwight",86.30,"2021-07-28 16:15:03"
"Church & Dwight",87.03,"2021-07-29 09:45:03"
"Church & Dwight",86.51,"2021-07-29 11:00:02"
"Church & Dwight",86.61,"2021-07-29 12:00:02"
"Church & Dwight",86.72,"2021-07-29 13:00:03"
"Church & Dwight",86.85,"2021-07-29 14:00:02"
"Church & Dwight",86.73,"2021-07-29 15:00:03"
"Church & Dwight",86.98,"2021-07-29 15:45:03"
"Church & Dwight",86.91,"2021-07-29 16:15:04"
"Church & Dwight",86.41,"2021-07-30 09:45:02"
"Church & Dwight",87.48,"2021-07-30 11:00:02"
"Church & Dwight",87.44,"2021-07-30 12:00:03"
"Church & Dwight",87.48,"2021-07-30 13:00:02"
"Church & Dwight",87.22,"2021-07-30 14:00:04"
"Church & Dwight",86.97,"2021-07-30 15:00:02"
"Church & Dwight",86.49,"2021-07-30 15:45:03"
"Church & Dwight",86.58,"2021-07-30 16:15:03"
"Church & Dwight",85.16,"2021-08-02 09:45:03"
"Church & Dwight",86.30,"2021-08-02 11:00:02"
"Church & Dwight",86.47,"2021-08-02 12:00:04"
"Church & Dwight",85.77,"2021-08-02 13:00:02"
"Church & Dwight",85.64,"2021-08-02 14:00:03"
"Church & Dwight",85.71,"2021-08-02 15:00:02"
"Church & Dwight",85.59,"2021-08-02 15:45:03"
"Church & Dwight",85.60,"2021-08-02 16:15:02"
"Church & Dwight",85.18,"2021-08-03 09:45:05"
"Church & Dwight",85.36,"2021-08-03 11:00:04"
"Church & Dwight",85.18,"2021-08-03 12:00:04"
"Church & Dwight",85.27,"2021-08-03 13:00:02"
"Church & Dwight",85.24,"2021-08-03 14:00:02"
"Church & Dwight",85.10,"2021-08-03 15:00:03"
"Church & Dwight",85.30,"2021-08-03 15:45:02"
"Church & Dwight",85.14,"2021-08-03 16:15:04"
"Church & Dwight",84.86,"2021-08-04 09:45:02"
"Church & Dwight",83.60,"2021-08-04 11:00:04"
"Church & Dwight",83.84,"2021-08-04 12:00:04"
"Church & Dwight",83.77,"2021-08-04 13:00:04"
"Church & Dwight",83.93,"2021-08-04 14:00:02"
"Church & Dwight",83.87,"2021-08-04 15:00:02"
"Church & Dwight",84.00,"2021-08-04 15:45:01"
"Church & Dwight",83.77,"2021-08-04 16:15:03"
"Church & Dwight",84.18,"2021-08-05 09:45:03"
"Church & Dwight",83.83,"2021-08-05 11:00:04"
"Church & Dwight",83.81,"2021-08-05 12:00:03"
"Church & Dwight",83.84,"2021-08-05 13:00:02"
"Church & Dwight",83.68,"2021-08-05 14:00:03"
"Church & Dwight",83.39,"2021-08-05 15:00:02"
"Church & Dwight",83.49,"2021-08-05 15:45:04"
"Church & Dwight",83.75,"2021-08-05 16:15:03"
"Church & Dwight",83.86,"2021-08-06 09:45:02"
"Church & Dwight",83.16,"2021-08-06 11:00:04"
"Church & Dwight",83.37,"2021-08-06 12:00:02"
"Church & Dwight",83.26,"2021-08-06 13:00:02"
"Church & Dwight",83.46,"2021-08-06 14:00:03"
"Church & Dwight",83.38,"2021-08-06 15:00:04"
"Church & Dwight",83.43,"2021-08-06 15:45:03"
"Church & Dwight",83.51,"2021-08-06 16:15:03"
"Church & Dwight",83.74,"2021-08-09 09:45:02"
"Church & Dwight",83.55,"2021-08-09 11:00:02"
"Church & Dwight",83.46,"2021-08-09 12:00:03"
"Church & Dwight",83.58,"2021-08-09 13:00:03"
"Church & Dwight",83.78,"2021-08-09 14:00:04"
"Church & Dwight",83.79,"2021-08-09 15:00:03"
"Church & Dwight",84.12,"2021-08-09 15:45:03"
"Church & Dwight",84.13,"2021-08-09 16:15:03"
"Church & Dwight",84.15,"2021-08-10 09:45:04"
"Church & Dwight",83.80,"2021-08-10 11:00:03"
"Church & Dwight",83.79,"2021-08-10 12:00:03"
"Church & Dwight",83.48,"2021-08-10 13:00:03"
"Church & Dwight",83.75,"2021-08-10 14:00:04"
"Church & Dwight",83.91,"2021-08-10 15:00:03"
"Church & Dwight",84.01,"2021-08-10 15:45:03"
"Church & Dwight",84.13,"2021-08-10 16:15:02"
"Church & Dwight",84.22,"2021-08-11 09:45:03"
"Church & Dwight",84.28,"2021-08-11 11:00:02"
"Church & Dwight",84.71,"2021-08-11 12:00:04"
"Church & Dwight",84.20,"2021-08-11 13:00:04"
"Church & Dwight",84.41,"2021-08-11 14:00:02"
"Church & Dwight",84.37,"2021-08-11 15:00:03"
"Church & Dwight",84.34,"2021-08-11 15:45:03"
"Church & Dwight",84.25,"2021-08-11 16:15:03"
"Church & Dwight",84.46,"2021-08-12 09:45:03"
"Church & Dwight",84.16,"2021-08-12 11:00:04"
"Church & Dwight",84.07,"2021-08-12 12:00:04"
"Church & Dwight",84.28,"2021-08-12 13:00:03"
"Church & Dwight",84.42,"2021-08-12 14:00:02"
"Church & Dwight",84.36,"2021-08-12 15:00:02"
"Church & Dwight",84.24,"2021-08-12 15:45:04"
"Church & Dwight",84.32,"2021-08-12 16:15:03"
"Church & Dwight",84.21,"2021-08-13 09:45:03"
"Church & Dwight",84.62,"2021-08-13 11:00:02"
"Church & Dwight",84.76,"2021-08-13 12:00:02"
"Church & Dwight",84.84,"2021-08-13 13:00:04"
"Church & Dwight",84.91,"2021-08-13 14:00:03"
"Church & Dwight",85.12,"2021-08-13 15:00:03"
"Church & Dwight",85.06,"2021-08-13 15:45:02"
"Church & Dwight",85.10,"2021-08-13 16:15:02"
"Church & Dwight",85.44,"2021-08-16 09:45:03"
"Church & Dwight",86.06,"2021-08-16 11:00:02"
"Church & Dwight",86.09,"2021-08-16 12:00:04"
"Church & Dwight",86.33,"2021-08-16 13:00:04"
"Church & Dwight",86.02,"2021-08-16 14:00:02"
"Church & Dwight",85.90,"2021-08-16 15:00:04"
"Church & Dwight",86.09,"2021-08-16 15:45:01"
"Church & Dwight",86.21,"2021-08-16 16:15:03"
"Church & Dwight",86.14,"2021-08-17 09:45:02"
"Church & Dwight",86.53,"2021-08-17 11:00:03"
"Church & Dwight",86.53,"2021-08-17 12:00:04"
"Church & Dwight",86.36,"2021-08-17 13:00:03"
"Church & Dwight",86.17,"2021-08-17 14:00:03"
"Church & Dwight",86.16,"2021-08-17 15:00:02"
"Church & Dwight",86.43,"2021-08-17 15:45:03"
"Church & Dwight",86.59,"2021-08-17 16:15:02"
"Church & Dwight",86.06,"2021-08-18 09:45:03"
"Church & Dwight",85.53,"2021-08-18 11:00:03"
"Church & Dwight",85.09,"2021-08-18 12:00:02"
"Church & Dwight",85.34,"2021-08-18 13:00:02"
"Church & Dwight",85.28,"2021-08-18 14:00:02"
"Church & Dwight",84.94,"2021-08-18 15:00:04"
"Church & Dwight",84.84,"2021-08-18 15:45:03"
"Church & Dwight",84.75,"2021-08-18 16:15:03"
"Church & Dwight",85.74,"2021-08-19 09:45:02"
"Church & Dwight",86.27,"2021-08-19 11:00:02"
"Church & Dwight",86.53,"2021-08-19 12:00:03"
"Church & Dwight",86.36,"2021-08-19 13:00:03"
"Church & Dwight",85.91,"2021-08-19 14:00:03"
"Church & Dwight",86.35,"2021-08-19 15:00:03"
"Church & Dwight",86.27,"2021-08-19 15:45:02"
"Church & Dwight",86.39,"2021-08-19 16:15:08"
"Church & Dwight",86.52,"2021-08-20 09:45:03"
"Church & Dwight",86.55,"2021-08-20 11:00:04"
"Church & Dwight",86.46,"2021-08-20 12:00:03"
"Church & Dwight",86.33,"2021-08-20 13:00:03"
"Church & Dwight",86.08,"2021-08-20 14:00:01"
"Church & Dwight",86.06,"2021-08-20 15:00:03"
"Church & Dwight",86.18,"2021-08-20 15:45:03"
"Church & Dwight",86.02,"2021-08-20 16:15:02"
"Church & Dwight",85.57,"2021-08-23 09:45:01"
"Church & Dwight",85.61,"2021-08-23 11:00:03"
"Church & Dwight",85.53,"2021-08-23 12:00:03"
"Church & Dwight",85.50,"2021-08-23 13:00:03"
"Church & Dwight",85.33,"2021-08-23 14:00:04"
"Church & Dwight",85.24,"2021-08-23 15:00:03"
"Church & Dwight",85.03,"2021-08-23 15:45:04"
"Church & Dwight",84.92,"2021-08-23 16:15:08"
"Church & Dwight",84.08,"2021-08-24 09:45:04"
"Church & Dwight",83.86,"2021-08-24 11:00:03"
"Church & Dwight",83.78,"2021-08-24 12:00:02"
"Church & Dwight",83.51,"2021-08-24 13:00:02"
"Church & Dwight",83.55,"2021-08-24 14:00:04"
"Church & Dwight",83.59,"2021-08-24 15:00:03"
"Church & Dwight",83.40,"2021-08-24 15:45:04"
"Church & Dwight",83.14,"2021-08-24 16:15:03"
"Church & Dwight",82.76,"2021-08-25 09:45:03"
"Church & Dwight",82.27,"2021-08-25 11:00:02"
"Church & Dwight",82.46,"2021-08-25 12:00:03"
"Church & Dwight",82.64,"2021-08-25 13:00:03"
"Church & Dwight",82.55,"2021-08-25 14:00:03"
"Church & Dwight",82.77,"2021-08-25 15:00:02"
"Church & Dwight",82.69,"2021-08-25 15:45:03"
"Church & Dwight",82.35,"2021-08-25 16:15:08"
"Church & Dwight",82.58,"2021-08-26 09:45:03"
"Church & Dwight",82.27,"2021-08-26 11:00:03"
"Church & Dwight",82.37,"2021-08-26 12:00:03"
"Church & Dwight",82.46,"2021-08-26 13:00:03"
"Church & Dwight",82.41,"2021-08-26 14:00:03"
"Church & Dwight",82.60,"2021-08-26 15:00:03"
"Church & Dwight",82.47,"2021-08-26 15:45:01"
"Church & Dwight",82.39,"2021-08-26 16:15:08"
"Church & Dwight",82.13,"2021-08-27 09:45:02"
"Church & Dwight",82.67,"2021-08-27 11:00:03"
"Church & Dwight",82.65,"2021-08-27 12:00:04"
"Church & Dwight",82.80,"2021-08-27 13:00:03"
"Church & Dwight",82.80,"2021-08-27 14:00:02"
"Church & Dwight",82.74,"2021-08-27 15:00:04"
"Church & Dwight",82.81,"2021-08-27 15:45:03"
"Church & Dwight",82.71,"2021-08-27 16:15:08"
"Church & Dwight",83.33,"2021-08-30 09:45:02"
"Church & Dwight",83.41,"2021-08-30 11:00:03"
"Church & Dwight",83.42,"2021-08-30 12:00:03"
"Church & Dwight",83.43,"2021-08-30 13:00:03"
"Church & Dwight",83.50,"2021-08-30 14:00:02"
"Church & Dwight",83.35,"2021-08-30 15:00:03"
"Church & Dwight",83.47,"2021-08-30 15:45:03"
"Church & Dwight",83.56,"2021-08-30 16:15:03"
"Church & Dwight",83.51,"2021-08-31 09:45:03"
"Church & Dwight",83.51,"2021-08-31 11:00:03"
"Church & Dwight",83.44,"2021-08-31 12:00:03"
"Church & Dwight",83.27,"2021-08-31 13:00:04"
"Church & Dwight",83.31,"2021-08-31 14:00:03"
"Church & Dwight",83.42,"2021-08-31 15:00:03"
"Church & Dwight",83.70,"2021-08-31 15:45:02"
"Church & Dwight",83.66,"2021-08-31 16:15:02"
"Church & Dwight",83.83,"2021-09-01 09:45:02"
"Church & Dwight",83.81,"2021-09-01 11:00:03"
"Church & Dwight",84.31,"2021-09-01 12:00:03"
"Church & Dwight",84.23,"2021-09-01 13:00:01"
"Church & Dwight",84.14,"2021-09-01 14:00:04"
"Church & Dwight",84.20,"2021-09-01 15:00:02"
"Church & Dwight",84.19,"2021-09-01 15:45:02"
"Church & Dwight",84.33,"2021-09-01 16:15:02"
"Church & Dwight",84.62,"2021-09-02 09:45:03"
"Church & Dwight",84.21,"2021-09-02 11:00:02"
"Church & Dwight",84.09,"2021-09-02 12:00:03"
"Church & Dwight",84.15,"2021-09-02 13:00:02"
"Church & Dwight",84.11,"2021-09-02 14:00:02"
"Church & Dwight",84.09,"2021-09-02 15:00:04"
"Church & Dwight",84.11,"2021-09-02 15:45:02"
"Church & Dwight",84.31,"2021-09-02 16:15:02"
"Church & Dwight",84.21,"2021-09-03 09:45:02"
"Church & Dwight",84.71,"2021-09-03 11:00:03"
"Church & Dwight",84.54,"2021-09-03 12:00:04"
"Church & Dwight",84.58,"2021-09-03 13:00:03"
"Church & Dwight",84.71,"2021-09-03 14:00:02"
"Church & Dwight",84.55,"2021-09-03 15:00:02"
"Church & Dwight",84.36,"2021-09-03 15:45:03"
"Church & Dwight",84.39,"2021-09-03 16:15:03"
"Church & Dwight",84.39,"2021-09-06 09:45:03"
"Church & Dwight",84.39,"2021-09-06 11:00:03"
"Church & Dwight",84.39,"2021-09-06 12:00:04"
"Church & Dwight",84.39,"2021-09-06 13:00:02"
"Church & Dwight",84.39,"2021-09-06 14:00:04"
"Church & Dwight",84.39,"2021-09-06 15:00:03"
"Church & Dwight",84.39,"2021-09-06 15:45:04"
"Church & Dwight",84.39,"2021-09-06 16:15:03"
"Church & Dwight",83.85,"2021-09-07 09:45:02"
"Church & Dwight",83.77,"2021-09-07 11:00:02"
"Church & Dwight",83.91,"2021-09-07 12:00:02"
"Church & Dwight",84.07,"2021-09-07 13:00:04"
"Church & Dwight",84.23,"2021-09-07 14:00:02"
"Church & Dwight",84.05,"2021-09-07 15:00:03"
"Church & Dwight",83.97,"2021-09-07 15:45:03"
"Church & Dwight",83.99,"2021-09-07 16:15:03"
"Church & Dwight",84.52,"2021-09-08 09:45:03"
"Church & Dwight",85.83,"2021-09-08 11:00:03"
"Church & Dwight",85.79,"2021-09-08 12:00:03"
"Church & Dwight",85.10,"2021-09-08 13:00:03"
"Church & Dwight",84.81,"2021-09-08 14:00:03"
"Church & Dwight",84.57,"2021-09-08 15:00:03"
"Church & Dwight",84.58,"2021-09-08 15:45:02"
"Church & Dwight",84.60,"2021-09-08 16:15:03"
"Church & Dwight",83.87,"2021-09-09 09:45:03"
"Church & Dwight",83.24,"2021-09-09 11:00:03"
"Church & Dwight",83.17,"2021-09-09 12:00:04"
"Church & Dwight",83.41,"2021-09-09 13:00:03"
"Church & Dwight",83.68,"2021-09-09 14:00:03"
"Church & Dwight",83.90,"2021-09-09 15:00:02"
"Church & Dwight",83.46,"2021-09-09 15:45:03"
"Church & Dwight",83.46,"2021-09-09 16:15:07"
"Church & Dwight",82.91,"2021-09-10 09:45:02"
"Church & Dwight",82.70,"2021-09-10 11:00:03"
"Church & Dwight",82.77,"2021-09-10 12:00:04"
"Church & Dwight",83.02,"2021-09-10 13:00:03"
"Church & Dwight",83.00,"2021-09-10 14:00:03"
"Church & Dwight",83.00,"2021-09-10 15:00:02"
"Church & Dwight",82.92,"2021-09-10 15:45:11"
"Church & Dwight",82.71,"2021-09-10 16:15:08"
"Church & Dwight",83.49,"2021-09-13 09:45:03"
"Church & Dwight",83.37,"2021-09-13 11:00:02"
"Church & Dwight",83.88,"2021-09-13 12:00:03"
"Church & Dwight",83.50,"2021-09-13 13:00:02"
"Church & Dwight",83.32,"2021-09-13 14:00:03"
"Church & Dwight",83.19,"2021-09-13 15:00:03"
"Church & Dwight",83.30,"2021-09-13 15:45:03"
"Church & Dwight",83.34,"2021-09-13 16:15:03"
"Church & Dwight",83.39,"2021-09-14 09:45:03"
"Church & Dwight",83.10,"2021-09-14 11:00:03"
"Church & Dwight",82.97,"2021-09-14 12:00:03"
"Church & Dwight",83.07,"2021-09-14 13:00:03"
"Church & Dwight",83.36,"2021-09-14 14:00:05"
"Church & Dwight",83.64,"2021-09-14 15:00:03"
"Church & Dwight",83.70,"2021-09-14 15:45:03"
"Church & Dwight",83.71,"2021-09-14 16:15:08"
"Church & Dwight",83.74,"2021-09-15 09:45:03"
"Church & Dwight",83.63,"2021-09-15 11:00:03"
"Church & Dwight",83.35,"2021-09-15 12:00:03"
"Church & Dwight",83.60,"2021-09-15 13:00:04"
"Church & Dwight",83.67,"2021-09-15 14:00:02"
"Church & Dwight",83.53,"2021-09-15 15:00:03"
"Church & Dwight",83.58,"2021-09-15 15:45:02"
"Church & Dwight",83.65,"2021-09-15 16:15:08"
"Church & Dwight",83.59,"2021-09-16 09:45:04"
"Church & Dwight",83.04,"2021-09-16 11:00:04"
"Church & Dwight",83.21,"2021-09-16 12:00:03"
"Church & Dwight",83.31,"2021-09-16 13:00:02"
"Church & Dwight",83.41,"2021-09-16 14:00:04"
"Church & Dwight",83.51,"2021-09-16 15:00:03"
"Church & Dwight",83.46,"2021-09-16 15:45:03"
"Church & Dwight",83.49,"2021-09-16 16:15:09"
"Church & Dwight",83.64,"2021-09-17 09:45:04"
"Church & Dwight",83.51,"2021-09-17 11:00:04"
"Church & Dwight",83.68,"2021-09-17 12:00:03"
"Church & Dwight",83.84,"2021-09-17 13:00:04"
"Church & Dwight",83.80,"2021-09-17 14:00:04"
"Church & Dwight",83.83,"2021-09-17 15:00:03"
"Church & Dwight",83.71,"2021-09-17 15:45:04"
"Church & Dwight",83.59,"2021-09-17 16:15:05"
"Church & Dwight",83.56,"2021-09-20 09:45:03"
"Church & Dwight",83.52,"2021-09-20 11:00:02"
"Church & Dwight",83.53,"2021-09-20 12:00:04"
"Church & Dwight",83.56,"2021-09-20 13:00:06"
"Church & Dwight",83.64,"2021-09-20 14:00:02"
"Church & Dwight",83.52,"2021-09-20 15:00:02"
"Church & Dwight",83.69,"2021-09-20 15:45:04"
"Church & Dwight",83.70,"2021-09-20 16:15:09"
"Church & Dwight",84.26,"2021-09-21 09:45:03"
"Church & Dwight",84.31,"2021-09-21 11:00:03"
"Church & Dwight",84.54,"2021-09-21 12:00:03"
"Church & Dwight",84.25,"2021-09-21 13:00:03"
"Church & Dwight",83.99,"2021-09-21 14:00:04"
"Church & Dwight",84.10,"2021-09-21 15:00:03"
"Church & Dwight",84.17,"2021-09-21 15:45:08"
"Church & Dwight",84.12,"2021-09-21 16:15:02"
"Church & Dwight",84.21,"2021-09-22 09:45:03"
"Church & Dwight",84.12,"2021-09-22 11:00:04"
"Church & Dwight",84.00,"2021-09-22 12:00:03"
"Church & Dwight",83.80,"2021-09-22 13:00:09"
"Church & Dwight",83.40,"2021-09-22 14:00:04"
"Church & Dwight",83.22,"2021-09-22 15:00:09"
"Church & Dwight",83.19,"2021-09-22 15:45:02"
"Church & Dwight",83.21,"2021-09-22 16:15:02"
"Church & Dwight",83.29,"2021-09-23 09:45:03"
"Church & Dwight",82.99,"2021-09-23 11:00:04"
"Church & Dwight",83.00,"2021-09-23 12:00:05"
"Church & Dwight",83.03,"2021-09-23 13:00:05"
"Church & Dwight",83.16,"2021-09-23 14:00:03"
"Church & Dwight",83.43,"2021-09-23 15:00:02"
"Church & Dwight",83.27,"2021-09-23 15:45:04"
"Church & Dwight",83.27,"2021-09-23 16:15:01"
"Church & Dwight",82.98,"2021-09-24 09:45:04"
"Church & Dwight",82.82,"2021-09-24 11:00:03"
"Church & Dwight",82.64,"2021-09-24 12:00:03"
"Church & Dwight",82.69,"2021-09-24 13:00:02"
"Church & Dwight",82.94,"2021-09-24 14:00:02"
"Church & Dwight",83.13,"2021-09-24 15:00:02"
"Church & Dwight",83.08,"2021-09-24 15:45:03"
"Church & Dwight",83.07,"2021-09-24 16:15:08"
"Church & Dwight",82.61,"2021-09-27 09:45:03"
"Church & Dwight",82.87,"2021-09-27 11:00:03"
"Church & Dwight",82.88,"2021-09-27 12:00:02"
"Church & Dwight",82.75,"2021-09-27 13:00:04"
"Church & Dwight",82.77,"2021-09-27 14:00:03"
"Church & Dwight",82.76,"2021-09-27 15:00:03"
"Church & Dwight",82.71,"2021-09-27 15:45:03"
"Church & Dwight",82.56,"2021-09-27 16:15:03"
"Church & Dwight",83.11,"2021-09-28 09:45:03"
"Church & Dwight",82.95,"2021-09-28 11:00:02"
"Church & Dwight",82.92,"2021-09-28 12:00:03"
"Church & Dwight",82.87,"2021-09-28 13:00:02"
"Church & Dwight",83.11,"2021-09-28 14:00:02"
"Church & Dwight",83.23,"2021-09-28 15:00:02"
"Church & Dwight",83.39,"2021-09-28 15:45:03"
"Church & Dwight",83.30,"2021-09-28 16:15:02"
"Church & Dwight",83.64,"2021-09-29 09:45:02"
"Church & Dwight",84.33,"2021-09-29 11:00:04"
"Church & Dwight",84.45,"2021-09-29 12:00:02"
"Church & Dwight",84.66,"2021-09-29 13:00:02"
"Church & Dwight",84.27,"2021-09-29 14:00:03"
"Church & Dwight",84.53,"2021-09-29 15:00:03"
"Church & Dwight",84.38,"2021-09-29 15:45:02"
"Church & Dwight",84.26,"2021-09-29 16:15:02"
"Church & Dwight",84.26,"2021-09-30 09:45:03"
"Church & Dwight",83.70,"2021-09-30 11:00:02"
"Church & Dwight",83.30,"2021-09-30 12:00:04"
"Church & Dwight",83.40,"2021-09-30 13:00:03"
"Church & Dwight",83.08,"2021-09-30 14:00:04"
"Church & Dwight",83.46,"2021-09-30 15:00:04"
"Church & Dwight",83.13,"2021-09-30 15:45:02"
"Church & Dwight",82.57,"2021-09-30 16:15:09"
"Church & Dwight",82.08,"2021-10-01 09:45:02"
"Church & Dwight",82.14,"2021-10-01 11:00:02"
"Church & Dwight",82.47,"2021-10-01 12:00:03"
"Church & Dwight",82.38,"2021-10-01 13:00:03"
"Church & Dwight",82.72,"2021-10-01 14:00:02"
"Church & Dwight",82.80,"2021-10-01 15:00:03"
"Church & Dwight",82.59,"2021-10-01 15:45:04"
"Church & Dwight",82.24,"2021-10-01 16:15:01"
"Church & Dwight",82.62,"2021-10-04 09:45:03"
"Church & Dwight",81.87,"2021-10-04 11:00:03"
"Church & Dwight",81.68,"2021-10-04 12:00:02"
"Church & Dwight",81.78,"2021-10-04 13:00:02"
"Church & Dwight",81.59,"2021-10-04 14:00:04"
"Church & Dwight",81.73,"2021-10-04 15:00:03"
"Church & Dwight",81.89,"2021-10-04 15:45:04"
"Church & Dwight",81.73,"2021-10-04 16:15:03"
"Church & Dwight",81.77,"2021-10-05 09:45:02"
"Church & Dwight",81.20,"2021-10-05 11:00:04"
"Church & Dwight",81.64,"2021-10-05 12:00:04"
"Church & Dwight",81.56,"2021-10-05 13:00:02"
"Church & Dwight",81.57,"2021-10-05 14:00:04"
"Church & Dwight",81.30,"2021-10-05 15:00:03"
"Church & Dwight",81.44,"2021-10-05 15:45:03"
"Church & Dwight",81.20,"2021-10-05 16:15:04"
"Church & Dwight",81.48,"2021-10-06 09:45:03"
"Church & Dwight",82.01,"2021-10-06 11:00:03"
"Church & Dwight",82.01,"2021-10-06 12:00:02"
"Church & Dwight",82.02,"2021-10-06 13:00:02"
"Church & Dwight",82.40,"2021-10-06 14:00:03"
"Church & Dwight",82.56,"2021-10-06 15:00:02"
"Church & Dwight",82.89,"2021-10-06 15:45:04"
"Church & Dwight",82.75,"2021-10-06 16:15:04"
"Church & Dwight",83.22,"2021-10-07 09:45:02"
"Church & Dwight",83.49,"2021-10-07 11:00:03"
"Church & Dwight",83.36,"2021-10-07 12:00:03"
"Church & Dwight",83.65,"2021-10-07 13:00:04"
"Church & Dwight",83.58,"2021-10-07 14:00:03"
"Church & Dwight",83.04,"2021-10-07 15:00:03"
"Church & Dwight",83.05,"2021-10-07 15:45:01"
"Church & Dwight",82.98,"2021-10-07 16:15:04"
"Church & Dwight",82.91,"2021-10-08 09:45:02"
"Church & Dwight",82.94,"2021-10-08 11:00:04"
"Church & Dwight",83.08,"2021-10-08 12:00:02"
"Church & Dwight",83.20,"2021-10-08 13:00:03"
"Church & Dwight",83.29,"2021-10-08 14:00:02"
"Church & Dwight",83.28,"2021-10-08 15:00:03"
"Church & Dwight",83.15,"2021-10-08 15:45:04"
"Church & Dwight",83.15,"2021-10-08 16:15:04"
"Church & Dwight",82.96,"2021-10-11 09:45:01"
"Church & Dwight",83.06,"2021-10-11 11:00:03"
"Church & Dwight",82.87,"2021-10-11 12:00:02"
"Church & Dwight",83.03,"2021-10-11 13:00:03"
"Church & Dwight",83.03,"2021-10-11 14:00:04"
"Church & Dwight",82.97,"2021-10-11 15:00:03"
"Church & Dwight",83.01,"2021-10-11 15:45:03"
"Church & Dwight",83.00,"2021-10-11 16:15:03"
"Church & Dwight",82.85,"2021-10-12 09:45:04"
"Church & Dwight",83.15,"2021-10-12 11:00:03"
"Church & Dwight",83.20,"2021-10-12 12:00:03"
"Church & Dwight",83.02,"2021-10-12 13:00:03"
"Church & Dwight",82.88,"2021-10-12 14:00:03"
"Church & Dwight",82.57,"2021-10-12 15:00:02"
"Church & Dwight",82.31,"2021-10-12 15:45:03"
"Church & Dwight",82.56,"2021-10-12 16:15:01"
"Church & Dwight",82.83,"2021-10-13 09:45:04"
"Church & Dwight",82.45,"2021-10-13 11:00:03"
"Church & Dwight",83.03,"2021-10-13 12:00:02"
"Church & Dwight",82.93,"2021-10-13 13:00:04"
"Church & Dwight",83.05,"2021-10-13 14:00:03"
"Church & Dwight",83.11,"2021-10-13 15:00:03"
"Church & Dwight",83.02,"2021-10-13 15:45:03"
"Church & Dwight",83.14,"2021-10-13 16:15:02"
"Church & Dwight",83.47,"2021-10-14 09:45:03"
"Church & Dwight",83.30,"2021-10-14 11:00:02"
"Church & Dwight",83.32,"2021-10-14 12:00:03"
"Church & Dwight",83.48,"2021-10-14 13:00:04"
"Church & Dwight",83.39,"2021-10-14 14:00:03"
"Church & Dwight",83.44,"2021-10-14 15:00:03"
"Church & Dwight",83.27,"2021-10-14 15:45:03"
"Church & Dwight",83.41,"2021-10-14 16:15:04"
"Church & Dwight",83.28,"2021-10-15 09:45:01"
"Church & Dwight",83.70,"2021-10-15 11:00:03"
"Church & Dwight",83.36,"2021-10-15 12:00:02"
"Church & Dwight",83.06,"2021-10-15 13:00:04"
"Church & Dwight",83.03,"2021-10-15 14:00:03"
"Church & Dwight",83.07,"2021-10-15 15:00:05"
"Church & Dwight",83.28,"2021-10-15 15:45:04"
"Church & Dwight",83.41,"2021-10-15 16:15:03"
"Church & Dwight",82.96,"2021-10-18 09:45:04"
"Church & Dwight",83.36,"2021-10-18 11:00:03"
"Church & Dwight",83.25,"2021-10-18 12:00:02"
"Church & Dwight",83.16,"2021-10-18 13:00:05"
"Church & Dwight",83.01,"2021-10-18 14:00:01"
"Church & Dwight",83.05,"2021-10-18 15:00:05"
"Church & Dwight",83.07,"2021-10-18 15:45:05"
"Church & Dwight",82.90,"2021-10-18 16:15:05"
"Church & Dwight",81.65,"2021-10-19 09:45:04"
"Church & Dwight",81.94,"2021-10-19 11:00:04"
"Church & Dwight",82.91,"2021-10-19 12:00:05"
"Church & Dwight",82.82,"2021-10-19 13:00:02"
"Church & Dwight",82.76,"2021-10-19 14:00:05"
"Church & Dwight",83.05,"2021-10-19 15:00:02"
"Church & Dwight",83.13,"2021-10-19 15:45:03"
"Church & Dwight",83.35,"2021-10-19 16:15:02"
"Church & Dwight",83.85,"2021-10-20 09:45:03"
"Church & Dwight",84.06,"2021-10-20 11:00:04"
"Church & Dwight",84.13,"2021-10-20 12:00:04"
"Church & Dwight",84.59,"2021-10-20 13:00:05"
"Church & Dwight",84.63,"2021-10-20 14:00:04"
"Church & Dwight",84.14,"2021-10-20 15:00:05"
"Church & Dwight",83.76,"2021-10-20 15:45:02"
"Church & Dwight",83.57,"2021-10-20 16:15:05"
"Church & Dwight",84.09,"2021-10-21 09:45:04"
"Church & Dwight",84.03,"2021-10-21 11:00:05"
"Church & Dwight",84.03,"2021-10-21 12:00:04"
"Church & Dwight",83.77,"2021-10-21 13:00:05"
"Church & Dwight",83.77,"2021-10-21 14:00:02"
"Church & Dwight",83.86,"2021-10-21 15:00:04"
"Church & Dwight",83.84,"2021-10-21 15:45:04"
"Church & Dwight",83.84,"2021-10-21 16:15:02"
"Church & Dwight",84.05,"2021-10-22 09:45:02"
"Church & Dwight",84.74,"2021-10-22 11:00:04"
"Church & Dwight",84.70,"2021-10-22 12:00:04"
"Church & Dwight",84.44,"2021-10-22 13:00:04"
"Church & Dwight",84.46,"2021-10-22 14:00:03"
"Church & Dwight",84.77,"2021-10-22 15:00:02"
"Church & Dwight",84.78,"2021-10-22 15:45:02"
"Church & Dwight",84.71,"2021-10-22 16:15:04"
"Church & Dwight",82.86,"2021-10-25 09:45:05"
"Church & Dwight",83.68,"2021-10-25 11:00:08"
"Church & Dwight",83.65,"2021-10-25 12:00:02"
"Church & Dwight",83.87,"2021-10-25 13:00:05"
"Church & Dwight",84.06,"2021-10-25 14:00:05"
"Church & Dwight",84.08,"2021-10-25 15:00:02"
"Church & Dwight",83.84,"2021-10-25 15:45:02"
"Church & Dwight",83.85,"2021-10-25 16:15:04"
"Church & Dwight",84.03,"2021-10-26 09:45:05"
"Church & Dwight",83.80,"2021-10-26 11:00:05"
"Church & Dwight",84.01,"2021-10-26 12:00:05"
"Church & Dwight",84.50,"2021-10-26 13:00:02"
"Church & Dwight",84.40,"2021-10-26 14:00:05"
"Church & Dwight",84.23,"2021-10-26 15:00:03"
"Church & Dwight",84.58,"2021-10-26 15:45:03"
"Church & Dwight",84.58,"2021-10-26 16:15:08"
"Church & Dwight",84.87,"2021-10-27 09:45:03"
"Church & Dwight",84.12,"2021-10-27 11:00:02"
"Church & Dwight",84.09,"2021-10-27 12:00:02"
"Church & Dwight",83.91,"2021-10-27 13:00:03"
"Church & Dwight",84.13,"2021-10-27 14:00:03"
"Church & Dwight",84.20,"2021-10-27 15:00:04"
"Church & Dwight",83.98,"2021-10-27 15:45:05"
"Church & Dwight",84.01,"2021-10-27 16:15:05"
"Church & Dwight",85.08,"2021-10-28 09:45:05"
"Church & Dwight",85.55,"2021-10-28 11:00:05"
"Church & Dwight",85.18,"2021-10-28 12:00:02"
"Church & Dwight",84.86,"2021-10-28 13:00:04"
"Church & Dwight",85.01,"2021-10-28 14:00:04"
"Church & Dwight",85.44,"2021-10-28 15:00:05"
"Church & Dwight",84.91,"2021-10-28 15:45:02"
"Church & Dwight",85.06,"2021-10-28 16:15:09"
"Church & Dwight",87.91,"2021-10-29 09:45:04"
"Church & Dwight",88.06,"2021-10-29 11:00:05"
"Church & Dwight",88.10,"2021-10-29 12:00:02"
"Church & Dwight",87.78,"2021-10-29 13:00:05"
"Church & Dwight",87.08,"2021-10-29 14:00:05"
"Church & Dwight",87.17,"2021-10-29 15:00:05"
"Church & Dwight",87.59,"2021-10-29 15:45:05"
"Church & Dwight",87.51,"2021-10-29 16:15:02"
"Church & Dwight",88.42,"2021-11-01 09:45:02"
"Church & Dwight",87.56,"2021-11-01 11:00:05"
"Church & Dwight",87.35,"2021-11-01 12:00:03"
"Church & Dwight",87.32,"2021-11-01 13:00:04"
"Church & Dwight",87.21,"2021-11-01 14:00:02"
"Church & Dwight",87.09,"2021-11-01 15:00:04"
"Church & Dwight",87.39,"2021-11-01 15:45:04"
"Church & Dwight",87.68,"2021-11-01 16:15:02"
"Church & Dwight",87.88,"2021-11-02 09:45:02"
"Church & Dwight",88.59,"2021-11-02 11:00:04"
"Church & Dwight",88.90,"2021-11-02 12:00:06"
"Church & Dwight",88.81,"2021-11-02 13:00:03"
"Church & Dwight",88.97,"2021-11-02 14:00:03"
"Church & Dwight",89.25,"2021-11-02 15:00:03"
"Church & Dwight",88.86,"2021-11-02 15:45:06"
"Church & Dwight",89.10,"2021-11-02 16:15:03"
"Church & Dwight",88.66,"2021-11-03 09:45:05"
"Church & Dwight",88.62,"2021-11-03 11:00:05"
"Church & Dwight",88.50,"2021-11-03 12:00:01"
"Church & Dwight",88.60,"2021-11-03 13:00:05"
"Church & Dwight",88.19,"2021-11-03 14:00:04"
"Church & Dwight",88.57,"2021-11-03 15:00:05"
"Church & Dwight",88.52,"2021-11-03 15:45:03"
"Church & Dwight",88.95,"2021-11-03 16:15:07"
"Church & Dwight",88.73,"2021-11-04 09:45:05"
"Church & Dwight",88.82,"2021-11-04 11:00:04"
"Church & Dwight",89.14,"2021-11-04 12:00:02"
"Church & Dwight",89.29,"2021-11-04 13:00:04"
"Church & Dwight",89.12,"2021-11-04 14:00:02"
"Church & Dwight",89.11,"2021-11-04 15:00:05"
"Church & Dwight",89.13,"2021-11-04 15:45:05"
"Church & Dwight",89.32,"2021-11-04 16:15:03"
"Church & Dwight",89.05,"2021-11-05 09:45:05"
"Church & Dwight",89.21,"2021-11-05 11:00:03"
"Church & Dwight",88.91,"2021-11-05 12:00:03"
"Church & Dwight",88.95,"2021-11-05 13:00:05"
"Church & Dwight",88.80,"2021-11-05 14:00:05"
"Church & Dwight",88.67,"2021-11-05 15:00:03"
"Church & Dwight",88.65,"2021-11-05 15:45:05"
"Church & Dwight",88.80,"2021-11-05 16:15:02"
"Church & Dwight",87.72,"2021-11-08 09:45:05"
"Church & Dwight",87.32,"2021-11-08 11:00:04"
"Church & Dwight",87.36,"2021-11-08 12:00:03"
"Church & Dwight",87.63,"2021-11-08 13:00:05"
"Church & Dwight",88.04,"2021-11-08 14:00:04"
"Church & Dwight",88.16,"2021-11-08 15:00:03"
"Church & Dwight",88.22,"2021-11-08 15:45:04"
"Church & Dwight",88.42,"2021-11-08 16:15:05"
"Church & Dwight",88.58,"2021-11-09 09:45:03"
"Church & Dwight",88.79,"2021-11-09 11:00:03"
"Church & Dwight",89.30,"2021-11-09 12:00:03"
"Church & Dwight",89.42,"2021-11-09 13:00:03"
"Church & Dwight",89.57,"2021-11-09 14:00:02"
"Church & Dwight",89.51,"2021-11-09 15:00:03"
"Church & Dwight",89.53,"2021-11-09 15:45:02"
"Church & Dwight",89.67,"2021-11-09 16:15:14"
"Church & Dwight",90.10,"2021-11-10 09:45:03"
"Church & Dwight",89.82,"2021-11-10 11:00:03"
"Church & Dwight",90.29,"2021-11-10 12:00:04"
"Church & Dwight",90.39,"2021-11-10 13:00:02"
"Church & Dwight",90.79,"2021-11-10 14:00:03"
"Church & Dwight",90.76,"2021-11-10 15:00:04"
"Church & Dwight",90.26,"2021-11-10 15:45:04"
"Church & Dwight",90.36,"2021-11-10 16:15:09"
"Church & Dwight",90.01,"2021-11-11 09:45:03"
"Church & Dwight",90.07,"2021-11-11 11:00:04"
"Church & Dwight",90.23,"2021-11-11 12:00:04"
"Church & Dwight",89.95,"2021-11-11 13:00:02"
"Church & Dwight",90.09,"2021-11-11 14:00:02"
"Church & Dwight",90.09,"2021-11-11 15:00:04"
"Church & Dwight",90.16,"2021-11-11 15:45:03"
"Church & Dwight",90.31,"2021-11-11 16:15:03"
"Church & Dwight",90.33,"2021-11-12 09:45:04"
"Church & Dwight",90.17,"2021-11-12 11:00:04"
"Church & Dwight",90.47,"2021-11-12 12:00:03"
"Church & Dwight",90.48,"2021-11-12 13:00:03"
"Church & Dwight",90.31,"2021-11-12 14:00:03"
"Church & Dwight",90.02,"2021-11-12 15:00:04"
"Church & Dwight",89.99,"2021-11-12 15:45:03"
"Church & Dwight",89.97,"2021-11-12 16:15:02"
"Church & Dwight",89.85,"2021-11-15 09:45:02"
"Church & Dwight",90.55,"2021-11-15 11:00:02"
"Church & Dwight",90.55,"2021-11-15 12:00:04"
"Church & Dwight",90.95,"2021-11-15 13:00:03"
"Church & Dwight",91.25,"2021-11-15 14:00:02"
"Church & Dwight",91.01,"2021-11-15 15:00:03"
"Church & Dwight",90.87,"2021-11-15 15:45:02"
"Church & Dwight",91.18,"2021-11-15 16:15:08"
"Church & Dwight",91.56,"2021-11-16 09:45:03"
"Church & Dwight",91.12,"2021-11-16 11:00:04"
"Church & Dwight",91.18,"2021-11-16 12:00:02"
"Church & Dwight",91.06,"2021-11-16 13:00:03"
"Church & Dwight",91.15,"2021-11-16 14:00:03"
"Church & Dwight",91.16,"2021-11-16 15:00:04"
"Church & Dwight",91.15,"2021-11-16 15:45:03"
"Church & Dwight",91.08,"2021-11-16 16:15:03"
"Church & Dwight",91.24,"2021-11-17 09:45:04"
"Church & Dwight",91.18,"2021-11-17 11:00:03"
"Church & Dwight",91.31,"2021-11-17 12:00:02"
"Church & Dwight",91.44,"2021-11-17 13:00:04"
"Church & Dwight",91.35,"2021-11-17 14:00:03"
"Church & Dwight",91.44,"2021-11-17 15:00:03"
"Church & Dwight",91.56,"2021-11-17 15:45:04"
"Church & Dwight",91.47,"2021-11-17 16:15:08"
"Church & Dwight",91.09,"2021-11-18 09:45:04"
"Church & Dwight",90.98,"2021-11-18 11:00:03"
"Church & Dwight",90.84,"2021-11-18 12:00:04"
"Church & Dwight",90.81,"2021-11-18 13:00:03"
"Church & Dwight",91.03,"2021-11-18 14:00:04"
"Church & Dwight",91.15,"2021-11-18 15:00:04"
"Church & Dwight",91.07,"2021-11-18 15:45:04"
"Church & Dwight",91.18,"2021-11-18 16:15:08"
"Church & Dwight",92.95,"2021-11-19 09:45:04"
"Church & Dwight",92.93,"2021-11-19 11:00:03"
"Church & Dwight",92.80,"2021-11-19 12:00:02"
"Church & Dwight",92.45,"2021-11-19 13:00:05"
"Church & Dwight",92.46,"2021-11-19 14:00:02"
"Church & Dwight",92.68,"2021-11-19 15:00:03"
"Church & Dwight",92.03,"2021-11-19 15:45:03"
"Church & Dwight",92.25,"2021-11-19 16:15:09"
"Church & Dwight",92.45,"2021-11-22 09:45:04"
"Church & Dwight",93.55,"2021-11-22 11:00:03"
"Church & Dwight",94.19,"2021-11-22 12:00:03"
"Church & Dwight",94.17,"2021-11-22 13:00:03"
"Church & Dwight",93.73,"2021-11-22 14:00:03"
"Church & Dwight",93.86,"2021-11-22 15:00:03"
"Church & Dwight",93.96,"2021-11-22 15:45:03"
"Church & Dwight",93.69,"2021-11-22 16:15:02"
"Church & Dwight",94.02,"2021-11-23 09:45:03"
"Church & Dwight",94.31,"2021-11-23 11:00:04"
"Church & Dwight",94.39,"2021-11-23 12:00:04"
"Church & Dwight",93.79,"2021-11-23 13:00:02"
"Church & Dwight",94.27,"2021-11-23 14:00:04"
"Church & Dwight",94.43,"2021-11-23 15:00:04"
"Church & Dwight",94.28,"2021-11-23 15:45:03"
"Church & Dwight",94.14,"2021-11-23 16:15:04"
"Church & Dwight",93.61,"2021-11-24 09:45:03"
"Church & Dwight",93.10,"2021-11-24 11:00:03"
"Church & Dwight",92.93,"2021-11-24 12:00:03"
"Church & Dwight",93.30,"2021-11-24 13:00:03"
"Church & Dwight",93.03,"2021-11-24 14:00:03"
"Church & Dwight",93.06,"2021-11-24 15:00:02"
"Church & Dwight",93.11,"2021-11-24 15:45:03"
"Church & Dwight",93.31,"2021-11-24 16:15:03"
"Church & Dwight",93.31,"2021-11-25 09:45:02"
"Church & Dwight",93.31,"2021-11-25 11:00:02"
"Church & Dwight",93.31,"2021-11-25 12:00:03"
"Church & Dwight",93.31,"2021-11-25 13:00:03"
"Church & Dwight",93.31,"2021-11-25 14:00:03"
"Church & Dwight",93.31,"2021-11-25 15:00:04"
"Church & Dwight",93.31,"2021-11-25 15:45:03"
"Church & Dwight",93.31,"2021-11-25 16:15:03"
"Church & Dwight",94.53,"2021-11-26 09:45:02"
"Church & Dwight",93.93,"2021-11-26 11:00:04"
"Church & Dwight",93.81,"2021-11-26 12:00:03"
"Church & Dwight",93.45,"2021-11-26 13:00:05"
"Church & Dwight",93.45,"2021-11-26 14:00:04"
"Church & Dwight",93.45,"2021-11-26 15:00:03"
"Church & Dwight",93.45,"2021-11-26 15:45:03"
"Church & Dwight",93.45,"2021-11-26 16:15:03"
"Church & Dwight",93.66,"2021-11-29 09:45:03"
"Church & Dwight",93.68,"2021-11-29 11:00:03"
"Church & Dwight",93.88,"2021-11-29 12:00:03"
"Church & Dwight",93.82,"2021-11-29 13:00:03"
"Church & Dwight",94.00,"2021-11-29 14:00:04"
"Church & Dwight",94.08,"2021-11-29 15:00:02"
"Church & Dwight",94.07,"2021-11-29 15:45:02"
"Church & Dwight",93.81,"2021-11-29 16:15:02"
"Church & Dwight",92.51,"2021-11-30 09:45:04"
"Church & Dwight",91.77,"2021-11-30 11:00:03"
"Church & Dwight",91.92,"2021-11-30 12:00:03"
"Church & Dwight",91.61,"2021-11-30 13:00:03"
"Church & Dwight",91.28,"2021-11-30 14:00:04"
"Church & Dwight",90.69,"2021-11-30 15:00:04"
"Church & Dwight",89.59,"2021-11-30 15:45:03"
"Church & Dwight",89.41,"2021-11-30 16:15:03"
"Church & Dwight",91.41,"2021-12-01 09:45:04"
"Church & Dwight",91.13,"2021-12-01 11:00:03"
"Church & Dwight",91.92,"2021-12-01 12:00:02"
"Church & Dwight",92.12,"2021-12-01 13:00:03"
"Church & Dwight",91.78,"2021-12-01 14:00:04"
"Church & Dwight",91.79,"2021-12-01 15:00:03"
"Church & Dwight",91.71,"2021-12-01 15:45:02"
"Church & Dwight",90.60,"2021-12-01 16:15:03"
"Church & Dwight",91.07,"2021-12-02 09:45:03"
"Church & Dwight",91.56,"2021-12-02 11:00:03"
"Church & Dwight",91.35,"2021-12-02 12:00:02"
"Church & Dwight",91.47,"2021-12-02 13:00:03"
"Church & Dwight",91.80,"2021-12-02 14:00:04"
"Church & Dwight",91.55,"2021-12-02 15:00:04"
"Church & Dwight",91.64,"2021-12-02 15:45:03"
"Church & Dwight",91.03,"2021-12-02 16:15:03"
"Church & Dwight",91.74,"2021-12-03 09:45:03"
"Church & Dwight",91.56,"2021-12-03 11:00:03"
"Church & Dwight",91.74,"2021-12-03 12:00:02"
"Church & Dwight",91.86,"2021-12-03 13:00:02"
"Church & Dwight",91.92,"2021-12-03 14:00:02"
"Church & Dwight",91.60,"2021-12-03 15:00:03"
"Church & Dwight",91.58,"2021-12-03 15:45:03"
"Church & Dwight",92.32,"2021-12-03 16:15:04"
"Church & Dwight",93.14,"2021-12-06 09:45:02"
"Church & Dwight",93.65,"2021-12-06 11:00:02"
"Church & Dwight",93.62,"2021-12-06 12:00:03"
"Church & Dwight",94.00,"2021-12-06 13:00:01"
"Church & Dwight",93.83,"2021-12-06 14:00:03"
"Church & Dwight",93.83,"2021-12-06 15:00:03"
"Church & Dwight",94.01,"2021-12-06 15:45:03"
"Church & Dwight",94.11,"2021-12-06 16:15:02"
"Church & Dwight",94.59,"2021-12-07 09:45:05"
"Church & Dwight",93.87,"2021-12-07 11:00:03"
"Church & Dwight",93.28,"2021-12-07 12:00:03"
"Church & Dwight",92.83,"2021-12-07 13:00:02"
"Church & Dwight",92.82,"2021-12-07 14:00:03"
"Church & Dwight",93.14,"2021-12-07 15:00:04"
"Church & Dwight",93.13,"2021-12-07 15:45:03"
"Church & Dwight",92.90,"2021-12-07 16:15:05"
"Church & Dwight",94.22,"2021-12-08 09:45:02"
"Church & Dwight",94.32,"2021-12-08 11:00:03"
"Church & Dwight",93.99,"2021-12-08 12:00:03"
"Church & Dwight",94.00,"2021-12-08 13:00:02"
"Church & Dwight",94.59,"2021-12-08 14:00:02"
"Church & Dwight",94.95,"2021-12-08 15:00:03"
"Church & Dwight",95.20,"2021-12-08 15:45:03"
"Church & Dwight",94.96,"2021-12-08 16:15:05"
"Church & Dwight",95.12,"2021-12-09 09:45:04"
"Church & Dwight",95.78,"2021-12-09 11:00:02"
"Church & Dwight",95.77,"2021-12-09 12:00:03"
"Church & Dwight",95.95,"2021-12-09 13:00:03"
"Church & Dwight",96.08,"2021-12-09 14:00:04"
"Church & Dwight",96.05,"2021-12-09 15:00:03"
"Church & Dwight",95.98,"2021-12-09 15:45:02"
"Church & Dwight",95.51,"2021-12-09 16:15:03"
"Church & Dwight",95.88,"2021-12-10 09:45:02"
"Church & Dwight",95.78,"2021-12-10 11:00:02"
"Church & Dwight",95.57,"2021-12-10 12:00:03"
"Church & Dwight",95.64,"2021-12-10 13:00:04"
"Church & Dwight",95.49,"2021-12-10 14:00:04"
"Church & Dwight",95.46,"2021-12-10 15:00:02"
"Church & Dwight",95.51,"2021-12-10 15:45:03"
"Church & Dwight",95.67,"2021-12-10 16:15:02"
"Church & Dwight",95.98,"2021-12-13 09:45:03"
"Church & Dwight",96.20,"2021-12-13 11:00:04"
"Church & Dwight",97.39,"2021-12-13 12:00:05"
"Church & Dwight",97.18,"2021-12-13 13:00:02"
"Church & Dwight",97.34,"2021-12-13 14:00:03"
"Church & Dwight",97.58,"2021-12-13 15:00:03"
