"Darden Restaurants",137.56,"2021-03-01 03:06:00"
"Darden Restaurants",138.09,"2021-03-01 13:01:07"
"Darden Restaurants",139.27,"2021-03-01 13:35:27"
"Darden Restaurants",139.86,"2021-03-01 13:56:44"
"Darden Restaurants",139.67,"2021-03-01 14:00:05"
"Darden Restaurants",140.11,"2021-03-01 15:00:05"
"Darden Restaurants",139.05,"2021-03-01 15:45:03"
"Darden Restaurants",142.10,"2021-03-01 16:15:03"
"Darden Restaurants",139.03,"2021-03-02 09:45:02"
"Darden Restaurants",138.02,"2021-03-02 11:00:06"
"Darden Restaurants",138.26,"2021-03-02 12:00:08"
"Darden Restaurants",138.57,"2021-03-02 13:00:05"
"Darden Restaurants",138.00,"2021-03-02 14:00:06"
"Darden Restaurants",138.53,"2021-03-02 15:00:07"
"Darden Restaurants",139.02,"2021-03-02 15:45:03"
"Darden Restaurants",140.96,"2021-03-02 16:15:03"
"Darden Restaurants",140.16,"2021-03-03 09:45:02"
"Darden Restaurants",140.21,"2021-03-03 11:00:06"
"Darden Restaurants",140.60,"2021-03-03 12:00:06"
"Darden Restaurants",140.52,"2021-03-03 13:00:07"
"Darden Restaurants",140.34,"2021-03-03 14:00:05"
"Darden Restaurants",139.56,"2021-03-03 15:00:07"
"Darden Restaurants",138.56,"2021-03-03 15:45:02"
"Darden Restaurants",139.64,"2021-03-03 16:15:03"
"Darden Restaurants",139.59,"2021-03-04 09:45:02"
"Darden Restaurants",138.30,"2021-03-04 11:00:04"
"Darden Restaurants",139.24,"2021-03-04 12:00:07"
"Darden Restaurants",137.28,"2021-03-04 13:00:05"
"Darden Restaurants",134.41,"2021-03-04 14:00:08"
"Darden Restaurants",135.69,"2021-03-04 15:00:06"
"Darden Restaurants",136.16,"2021-03-04 15:45:02"
"Darden Restaurants",138.00,"2021-03-04 16:15:03"
"Darden Restaurants",138.04,"2021-03-05 09:45:03"
"Darden Restaurants",137.30,"2021-03-05 11:00:07"
"Darden Restaurants",135.94,"2021-03-05 12:00:07"
"Darden Restaurants",137.59,"2021-03-05 13:00:08"
"Darden Restaurants",137.63,"2021-03-05 14:00:05"
"Darden Restaurants",138.37,"2021-03-05 15:00:04"
"Darden Restaurants",139.35,"2021-03-05 15:45:03"
"Darden Restaurants",140.66,"2021-03-05 16:15:03"
"Darden Restaurants",144.29,"2021-03-08 09:45:02"
"Darden Restaurants",143.52,"2021-03-08 11:00:04"
"Darden Restaurants",142.41,"2021-03-08 12:00:08"
"Darden Restaurants",143.28,"2021-03-08 13:00:06"
"Darden Restaurants",141.84,"2021-03-08 14:00:06"
"Darden Restaurants",142.75,"2021-03-08 15:00:06"
"Darden Restaurants",143.79,"2021-03-08 15:45:02"
"Darden Restaurants",143.03,"2021-03-08 16:15:03"
"Darden Restaurants",141.80,"2021-03-09 09:45:03"
"Darden Restaurants",142.37,"2021-03-09 11:00:09"
"Darden Restaurants",140.84,"2021-03-09 12:00:07"
"Darden Restaurants",139.92,"2021-03-09 13:00:03"
"Darden Restaurants",140.52,"2021-03-09 14:00:05"
"Darden Restaurants",139.19,"2021-03-09 15:00:07"
"Darden Restaurants",139.23,"2021-03-09 15:45:02"
"Darden Restaurants",139.50,"2021-03-09 16:15:04"
"Darden Restaurants",141.17,"2021-03-10 09:45:05"
"Darden Restaurants",139.62,"2021-03-10 11:00:04"
"Darden Restaurants",141.12,"2021-03-10 12:00:03"
"Darden Restaurants",141.65,"2021-03-10 13:00:03"
"Darden Restaurants",141.74,"2021-03-10 14:00:03"
"Darden Restaurants",143.32,"2021-03-10 15:00:03"
"Darden Restaurants",142.43,"2021-03-10 15:45:03"
"Darden Restaurants",139.49,"2021-03-10 16:15:02"
"Darden Restaurants",143.54,"2021-03-11 09:45:04"
"Darden Restaurants",143.20,"2021-03-11 11:00:04"
"Darden Restaurants",142.26,"2021-03-11 12:00:02"
"Darden Restaurants",141.96,"2021-03-11 13:00:04"
"Darden Restaurants",141.43,"2021-03-11 14:00:04"
"Darden Restaurants",140.90,"2021-03-11 15:00:06"
"Darden Restaurants",140.93,"2021-03-11 15:45:02"
"Darden Restaurants",141.04,"2021-03-11 16:15:03"
"Darden Restaurants",142.76,"2021-03-12 09:45:04"
"Darden Restaurants",143.75,"2021-03-12 11:00:04"
"Darden Restaurants",143.92,"2021-03-12 12:00:03"
"Darden Restaurants",144.57,"2021-03-12 13:00:02"
"Darden Restaurants",144.75,"2021-03-12 14:00:03"
"Darden Restaurants",145.49,"2021-03-12 15:00:02"
"Darden Restaurants",145.38,"2021-03-12 15:45:03"
"Darden Restaurants",144.59,"2021-03-12 16:15:02"
"Darden Restaurants",146.07,"2021-03-15 09:45:04"
"Darden Restaurants",146.39,"2021-03-15 11:00:03"
"Darden Restaurants",146.41,"2021-03-15 12:00:02"
"Darden Restaurants",147.09,"2021-03-15 13:00:02"
"Darden Restaurants",146.05,"2021-03-15 14:00:03"
"Darden Restaurants",145.93,"2021-03-15 15:00:03"
"Darden Restaurants",145.53,"2021-03-15 15:45:09"
"Darden Restaurants",146.24,"2021-03-15 16:15:02"
"Darden Restaurants",143.56,"2021-03-16 09:45:03"
"Darden Restaurants",142.86,"2021-03-16 11:00:01"
"Darden Restaurants",142.12,"2021-03-16 12:00:02"
"Darden Restaurants",140.42,"2021-03-16 13:00:03"
"Darden Restaurants",140.84,"2021-03-16 14:00:03"
"Darden Restaurants",141.00,"2021-03-16 15:00:04"
"Darden Restaurants",141.03,"2021-03-16 15:45:09"
"Darden Restaurants",140.54,"2021-03-16 16:15:04"
"Darden Restaurants",141.18,"2021-03-17 09:45:04"
"Darden Restaurants",140.12,"2021-03-17 11:00:03"
"Darden Restaurants",140.56,"2021-03-17 12:00:06"
"Darden Restaurants",140.00,"2021-03-17 13:00:02"
"Darden Restaurants",140.12,"2021-03-17 14:00:02"
"Darden Restaurants",141.45,"2021-03-17 15:00:03"
"Darden Restaurants",140.90,"2021-03-17 15:45:04"
"Darden Restaurants",141.25,"2021-03-17 16:15:01"
"Darden Restaurants",141.47,"2021-03-18 09:45:04"
"Darden Restaurants",141.44,"2021-03-18 11:00:03"
"Darden Restaurants",142.61,"2021-03-18 12:00:04"
"Darden Restaurants",142.20,"2021-03-18 13:00:02"
"Darden Restaurants",142.49,"2021-03-18 14:00:03"
"Darden Restaurants",141.21,"2021-03-18 15:00:04"
"Darden Restaurants",140.04,"2021-03-18 15:45:03"
"Darden Restaurants",139.97,"2021-03-18 16:15:03"
"Darden Restaurants",138.51,"2021-03-19 09:45:02"
"Darden Restaurants",138.88,"2021-03-19 11:00:03"
"Darden Restaurants",140.33,"2021-03-19 12:00:02"
"Darden Restaurants",140.70,"2021-03-19 13:00:04"
"Darden Restaurants",140.12,"2021-03-19 14:00:04"
"Darden Restaurants",140.30,"2021-03-19 15:00:03"
"Darden Restaurants",140.09,"2021-03-19 15:45:02"
"Darden Restaurants",139.91,"2021-03-19 16:15:04"
"Darden Restaurants",140.95,"2021-03-22 09:45:03"
"Darden Restaurants",137.63,"2021-03-22 11:00:04"
"Darden Restaurants",138.48,"2021-03-22 12:00:03"
"Darden Restaurants",137.82,"2021-03-22 13:00:03"
"Darden Restaurants",137.39,"2021-03-22 14:00:03"
"Darden Restaurants",137.14,"2021-03-22 15:00:02"
"Darden Restaurants",136.57,"2021-03-22 15:45:02"
"Darden Restaurants",137.37,"2021-03-22 16:15:04"
"Darden Restaurants",137.69,"2021-03-23 09:45:04"
"Darden Restaurants",137.10,"2021-03-23 11:00:02"
"Darden Restaurants",136.62,"2021-03-23 12:00:04"
"Darden Restaurants",136.82,"2021-03-23 13:00:04"
"Darden Restaurants",136.62,"2021-03-23 14:00:02"
"Darden Restaurants",136.45,"2021-03-23 15:00:01"
"Darden Restaurants",136.53,"2021-03-23 15:45:03"
"Darden Restaurants",136.75,"2021-03-23 16:15:03"
"Darden Restaurants",138.56,"2021-03-24 09:45:03"
"Darden Restaurants",137.94,"2021-03-24 11:00:03"
"Darden Restaurants",136.12,"2021-03-24 12:00:05"
"Darden Restaurants",136.72,"2021-03-24 13:00:02"
"Darden Restaurants",136.41,"2021-03-24 14:00:04"
"Darden Restaurants",135.16,"2021-03-24 15:00:02"
"Darden Restaurants",134.50,"2021-03-24 15:45:03"
"Darden Restaurants",133.93,"2021-03-24 16:15:03"
"Darden Restaurants",137.82,"2021-03-25 09:45:02"
"Darden Restaurants",137.85,"2021-03-25 11:00:03"
"Darden Restaurants",139.95,"2021-03-25 12:00:03"
"Darden Restaurants",140.97,"2021-03-25 13:00:03"
"Darden Restaurants",143.65,"2021-03-25 14:00:02"
"Darden Restaurants",143.67,"2021-03-25 15:00:02"
"Darden Restaurants",145.01,"2021-03-25 15:45:02"
"Darden Restaurants",145.15,"2021-03-25 16:15:04"
"Darden Restaurants",145.37,"2021-03-26 09:45:03"
"Darden Restaurants",147.21,"2021-03-26 11:00:04"
"Darden Restaurants",147.25,"2021-03-26 12:00:03"
"Darden Restaurants",147.44,"2021-03-26 13:00:02"
"Darden Restaurants",147.60,"2021-03-26 14:00:02"
"Darden Restaurants",148.63,"2021-03-26 15:00:02"
"Darden Restaurants",148.48,"2021-03-26 15:45:01"
"Darden Restaurants",148.52,"2021-03-26 16:15:04"
"Darden Restaurants",149.11,"2021-03-29 09:45:02"
"Darden Restaurants",144.43,"2021-03-29 11:00:02"
"Darden Restaurants",143.60,"2021-03-29 12:00:01"
"Darden Restaurants",143.44,"2021-03-29 13:00:06"
"Darden Restaurants",143.14,"2021-03-29 14:00:02"
"Darden Restaurants",143.85,"2021-03-29 15:00:04"
"Darden Restaurants",144.70,"2021-03-29 15:45:02"
"Darden Restaurants",144.37,"2021-03-29 16:15:03"
"Darden Restaurants",143.76,"2021-03-30 09:45:03"
"Darden Restaurants",145.19,"2021-03-30 11:00:03"
"Darden Restaurants",145.18,"2021-03-30 12:00:02"
"Darden Restaurants",144.28,"2021-03-30 13:00:03"
"Darden Restaurants",144.01,"2021-03-30 14:00:03"
"Darden Restaurants",144.81,"2021-03-30 15:00:02"
"Darden Restaurants",145.08,"2021-03-30 15:45:02"
"Darden Restaurants",144.00,"2021-03-30 16:15:02"
"Darden Restaurants",145.57,"2021-03-31 09:45:04"
"Darden Restaurants",144.29,"2021-03-31 11:00:02"
"Darden Restaurants",143.59,"2021-03-31 12:00:03"
"Darden Restaurants",143.21,"2021-03-31 13:00:03"
"Darden Restaurants",143.17,"2021-03-31 14:00:04"
"Darden Restaurants",143.12,"2021-03-31 15:00:06"
"Darden Restaurants",142.81,"2021-03-31 15:45:02"
"Darden Restaurants",142.00,"2021-03-31 16:15:02"
"Darden Restaurants",142.70,"2021-04-01 09:45:03"
"Darden Restaurants",142.80,"2021-04-01 11:00:04"
"Darden Restaurants",143.91,"2021-04-01 12:00:02"
"Darden Restaurants",144.64,"2021-04-01 13:00:02"
"Darden Restaurants",144.76,"2021-04-01 14:00:03"
"Darden Restaurants",144.36,"2021-04-01 15:00:03"
"Darden Restaurants",144.21,"2021-04-01 15:45:02"
"Darden Restaurants",144.16,"2021-04-01 16:15:02"
"Darden Restaurants",144.40,"2021-04-02 09:45:04"
"Darden Restaurants",144.40,"2021-04-02 11:00:03"
"Darden Restaurants",144.40,"2021-04-02 12:00:04"
"Darden Restaurants",144.40,"2021-04-02 13:00:04"
"Darden Restaurants",144.40,"2021-04-02 14:00:03"
"Darden Restaurants",144.40,"2021-04-02 15:00:04"
"Darden Restaurants",144.40,"2021-04-02 15:45:03"
"Darden Restaurants",144.40,"2021-04-02 16:15:03"
"Darden Restaurants",146.49,"2021-04-05 09:45:02"
"Darden Restaurants",145.37,"2021-04-05 11:00:03"
"Darden Restaurants",144.73,"2021-04-05 12:00:03"
"Darden Restaurants",144.01,"2021-04-05 13:00:04"
"Darden Restaurants",143.87,"2021-04-05 14:00:02"
"Darden Restaurants",144.09,"2021-04-05 15:00:03"
"Darden Restaurants",144.35,"2021-04-05 15:45:03"
"Darden Restaurants",144.11,"2021-04-05 16:15:02"
"Darden Restaurants",145.92,"2021-04-06 09:45:04"
"Darden Restaurants",146.22,"2021-04-06 11:00:01"
"Darden Restaurants",144.81,"2021-04-06 12:00:03"
"Darden Restaurants",144.03,"2021-04-06 13:00:03"
"Darden Restaurants",144.35,"2021-04-06 14:00:03"
"Darden Restaurants",144.51,"2021-04-06 15:00:02"
"Darden Restaurants",144.33,"2021-04-06 15:45:03"
"Darden Restaurants",146.09,"2021-04-06 16:15:02"
"Darden Restaurants",145.67,"2021-04-07 09:45:03"
"Darden Restaurants",145.52,"2021-04-07 11:00:02"
"Darden Restaurants",144.77,"2021-04-07 12:00:03"
"Darden Restaurants",145.96,"2021-04-07 13:00:03"
"Darden Restaurants",145.76,"2021-04-07 14:00:04"
"Darden Restaurants",145.87,"2021-04-07 15:00:05"
"Darden Restaurants",145.70,"2021-04-07 15:45:02"
"Darden Restaurants",149.99,"2021-04-07 16:15:03"
"Darden Restaurants",144.58,"2021-04-08 09:45:05"
"Darden Restaurants",144.13,"2021-04-08 11:00:05"
"Darden Restaurants",143.91,"2021-04-08 12:00:03"
"Darden Restaurants",144.81,"2021-04-08 13:00:06"
"Darden Restaurants",145.49,"2021-04-08 14:00:02"
"Darden Restaurants",145.78,"2021-04-08 15:00:03"
"Darden Restaurants",145.53,"2021-04-08 15:45:02"
"Darden Restaurants",145.63,"2021-04-08 16:15:03"
"Darden Restaurants",144.50,"2021-04-09 09:45:03"
"Darden Restaurants",144.00,"2021-04-09 11:00:03"
"Darden Restaurants",142.56,"2021-04-09 12:00:05"
"Darden Restaurants",142.86,"2021-04-09 13:00:03"
"Darden Restaurants",143.16,"2021-04-09 14:00:02"
"Darden Restaurants",142.75,"2021-04-09 15:00:02"
"Darden Restaurants",142.69,"2021-04-09 15:45:03"
"Darden Restaurants",143.00,"2021-04-09 16:15:02"
"Darden Restaurants",143.91,"2021-04-12 09:45:04"
"Darden Restaurants",143.31,"2021-04-12 11:00:03"
"Darden Restaurants",143.65,"2021-04-12 12:00:05"
"Darden Restaurants",143.13,"2021-04-12 13:00:03"
"Darden Restaurants",142.94,"2021-04-12 14:00:03"
"Darden Restaurants",143.15,"2021-04-12 15:00:06"
"Darden Restaurants",143.53,"2021-04-12 15:45:01"
"Darden Restaurants",143.61,"2021-04-12 16:15:03"
"Darden Restaurants",142.45,"2021-04-13 09:45:02"
"Darden Restaurants",142.23,"2021-04-13 11:00:01"
"Darden Restaurants",142.10,"2021-04-13 12:00:02"
"Darden Restaurants",141.62,"2021-04-13 13:00:03"
"Darden Restaurants",142.60,"2021-04-13 14:00:03"
"Darden Restaurants",143.14,"2021-04-13 15:00:02"
"Darden Restaurants",143.09,"2021-04-13 15:45:03"
"Darden Restaurants",143.20,"2021-04-13 16:15:03"
"Darden Restaurants",145.02,"2021-04-14 09:45:04"
"Darden Restaurants",145.50,"2021-04-14 11:00:02"
"Darden Restaurants",145.58,"2021-04-14 12:00:04"
"Darden Restaurants",145.15,"2021-04-14 13:00:02"
"Darden Restaurants",145.15,"2021-04-14 14:00:02"
"Darden Restaurants",144.72,"2021-04-14 15:00:08"
"Darden Restaurants",144.36,"2021-04-14 15:45:03"
"Darden Restaurants",144.24,"2021-04-14 16:15:03"
"Darden Restaurants",143.28,"2021-04-15 09:45:04"
"Darden Restaurants",143.87,"2021-04-15 11:00:04"
"Darden Restaurants",143.81,"2021-04-15 12:00:01"
"Darden Restaurants",143.41,"2021-04-15 13:00:03"
"Darden Restaurants",144.02,"2021-04-15 14:00:02"
"Darden Restaurants",144.37,"2021-04-15 15:00:05"
"Darden Restaurants",142.74,"2021-04-15 15:45:03"
"Darden Restaurants",141.00,"2021-04-15 16:15:02"
"Darden Restaurants",145.10,"2021-04-16 09:45:04"
"Darden Restaurants",144.64,"2021-04-16 11:00:02"
"Darden Restaurants",144.48,"2021-04-16 12:00:03"
"Darden Restaurants",144.71,"2021-04-16 13:00:04"
"Darden Restaurants",144.86,"2021-04-16 14:00:02"
"Darden Restaurants",145.69,"2021-04-16 15:00:02"
"Darden Restaurants",146.45,"2021-04-16 15:45:03"
"Darden Restaurants",145.91,"2021-04-16 16:15:03"
"Darden Restaurants",147.07,"2021-04-19 09:45:02"
"Darden Restaurants",146.06,"2021-04-19 11:00:01"
"Darden Restaurants",146.86,"2021-04-19 12:00:07"
"Darden Restaurants",145.94,"2021-04-19 13:00:02"
"Darden Restaurants",146.23,"2021-04-19 14:00:03"
"Darden Restaurants",146.00,"2021-04-19 15:00:04"
"Darden Restaurants",145.43,"2021-04-19 15:45:02"
"Darden Restaurants",145.31,"2021-04-19 16:15:03"
"Darden Restaurants",144.79,"2021-04-20 09:45:03"
"Darden Restaurants",143.07,"2021-04-20 11:00:06"
"Darden Restaurants",142.51,"2021-04-20 12:00:03"
"Darden Restaurants",141.86,"2021-04-20 13:00:02"
"Darden Restaurants",142.33,"2021-04-20 14:00:04"
"Darden Restaurants",142.01,"2021-04-20 15:00:03"
"Darden Restaurants",143.50,"2021-04-20 15:45:04"
"Darden Restaurants",141.73,"2021-04-20 16:15:01"
"Darden Restaurants",143.52,"2021-04-21 09:45:02"
"Darden Restaurants",143.50,"2021-04-21 11:00:05"
"Darden Restaurants",142.49,"2021-04-21 12:00:04"
"Darden Restaurants",142.82,"2021-04-21 13:00:02"
"Darden Restaurants",142.64,"2021-04-21 14:00:02"
"Darden Restaurants",142.56,"2021-04-21 15:00:05"
"Darden Restaurants",142.97,"2021-04-21 15:45:04"
"Darden Restaurants",141.20,"2021-04-21 16:15:03"
"Darden Restaurants",143.78,"2021-04-22 09:45:04"
"Darden Restaurants",144.54,"2021-04-22 11:00:03"
"Darden Restaurants",145.70,"2021-04-22 12:00:03"
"Darden Restaurants",145.80,"2021-04-22 13:00:02"
"Darden Restaurants",144.45,"2021-04-22 14:00:03"
"Darden Restaurants",145.48,"2021-04-22 15:00:04"
"Darden Restaurants",145.16,"2021-04-22 15:45:02"
"Darden Restaurants",145.09,"2021-04-22 16:15:02"
"Darden Restaurants",143.66,"2021-04-23 09:45:02"
"Darden Restaurants",143.78,"2021-04-23 11:00:07"
"Darden Restaurants",144.26,"2021-04-23 12:00:03"
"Darden Restaurants",144.00,"2021-04-23 13:00:02"
"Darden Restaurants",143.96,"2021-04-23 14:00:04"
"Darden Restaurants",144.45,"2021-04-23 15:00:02"
"Darden Restaurants",144.30,"2021-04-23 15:45:03"
"Darden Restaurants",143.02,"2021-04-23 16:15:02"
"Darden Restaurants",144.83,"2021-04-26 09:45:02"
"Darden Restaurants",142.62,"2021-04-26 11:00:04"
"Darden Restaurants",142.81,"2021-04-26 12:00:02"
"Darden Restaurants",142.86,"2021-04-26 13:00:04"
"Darden Restaurants",142.95,"2021-04-26 14:00:02"
"Darden Restaurants",142.27,"2021-04-26 15:00:02"
"Darden Restaurants",142.29,"2021-04-26 15:45:02"
"Darden Restaurants",142.14,"2021-04-26 16:15:02"
"Darden Restaurants",143.22,"2021-04-27 09:45:02"
"Darden Restaurants",143.67,"2021-04-27 11:00:05"
"Darden Restaurants",143.08,"2021-04-27 12:00:01"
"Darden Restaurants",142.69,"2021-04-27 13:00:02"
"Darden Restaurants",143.52,"2021-04-27 14:00:03"
"Darden Restaurants",143.18,"2021-04-27 15:00:05"
"Darden Restaurants",142.69,"2021-04-27 15:45:03"
"Darden Restaurants",142.66,"2021-04-27 16:15:02"
"Darden Restaurants",142.75,"2021-04-28 09:45:04"
"Darden Restaurants",143.96,"2021-04-28 11:00:02"
"Darden Restaurants",144.48,"2021-04-28 12:00:03"
"Darden Restaurants",143.96,"2021-04-28 13:00:03"
"Darden Restaurants",143.52,"2021-04-28 14:00:02"
"Darden Restaurants",143.80,"2021-04-28 15:00:02"
"Darden Restaurants",144.19,"2021-04-28 15:45:04"
"Darden Restaurants",143.04,"2021-04-28 16:15:02"
"Darden Restaurants",146.54,"2021-04-29 09:45:04"
"Darden Restaurants",144.53,"2021-04-29 11:00:03"
"Darden Restaurants",145.17,"2021-04-29 12:00:05"
"Darden Restaurants",144.88,"2021-04-29 13:00:02"
"Darden Restaurants",145.16,"2021-04-29 14:00:02"
"Darden Restaurants",145.97,"2021-04-29 15:00:02"
"Darden Restaurants",146.13,"2021-04-29 15:45:01"
"Darden Restaurants",145.67,"2021-04-29 16:15:02"
"Darden Restaurants",147.58,"2021-04-30 09:45:02"
"Darden Restaurants",145.22,"2021-04-30 11:00:02"
"Darden Restaurants",146.34,"2021-04-30 12:00:05"
"Darden Restaurants",146.54,"2021-04-30 13:00:03"
"Darden Restaurants",146.16,"2021-04-30 14:00:04"
"Darden Restaurants",146.68,"2021-04-30 15:00:02"
"Darden Restaurants",146.27,"2021-04-30 15:45:03"
"Darden Restaurants",146.72,"2021-04-30 16:15:04"
"Darden Restaurants",147.80,"2021-05-03 09:45:03"
"Darden Restaurants",146.61,"2021-05-03 11:00:04"
"Darden Restaurants",146.85,"2021-05-03 12:00:04"
"Darden Restaurants",146.60,"2021-05-03 13:00:03"
"Darden Restaurants",145.95,"2021-05-03 14:00:02"
"Darden Restaurants",145.99,"2021-05-03 15:00:02"
"Darden Restaurants",145.23,"2021-05-03 15:45:02"
"Darden Restaurants",144.61,"2021-05-03 16:15:02"
"Darden Restaurants",143.14,"2021-05-04 09:45:02"
"Darden Restaurants",142.41,"2021-05-04 11:00:06"
"Darden Restaurants",142.90,"2021-05-04 12:00:11"
"Darden Restaurants",142.85,"2021-05-04 13:00:03"
"Darden Restaurants",143.04,"2021-05-04 14:00:03"
"Darden Restaurants",143.41,"2021-05-04 15:00:04"
"Darden Restaurants",143.36,"2021-05-04 15:45:02"
"Darden Restaurants",143.47,"2021-05-04 16:15:03"
"Darden Restaurants",143.00,"2021-05-05 09:45:04"
"Darden Restaurants",140.92,"2021-05-05 11:00:03"
"Darden Restaurants",142.37,"2021-05-05 12:00:04"
"Darden Restaurants",142.62,"2021-05-05 13:00:02"
"Darden Restaurants",142.93,"2021-05-05 14:00:02"
"Darden Restaurants",142.79,"2021-05-05 15:00:02"
"Darden Restaurants",142.36,"2021-05-05 15:45:03"
"Darden Restaurants",142.23,"2021-05-05 16:15:03"
"Darden Restaurants",143.65,"2021-05-06 09:45:01"
"Darden Restaurants",142.52,"2021-05-06 11:00:01"
"Darden Restaurants",141.12,"2021-05-06 12:00:03"
"Darden Restaurants",140.27,"2021-05-06 13:00:02"
"Darden Restaurants",140.69,"2021-05-06 14:00:03"
"Darden Restaurants",140.19,"2021-05-06 15:00:03"
"Darden Restaurants",141.00,"2021-05-06 15:45:03"
"Darden Restaurants",141.75,"2021-05-06 16:15:04"
"Darden Restaurants",141.89,"2021-05-07 09:45:03"
"Darden Restaurants",143.00,"2021-05-07 11:00:02"
"Darden Restaurants",142.63,"2021-05-07 12:00:03"
"Darden Restaurants",143.05,"2021-05-07 13:00:02"
"Darden Restaurants",142.90,"2021-05-07 14:00:02"
"Darden Restaurants",142.21,"2021-05-07 15:00:02"
"Darden Restaurants",142.34,"2021-05-07 15:45:03"
"Darden Restaurants",142.38,"2021-05-07 16:15:02"
"Darden Restaurants",140.91,"2021-05-10 09:45:03"
"Darden Restaurants",142.01,"2021-05-10 11:00:02"
"Darden Restaurants",142.80,"2021-05-10 12:00:03"
"Darden Restaurants",142.24,"2021-05-10 13:00:03"
"Darden Restaurants",142.25,"2021-05-10 14:00:03"
"Darden Restaurants",141.29,"2021-05-10 15:00:03"
"Darden Restaurants",141.09,"2021-05-10 15:45:02"
"Darden Restaurants",140.69,"2021-05-10 16:15:03"
"Darden Restaurants",148.31,"2021-07-11 11:54:41"
"Darden Restaurants",148.24,"2021-07-12 09:45:03"
"Darden Restaurants",149.04,"2021-07-12 11:00:03"
"Darden Restaurants",149.42,"2021-07-12 12:00:03"
"Darden Restaurants",148.90,"2021-07-12 13:00:03"
"Darden Restaurants",149.38,"2021-07-12 14:00:03"
"Darden Restaurants",149.94,"2021-07-12 15:00:02"
"Darden Restaurants",149.97,"2021-07-12 15:45:02"
"Darden Restaurants",149.95,"2021-07-12 16:15:02"
"Darden Restaurants",149.05,"2021-07-13 09:45:03"
"Darden Restaurants",148.56,"2021-07-13 11:00:03"
"Darden Restaurants",148.75,"2021-07-13 12:00:03"
"Darden Restaurants",148.74,"2021-07-13 13:00:02"
"Darden Restaurants",148.69,"2021-07-13 14:00:03"
"Darden Restaurants",148.60,"2021-07-13 15:00:02"
"Darden Restaurants",147.95,"2021-07-13 15:45:03"
"Darden Restaurants",147.40,"2021-07-13 16:15:03"
"Darden Restaurants",149.90,"2021-07-14 09:45:02"
"Darden Restaurants",149.03,"2021-07-14 11:00:03"
"Darden Restaurants",147.78,"2021-07-14 12:00:05"
"Darden Restaurants",148.44,"2021-07-14 13:00:02"
"Darden Restaurants",148.17,"2021-07-14 14:00:03"
"Darden Restaurants",147.94,"2021-07-14 15:00:02"
"Darden Restaurants",147.20,"2021-07-14 15:45:03"
"Darden Restaurants",147.36,"2021-07-14 16:15:02"
"Darden Restaurants",145.60,"2021-07-15 09:45:02"
"Darden Restaurants",145.42,"2021-07-15 11:00:03"
"Darden Restaurants",144.90,"2021-07-15 12:00:03"
"Darden Restaurants",144.34,"2021-07-15 13:00:02"
"Darden Restaurants",142.67,"2021-07-15 14:00:03"
"Darden Restaurants",144.21,"2021-07-15 15:00:02"
"Darden Restaurants",144.33,"2021-07-15 15:45:03"
"Darden Restaurants",144.81,"2021-07-15 16:15:02"
"Darden Restaurants",145.72,"2021-07-16 09:45:04"
"Darden Restaurants",144.20,"2021-07-16 11:00:04"
"Darden Restaurants",144.61,"2021-07-16 12:00:03"
"Darden Restaurants",144.48,"2021-07-16 13:00:03"
"Darden Restaurants",143.51,"2021-07-16 14:00:02"
"Darden Restaurants",142.74,"2021-07-16 15:00:03"
"Darden Restaurants",142.16,"2021-07-16 15:45:02"
"Darden Restaurants",141.74,"2021-07-16 16:15:02"
"Darden Restaurants",136.54,"2021-07-19 09:45:04"
"Darden Restaurants",135.18,"2021-07-19 11:00:03"
"Darden Restaurants",136.32,"2021-07-19 12:00:02"
"Darden Restaurants",134.61,"2021-07-19 13:00:03"
"Darden Restaurants",133.88,"2021-07-19 14:00:03"
"Darden Restaurants",133.98,"2021-07-19 15:00:03"
"Darden Restaurants",134.39,"2021-07-19 15:45:03"
"Darden Restaurants",134.82,"2021-07-19 16:15:02"
"Darden Restaurants",136.34,"2021-07-20 09:45:02"
"Darden Restaurants",140.04,"2021-07-20 11:00:02"
"Darden Restaurants",141.12,"2021-07-20 12:00:03"
"Darden Restaurants",142.22,"2021-07-20 13:00:03"
"Darden Restaurants",141.63,"2021-07-20 14:00:03"
"Darden Restaurants",142.35,"2021-07-20 15:00:02"
"Darden Restaurants",142.29,"2021-07-20 15:45:03"
"Darden Restaurants",141.87,"2021-07-20 16:15:02"
"Darden Restaurants",144.84,"2021-07-21 09:45:03"
"Darden Restaurants",144.43,"2021-07-21 11:00:02"
"Darden Restaurants",145.18,"2021-07-21 12:00:03"
"Darden Restaurants",145.34,"2021-07-21 13:00:03"
"Darden Restaurants",145.23,"2021-07-21 14:00:04"
"Darden Restaurants",145.15,"2021-07-21 15:00:02"
"Darden Restaurants",145.02,"2021-07-21 15:45:02"
"Darden Restaurants",145.00,"2021-07-21 16:15:03"
"Darden Restaurants",143.98,"2021-07-22 09:45:02"
"Darden Restaurants",143.68,"2021-07-22 11:00:02"
"Darden Restaurants",143.66,"2021-07-22 13:00:02"
"Darden Restaurants",143.48,"2021-07-22 14:00:02"
"Darden Restaurants",143.75,"2021-07-22 15:00:02"
"Darden Restaurants",144.15,"2021-07-22 15:45:03"
"Darden Restaurants",144.40,"2021-07-22 16:15:03"
"Darden Restaurants",145.95,"2021-07-23 09:45:04"
"Darden Restaurants",144.64,"2021-07-23 11:00:01"
"Darden Restaurants",144.00,"2021-07-23 12:00:04"
"Darden Restaurants",143.93,"2021-07-23 13:00:02"
"Darden Restaurants",144.62,"2021-07-23 14:00:02"
"Darden Restaurants",144.76,"2021-07-23 15:00:02"
"Darden Restaurants",144.50,"2021-07-23 15:45:03"
"Darden Restaurants",144.52,"2021-07-23 16:15:02"
"Darden Restaurants",145.19,"2021-07-26 09:45:02"
"Darden Restaurants",144.60,"2021-07-26 11:00:04"
"Darden Restaurants",145.36,"2021-07-26 12:00:03"
"Darden Restaurants",145.19,"2021-07-26 13:00:04"
"Darden Restaurants",145.96,"2021-07-26 14:00:03"
"Darden Restaurants",146.13,"2021-07-26 15:00:02"
"Darden Restaurants",146.96,"2021-07-26 15:45:03"
"Darden Restaurants",147.35,"2021-07-26 16:15:02"
"Darden Restaurants",147.67,"2021-07-27 09:45:02"
"Darden Restaurants",148.00,"2021-07-27 11:00:03"
"Darden Restaurants",148.40,"2021-07-27 12:00:02"
"Darden Restaurants",149.04,"2021-07-27 13:00:02"
"Darden Restaurants",148.22,"2021-07-27 14:00:03"
"Darden Restaurants",148.73,"2021-07-27 15:00:03"
"Darden Restaurants",148.65,"2021-07-27 15:45:02"
"Darden Restaurants",149.51,"2021-07-27 16:15:03"
"Darden Restaurants",149.05,"2021-07-28 09:45:02"
"Darden Restaurants",148.73,"2021-07-28 11:00:02"
"Darden Restaurants",149.02,"2021-07-28 12:00:02"
"Darden Restaurants",148.50,"2021-07-28 13:00:03"
"Darden Restaurants",148.37,"2021-07-28 14:00:02"
"Darden Restaurants",148.79,"2021-07-28 15:00:01"
"Darden Restaurants",148.50,"2021-07-28 15:45:04"
"Darden Restaurants",148.20,"2021-07-28 16:15:03"
"Darden Restaurants",149.32,"2021-07-29 09:45:03"
"Darden Restaurants",149.82,"2021-07-29 11:00:02"
"Darden Restaurants",149.82,"2021-07-29 12:00:02"
"Darden Restaurants",150.37,"2021-07-29 13:00:03"
"Darden Restaurants",150.45,"2021-07-29 14:00:02"
"Darden Restaurants",150.30,"2021-07-29 15:00:03"
"Darden Restaurants",149.80,"2021-07-29 15:45:03"
"Darden Restaurants",150.23,"2021-07-29 16:15:04"
"Darden Restaurants",150.16,"2021-07-30 09:45:02"
"Darden Restaurants",146.41,"2021-07-30 11:00:02"
"Darden Restaurants",146.31,"2021-07-30 12:00:03"
"Darden Restaurants",145.91,"2021-07-30 13:00:02"
"Darden Restaurants",146.07,"2021-07-30 14:00:04"
"Darden Restaurants",145.64,"2021-07-30 15:00:02"
"Darden Restaurants",145.52,"2021-07-30 15:45:03"
"Darden Restaurants",144.94,"2021-07-30 16:15:03"
"Darden Restaurants",149.17,"2021-08-02 09:45:03"
"Darden Restaurants",147.46,"2021-08-02 11:00:02"
"Darden Restaurants",147.10,"2021-08-02 12:00:04"
"Darden Restaurants",147.94,"2021-08-02 13:00:02"
"Darden Restaurants",148.01,"2021-08-02 14:00:03"
"Darden Restaurants",148.40,"2021-08-02 15:00:02"
"Darden Restaurants",147.65,"2021-08-02 15:45:03"
"Darden Restaurants",147.50,"2021-08-02 16:15:02"
"Darden Restaurants",145.59,"2021-08-03 09:45:05"
"Darden Restaurants",145.50,"2021-08-03 11:00:04"
"Darden Restaurants",145.59,"2021-08-03 12:00:04"
"Darden Restaurants",145.38,"2021-08-03 13:00:02"
"Darden Restaurants",146.51,"2021-08-03 14:00:02"
"Darden Restaurants",146.17,"2021-08-03 15:00:03"
"Darden Restaurants",146.65,"2021-08-03 15:45:02"
"Darden Restaurants",146.83,"2021-08-03 16:15:04"
"Darden Restaurants",145.95,"2021-08-04 09:45:02"
"Darden Restaurants",147.23,"2021-08-04 11:00:04"
"Darden Restaurants",147.68,"2021-08-04 12:00:04"
"Darden Restaurants",147.62,"2021-08-04 13:00:04"
"Darden Restaurants",147.31,"2021-08-04 14:00:02"
"Darden Restaurants",146.77,"2021-08-04 15:00:02"
"Darden Restaurants",146.55,"2021-08-04 15:45:01"
"Darden Restaurants",146.40,"2021-08-04 16:15:03"
"Darden Restaurants",147.66,"2021-08-05 09:45:03"
"Darden Restaurants",146.76,"2021-08-05 11:00:04"
"Darden Restaurants",146.12,"2021-08-05 12:00:03"
"Darden Restaurants",144.95,"2021-08-05 13:00:02"
"Darden Restaurants",145.19,"2021-08-05 14:00:03"
"Darden Restaurants",144.65,"2021-08-05 15:00:02"
"Darden Restaurants",144.47,"2021-08-05 15:45:04"
"Darden Restaurants",145.75,"2021-08-05 16:15:03"
"Darden Restaurants",144.84,"2021-08-06 09:45:02"
"Darden Restaurants",144.05,"2021-08-06 11:00:04"
"Darden Restaurants",143.84,"2021-08-06 12:00:02"
"Darden Restaurants",144.00,"2021-08-06 13:00:02"
"Darden Restaurants",144.73,"2021-08-06 14:00:03"
"Darden Restaurants",144.77,"2021-08-06 15:00:04"
"Darden Restaurants",144.80,"2021-08-06 15:45:03"
"Darden Restaurants",144.70,"2021-08-06 16:15:03"
"Darden Restaurants",139.34,"2021-08-09 09:45:02"
"Darden Restaurants",138.41,"2021-08-09 11:00:02"
"Darden Restaurants",137.70,"2021-08-09 12:00:03"
"Darden Restaurants",137.72,"2021-08-09 13:00:03"
"Darden Restaurants",137.57,"2021-08-09 14:00:04"
"Darden Restaurants",137.59,"2021-08-09 15:00:03"
"Darden Restaurants",137.86,"2021-08-09 15:45:03"
"Darden Restaurants",138.00,"2021-08-09 16:15:03"
"Darden Restaurants",137.95,"2021-08-10 09:45:04"
"Darden Restaurants",140.07,"2021-08-10 11:00:03"
"Darden Restaurants",139.31,"2021-08-10 12:00:03"
"Darden Restaurants",140.10,"2021-08-10 13:00:03"
"Darden Restaurants",140.53,"2021-08-10 14:00:04"
"Darden Restaurants",140.50,"2021-08-10 15:00:03"
"Darden Restaurants",140.25,"2021-08-10 15:45:03"
"Darden Restaurants",140.22,"2021-08-10 16:15:02"
"Darden Restaurants",140.12,"2021-08-11 09:45:03"
"Darden Restaurants",140.70,"2021-08-11 11:00:02"
"Darden Restaurants",140.13,"2021-08-11 12:00:04"
"Darden Restaurants",140.78,"2021-08-11 13:00:04"
"Darden Restaurants",140.94,"2021-08-11 14:00:02"
"Darden Restaurants",141.11,"2021-08-11 15:00:03"
"Darden Restaurants",140.93,"2021-08-11 15:45:03"
"Darden Restaurants",141.09,"2021-08-11 16:15:03"
"Darden Restaurants",141.26,"2021-08-12 09:45:03"
"Darden Restaurants",140.47,"2021-08-12 11:00:04"
"Darden Restaurants",140.71,"2021-08-12 12:00:04"
"Darden Restaurants",140.11,"2021-08-12 13:00:03"
"Darden Restaurants",140.53,"2021-08-12 14:00:02"
"Darden Restaurants",140.94,"2021-08-12 15:00:02"
"Darden Restaurants",141.65,"2021-08-12 15:45:04"
"Darden Restaurants",141.96,"2021-08-12 16:15:03"
"Darden Restaurants",142.31,"2021-08-13 09:45:03"
"Darden Restaurants",142.39,"2021-08-13 11:00:02"
"Darden Restaurants",143.21,"2021-08-13 12:00:02"
"Darden Restaurants",142.79,"2021-08-13 13:00:04"
"Darden Restaurants",142.27,"2021-08-13 14:00:03"
"Darden Restaurants",142.00,"2021-08-13 15:00:03"
"Darden Restaurants",142.02,"2021-08-13 15:45:02"
"Darden Restaurants",141.99,"2021-08-13 16:15:02"
"Darden Restaurants",139.84,"2021-08-16 09:45:03"
"Darden Restaurants",139.30,"2021-08-16 11:00:02"
"Darden Restaurants",139.37,"2021-08-16 12:00:04"
"Darden Restaurants",139.11,"2021-08-16 13:00:04"
"Darden Restaurants",139.30,"2021-08-16 14:00:02"
"Darden Restaurants",139.71,"2021-08-16 15:00:04"
"Darden Restaurants",140.23,"2021-08-16 15:45:01"
"Darden Restaurants",140.22,"2021-08-16 16:15:03"
"Darden Restaurants",138.46,"2021-08-17 09:45:02"
"Darden Restaurants",137.48,"2021-08-17 11:00:03"
"Darden Restaurants",136.66,"2021-08-17 12:00:04"
"Darden Restaurants",135.96,"2021-08-17 13:00:03"
"Darden Restaurants",136.03,"2021-08-17 14:00:03"
"Darden Restaurants",135.90,"2021-08-17 15:00:02"
"Darden Restaurants",136.64,"2021-08-17 15:45:03"
"Darden Restaurants",137.50,"2021-08-17 16:15:02"
"Darden Restaurants",135.54,"2021-08-18 09:45:03"
"Darden Restaurants",137.90,"2021-08-18 11:00:03"
"Darden Restaurants",138.53,"2021-08-18 12:00:02"
"Darden Restaurants",138.41,"2021-08-18 13:00:02"
"Darden Restaurants",138.13,"2021-08-18 14:00:02"
"Darden Restaurants",138.22,"2021-08-18 15:00:04"
"Darden Restaurants",137.80,"2021-08-18 15:45:03"
"Darden Restaurants",137.01,"2021-08-18 16:15:03"
"Darden Restaurants",136.97,"2021-08-19 09:45:02"
"Darden Restaurants",134.00,"2021-08-19 11:00:02"
"Darden Restaurants",134.40,"2021-08-19 12:00:03"
"Darden Restaurants",134.94,"2021-08-19 13:00:03"
"Darden Restaurants",134.99,"2021-08-19 14:00:03"
"Darden Restaurants",135.92,"2021-08-19 15:00:03"
"Darden Restaurants",136.66,"2021-08-19 15:45:02"
"Darden Restaurants",136.76,"2021-08-19 16:15:08"
"Darden Restaurants",136.81,"2021-08-20 09:45:03"
"Darden Restaurants",138.35,"2021-08-20 11:00:04"
"Darden Restaurants",138.95,"2021-08-20 12:00:03"
"Darden Restaurants",138.75,"2021-08-20 13:00:03"
"Darden Restaurants",139.29,"2021-08-20 14:00:01"
"Darden Restaurants",139.09,"2021-08-20 15:00:03"
"Darden Restaurants",138.98,"2021-08-20 15:45:03"
"Darden Restaurants",139.31,"2021-08-20 16:15:02"
"Darden Restaurants",142.01,"2021-08-23 09:45:01"
"Darden Restaurants",141.04,"2021-08-23 11:00:03"
"Darden Restaurants",141.06,"2021-08-23 12:00:03"
"Darden Restaurants",141.68,"2021-08-23 13:00:03"
"Darden Restaurants",141.79,"2021-08-23 14:00:04"
"Darden Restaurants",142.19,"2021-08-23 15:00:03"
"Darden Restaurants",142.30,"2021-08-23 15:45:04"
"Darden Restaurants",142.27,"2021-08-23 16:15:08"
"Darden Restaurants",143.86,"2021-08-24 09:45:04"
"Darden Restaurants",143.84,"2021-08-24 11:00:03"
"Darden Restaurants",144.32,"2021-08-24 12:00:02"
"Darden Restaurants",145.69,"2021-08-24 13:00:02"
"Darden Restaurants",145.81,"2021-08-24 14:00:04"
"Darden Restaurants",146.17,"2021-08-24 15:00:03"
"Darden Restaurants",146.16,"2021-08-24 15:45:04"
"Darden Restaurants",145.87,"2021-08-24 16:15:03"
"Darden Restaurants",146.10,"2021-08-25 09:45:03"
"Darden Restaurants",147.84,"2021-08-25 11:00:02"
"Darden Restaurants",148.17,"2021-08-25 12:00:03"
"Darden Restaurants",148.30,"2021-08-25 13:00:03"
"Darden Restaurants",149.85,"2021-08-25 14:00:03"
"Darden Restaurants",150.37,"2021-08-25 15:00:02"
"Darden Restaurants",150.06,"2021-08-25 15:45:03"
"Darden Restaurants",150.05,"2021-08-25 16:15:08"
"Darden Restaurants",148.95,"2021-08-26 09:45:03"
"Darden Restaurants",148.92,"2021-08-26 11:00:03"
"Darden Restaurants",149.46,"2021-08-26 12:00:03"
"Darden Restaurants",148.63,"2021-08-26 13:00:03"
"Darden Restaurants",148.83,"2021-08-26 14:00:03"
"Darden Restaurants",148.17,"2021-08-26 15:00:03"
"Darden Restaurants",148.37,"2021-08-26 15:45:01"
"Darden Restaurants",148.65,"2021-08-26 16:15:08"
"Darden Restaurants",149.16,"2021-08-27 09:45:02"
"Darden Restaurants",151.75,"2021-08-27 11:00:03"
"Darden Restaurants",152.85,"2021-08-27 12:00:04"
"Darden Restaurants",153.24,"2021-08-27 13:00:03"
"Darden Restaurants",153.43,"2021-08-27 14:00:02"
"Darden Restaurants",153.79,"2021-08-27 15:00:04"
"Darden Restaurants",153.17,"2021-08-27 15:45:03"
"Darden Restaurants",153.08,"2021-08-27 16:15:08"
"Darden Restaurants",151.10,"2021-08-30 09:45:02"
"Darden Restaurants",150.12,"2021-08-30 11:00:03"
"Darden Restaurants",149.43,"2021-08-30 12:00:03"
"Darden Restaurants",149.50,"2021-08-30 13:00:03"
"Darden Restaurants",150.42,"2021-08-30 14:00:02"
"Darden Restaurants",150.47,"2021-08-30 15:00:03"
"Darden Restaurants",150.19,"2021-08-30 15:45:03"
"Darden Restaurants",149.85,"2021-08-30 16:15:03"
"Darden Restaurants",149.68,"2021-08-31 09:45:03"
"Darden Restaurants",149.58,"2021-08-31 11:00:03"
"Darden Restaurants",150.81,"2021-08-31 12:00:03"
"Darden Restaurants",150.80,"2021-08-31 13:00:04"
"Darden Restaurants",151.39,"2021-08-31 14:00:03"
"Darden Restaurants",150.61,"2021-08-31 15:00:03"
"Darden Restaurants",150.87,"2021-08-31 15:45:02"
"Darden Restaurants",150.65,"2021-08-31 16:15:02"
"Darden Restaurants",149.75,"2021-09-01 09:45:02"
"Darden Restaurants",150.33,"2021-09-01 11:00:03"
"Darden Restaurants",149.50,"2021-09-01 12:00:03"
"Darden Restaurants",150.45,"2021-09-01 13:00:01"
"Darden Restaurants",150.61,"2021-09-01 14:00:04"
"Darden Restaurants",151.02,"2021-09-01 15:00:02"
"Darden Restaurants",150.84,"2021-09-01 15:45:02"
"Darden Restaurants",151.17,"2021-09-01 16:15:02"
"Darden Restaurants",151.15,"2021-09-02 09:45:04"
"Darden Restaurants",151.49,"2021-09-02 11:00:02"
"Darden Restaurants",151.83,"2021-09-02 12:00:03"
"Darden Restaurants",151.10,"2021-09-02 13:00:02"
"Darden Restaurants",150.23,"2021-09-02 14:00:02"
"Darden Restaurants",150.42,"2021-09-02 15:00:04"
"Darden Restaurants",150.30,"2021-09-02 15:45:02"
"Darden Restaurants",150.56,"2021-09-02 16:15:02"
"Darden Restaurants",149.64,"2021-09-03 09:45:02"
"Darden Restaurants",149.96,"2021-09-03 11:00:03"
"Darden Restaurants",148.79,"2021-09-03 12:00:04"
"Darden Restaurants",148.34,"2021-09-03 13:00:03"
"Darden Restaurants",148.57,"2021-09-03 14:00:02"
"Darden Restaurants",148.03,"2021-09-03 15:00:02"
"Darden Restaurants",147.88,"2021-09-03 15:45:03"
"Darden Restaurants",148.47,"2021-09-03 16:15:03"
"Darden Restaurants",148.05,"2021-09-06 09:45:03"
"Darden Restaurants",148.05,"2021-09-06 11:00:03"
"Darden Restaurants",148.05,"2021-09-06 12:00:04"
"Darden Restaurants",148.05,"2021-09-06 13:00:02"
"Darden Restaurants",148.05,"2021-09-06 14:00:04"
"Darden Restaurants",148.05,"2021-09-06 15:00:03"
"Darden Restaurants",148.05,"2021-09-06 15:45:04"
"Darden Restaurants",148.05,"2021-09-06 16:15:03"
"Darden Restaurants",147.68,"2021-09-07 09:45:02"
"Darden Restaurants",146.97,"2021-09-07 11:00:02"
"Darden Restaurants",146.89,"2021-09-07 12:00:02"
"Darden Restaurants",147.59,"2021-09-07 13:00:04"
"Darden Restaurants",147.79,"2021-09-07 14:00:02"
"Darden Restaurants",147.70,"2021-09-07 15:00:03"
"Darden Restaurants",147.78,"2021-09-07 15:45:03"
"Darden Restaurants",147.55,"2021-09-07 16:15:03"
"Darden Restaurants",147.82,"2021-09-08 09:45:03"
"Darden Restaurants",146.19,"2021-09-08 11:00:03"
"Darden Restaurants",146.19,"2021-09-08 12:00:03"
"Darden Restaurants",146.81,"2021-09-08 13:00:03"
"Darden Restaurants",146.61,"2021-09-08 14:00:03"
"Darden Restaurants",147.54,"2021-09-08 15:00:03"
"Darden Restaurants",147.51,"2021-09-08 15:45:02"
"Darden Restaurants",147.27,"2021-09-08 16:15:03"
"Darden Restaurants",147.70,"2021-09-09 09:45:03"
"Darden Restaurants",149.76,"2021-09-09 11:00:03"
"Darden Restaurants",149.26,"2021-09-09 12:00:04"
"Darden Restaurants",149.34,"2021-09-09 13:00:03"
"Darden Restaurants",148.12,"2021-09-09 14:00:03"
"Darden Restaurants",148.23,"2021-09-09 15:00:02"
"Darden Restaurants",148.79,"2021-09-09 15:45:03"
"Darden Restaurants",148.94,"2021-09-09 16:15:07"
"Darden Restaurants",148.65,"2021-09-10 09:45:02"
"Darden Restaurants",148.04,"2021-09-10 11:00:03"
"Darden Restaurants",149.22,"2021-09-10 12:00:04"
"Darden Restaurants",149.95,"2021-09-10 13:00:03"
"Darden Restaurants",149.93,"2021-09-10 14:00:03"
"Darden Restaurants",150.04,"2021-09-10 15:00:02"
"Darden Restaurants",149.12,"2021-09-10 15:45:11"
"Darden Restaurants",148.66,"2021-09-10 16:15:08"
"Darden Restaurants",147.95,"2021-09-13 09:45:03"
"Darden Restaurants",149.68,"2021-09-13 11:00:02"
"Darden Restaurants",149.81,"2021-09-13 12:00:03"
"Darden Restaurants",149.34,"2021-09-13 13:00:02"
"Darden Restaurants",148.60,"2021-09-13 14:00:03"
"Darden Restaurants",149.17,"2021-09-13 15:00:03"
"Darden Restaurants",149.33,"2021-09-13 15:45:03"
"Darden Restaurants",149.61,"2021-09-13 16:15:03"
"Darden Restaurants",149.06,"2021-09-14 09:45:03"
"Darden Restaurants",148.17,"2021-09-14 11:00:03"
"Darden Restaurants",148.43,"2021-09-14 12:00:03"
"Darden Restaurants",148.72,"2021-09-14 13:00:03"
"Darden Restaurants",149.14,"2021-09-14 14:00:05"
"Darden Restaurants",148.37,"2021-09-14 15:00:04"
"Darden Restaurants",148.58,"2021-09-14 15:45:03"
"Darden Restaurants",148.62,"2021-09-14 16:15:08"
"Darden Restaurants",146.48,"2021-09-15 09:45:03"
"Darden Restaurants",147.55,"2021-09-15 11:00:03"
"Darden Restaurants",147.43,"2021-09-15 12:00:03"
"Darden Restaurants",147.26,"2021-09-15 13:00:04"
"Darden Restaurants",148.00,"2021-09-15 14:00:02"
"Darden Restaurants",148.00,"2021-09-15 15:00:03"
"Darden Restaurants",148.77,"2021-09-15 15:45:02"
"Darden Restaurants",149.01,"2021-09-15 16:15:08"
"Darden Restaurants",150.18,"2021-09-16 09:45:04"
"Darden Restaurants",150.48,"2021-09-16 11:00:04"
"Darden Restaurants",150.66,"2021-09-16 12:00:03"
"Darden Restaurants",150.60,"2021-09-16 13:00:02"
"Darden Restaurants",150.41,"2021-09-16 14:00:04"
"Darden Restaurants",150.60,"2021-09-16 15:00:03"
"Darden Restaurants",150.39,"2021-09-16 15:45:03"
"Darden Restaurants",150.30,"2021-09-16 16:15:09"
"Darden Restaurants",149.18,"2021-09-17 09:45:04"
"Darden Restaurants",148.98,"2021-09-17 11:00:04"
"Darden Restaurants",148.71,"2021-09-17 12:00:03"
"Darden Restaurants",148.76,"2021-09-17 13:00:04"
"Darden Restaurants",148.91,"2021-09-17 14:00:04"
"Darden Restaurants",148.91,"2021-09-17 15:00:03"
"Darden Restaurants",149.53,"2021-09-17 15:45:04"
"Darden Restaurants",149.74,"2021-09-17 16:15:05"
"Darden Restaurants",147.52,"2021-09-20 09:45:03"
"Darden Restaurants",147.88,"2021-09-20 11:00:02"
"Darden Restaurants",147.12,"2021-09-20 12:00:04"
"Darden Restaurants",147.07,"2021-09-20 13:00:06"
"Darden Restaurants",147.58,"2021-09-20 14:00:02"
"Darden Restaurants",147.46,"2021-09-20 15:00:02"
"Darden Restaurants",148.26,"2021-09-20 15:45:04"
"Darden Restaurants",148.69,"2021-09-20 16:15:09"
"Darden Restaurants",149.78,"2021-09-21 09:45:03"
"Darden Restaurants",146.24,"2021-09-21 11:00:03"
"Darden Restaurants",147.61,"2021-09-21 12:00:03"
"Darden Restaurants",146.83,"2021-09-21 13:00:03"
"Darden Restaurants",146.48,"2021-09-21 14:00:04"
"Darden Restaurants",147.59,"2021-09-21 15:00:03"
"Darden Restaurants",147.39,"2021-09-21 15:45:08"
"Darden Restaurants",147.26,"2021-09-21 16:15:02"
"Darden Restaurants",148.17,"2021-09-22 09:45:03"
"Darden Restaurants",149.61,"2021-09-22 11:00:04"
"Darden Restaurants",150.03,"2021-09-22 12:00:03"
"Darden Restaurants",149.74,"2021-09-22 13:00:09"
"Darden Restaurants",150.07,"2021-09-22 14:00:04"
"Darden Restaurants",150.71,"2021-09-22 15:00:09"
"Darden Restaurants",151.20,"2021-09-22 15:45:02"
"Darden Restaurants",149.13,"2021-09-22 16:15:02"
"Darden Restaurants",159.90,"2021-09-23 09:45:03"
"Darden Restaurants",158.56,"2021-09-23 11:00:04"
"Darden Restaurants",158.40,"2021-09-23 12:00:05"
"Darden Restaurants",159.85,"2021-09-23 13:00:05"
"Darden Restaurants",159.90,"2021-09-23 14:00:03"
"Darden Restaurants",159.80,"2021-09-23 15:00:02"
"Darden Restaurants",159.89,"2021-09-23 15:45:05"
"Darden Restaurants",159.26,"2021-09-23 16:15:01"
"Darden Restaurants",158.70,"2021-09-24 09:45:04"
"Darden Restaurants",158.97,"2021-09-24 11:00:03"
"Darden Restaurants",159.82,"2021-09-24 12:00:03"
"Darden Restaurants",160.40,"2021-09-24 13:00:02"
"Darden Restaurants",158.99,"2021-09-24 14:00:02"
"Darden Restaurants",159.16,"2021-09-24 15:00:02"
"Darden Restaurants",159.19,"2021-09-24 15:45:03"
"Darden Restaurants",159.15,"2021-09-24 16:15:08"
"Darden Restaurants",160.07,"2021-09-27 09:45:03"
"Darden Restaurants",158.03,"2021-09-27 11:00:03"
"Darden Restaurants",159.13,"2021-09-27 12:00:02"
"Darden Restaurants",158.37,"2021-09-27 13:00:04"
"Darden Restaurants",158.83,"2021-09-27 14:00:03"
"Darden Restaurants",159.69,"2021-09-27 15:00:03"
"Darden Restaurants",159.57,"2021-09-27 15:45:03"
"Darden Restaurants",159.81,"2021-09-27 16:15:03"
"Darden Restaurants",159.77,"2021-09-28 09:45:03"
"Darden Restaurants",159.74,"2021-09-28 11:00:02"
"Darden Restaurants",159.40,"2021-09-28 12:00:03"
"Darden Restaurants",158.16,"2021-09-28 13:00:02"
"Darden Restaurants",156.76,"2021-09-28 14:00:02"
"Darden Restaurants",157.28,"2021-09-28 15:00:02"
"Darden Restaurants",156.03,"2021-09-28 15:45:03"
"Darden Restaurants",155.87,"2021-09-28 16:15:02"
"Darden Restaurants",155.98,"2021-09-29 09:45:02"
"Darden Restaurants",156.54,"2021-09-29 11:00:04"
"Darden Restaurants",155.33,"2021-09-29 12:00:02"
"Darden Restaurants",154.66,"2021-09-29 13:00:02"
"Darden Restaurants",153.72,"2021-09-29 14:00:03"
"Darden Restaurants",154.26,"2021-09-29 15:00:03"
"Darden Restaurants",153.81,"2021-09-29 15:45:02"
"Darden Restaurants",154.35,"2021-09-29 16:15:02"
"Darden Restaurants",153.75,"2021-09-30 09:45:03"
"Darden Restaurants",152.18,"2021-09-30 11:00:02"
"Darden Restaurants",152.63,"2021-09-30 12:00:04"
"Darden Restaurants",152.44,"2021-09-30 13:00:03"
"Darden Restaurants",152.27,"2021-09-30 14:00:04"
"Darden Restaurants",152.76,"2021-09-30 15:00:04"
"Darden Restaurants",152.48,"2021-09-30 15:45:02"
"Darden Restaurants",151.47,"2021-09-30 16:15:09"
"Darden Restaurants",153.74,"2021-10-01 09:45:02"
"Darden Restaurants",153.08,"2021-10-01 11:00:02"
"Darden Restaurants",154.43,"2021-10-01 12:00:03"
"Darden Restaurants",154.88,"2021-10-01 13:00:03"
"Darden Restaurants",156.48,"2021-10-01 14:00:02"
"Darden Restaurants",156.88,"2021-10-01 15:00:03"
"Darden Restaurants",156.50,"2021-10-01 15:45:04"
"Darden Restaurants",155.96,"2021-10-01 16:15:01"
"Darden Restaurants",156.80,"2021-10-04 09:45:03"
"Darden Restaurants",156.32,"2021-10-04 11:00:03"
"Darden Restaurants",156.11,"2021-10-04 12:00:02"
"Darden Restaurants",155.68,"2021-10-04 13:00:02"
"Darden Restaurants",155.26,"2021-10-04 14:00:04"
"Darden Restaurants",155.28,"2021-10-04 15:00:03"
"Darden Restaurants",155.67,"2021-10-04 15:45:04"
"Darden Restaurants",155.72,"2021-10-04 16:15:03"
"Darden Restaurants",155.09,"2021-10-05 09:45:02"
"Darden Restaurants",157.93,"2021-10-05 11:00:04"
"Darden Restaurants",156.86,"2021-10-05 12:00:04"
"Darden Restaurants",156.80,"2021-10-05 13:00:02"
"Darden Restaurants",157.06,"2021-10-05 14:00:04"
"Darden Restaurants",157.59,"2021-10-05 15:00:03"
"Darden Restaurants",157.64,"2021-10-05 15:45:03"
"Darden Restaurants",156.77,"2021-10-05 16:15:04"
"Darden Restaurants",155.89,"2021-10-06 09:45:03"
"Darden Restaurants",155.39,"2021-10-06 11:00:03"
"Darden Restaurants",155.92,"2021-10-06 12:00:02"
"Darden Restaurants",156.02,"2021-10-06 13:00:02"
"Darden Restaurants",156.52,"2021-10-06 14:00:03"
"Darden Restaurants",157.23,"2021-10-06 15:00:02"
"Darden Restaurants",156.91,"2021-10-06 15:45:04"
"Darden Restaurants",157.34,"2021-10-06 16:15:04"
"Darden Restaurants",156.09,"2021-10-07 09:45:02"
"Darden Restaurants",157.12,"2021-10-07 11:00:03"
"Darden Restaurants",157.04,"2021-10-07 12:00:03"
"Darden Restaurants",156.38,"2021-10-07 13:00:04"
"Darden Restaurants",156.40,"2021-10-07 14:00:03"
"Darden Restaurants",155.70,"2021-10-07 15:00:03"
"Darden Restaurants",155.83,"2021-10-07 15:45:01"
"Darden Restaurants",155.80,"2021-10-07 16:15:04"
"Darden Restaurants",155.40,"2021-10-08 09:45:02"
"Darden Restaurants",156.56,"2021-10-08 11:00:04"
"Darden Restaurants",155.44,"2021-10-08 12:00:02"
"Darden Restaurants",155.36,"2021-10-08 13:00:03"
"Darden Restaurants",155.09,"2021-10-08 14:00:02"
"Darden Restaurants",155.26,"2021-10-08 15:00:03"
"Darden Restaurants",154.97,"2021-10-08 15:45:04"
"Darden Restaurants",154.58,"2021-10-08 16:15:04"
"Darden Restaurants",154.79,"2021-10-11 09:45:01"
"Darden Restaurants",155.02,"2021-10-11 11:00:03"
"Darden Restaurants",155.41,"2021-10-11 12:00:02"
"Darden Restaurants",154.07,"2021-10-11 13:00:03"
"Darden Restaurants",153.71,"2021-10-11 14:00:04"
"Darden Restaurants",153.71,"2021-10-11 15:00:03"
"Darden Restaurants",153.30,"2021-10-11 15:45:03"
"Darden Restaurants",152.86,"2021-10-11 16:15:03"
"Darden Restaurants",153.19,"2021-10-12 09:45:04"
"Darden Restaurants",153.10,"2021-10-12 11:00:03"
"Darden Restaurants",153.69,"2021-10-12 12:00:03"
"Darden Restaurants",153.69,"2021-10-12 13:00:03"
"Darden Restaurants",153.66,"2021-10-12 14:00:03"
"Darden Restaurants",152.90,"2021-10-12 15:00:02"
"Darden Restaurants",152.13,"2021-10-12 15:45:03"
"Darden Restaurants",152.19,"2021-10-12 16:15:01"
"Darden Restaurants",151.33,"2021-10-13 09:45:04"
"Darden Restaurants",149.43,"2021-10-13 11:00:03"
"Darden Restaurants",149.04,"2021-10-13 12:00:02"
"Darden Restaurants",149.66,"2021-10-13 13:00:04"
"Darden Restaurants",150.30,"2021-10-13 14:00:03"
"Darden Restaurants",150.24,"2021-10-13 15:00:03"
"Darden Restaurants",149.47,"2021-10-13 15:45:03"
"Darden Restaurants",149.34,"2021-10-13 16:15:02"
"Darden Restaurants",150.06,"2021-10-14 09:45:03"
"Darden Restaurants",151.00,"2021-10-14 11:00:02"
"Darden Restaurants",151.06,"2021-10-14 12:00:03"
"Darden Restaurants",150.77,"2021-10-14 13:00:04"
"Darden Restaurants",150.57,"2021-10-14 14:00:03"
"Darden Restaurants",151.23,"2021-10-14 15:00:04"
"Darden Restaurants",150.74,"2021-10-14 15:45:03"
"Darden Restaurants",150.54,"2021-10-14 16:15:04"
"Darden Restaurants",151.75,"2021-10-15 09:45:01"
"Darden Restaurants",150.49,"2021-10-15 11:00:03"
"Darden Restaurants",150.62,"2021-10-15 12:00:02"
"Darden Restaurants",150.29,"2021-10-15 13:00:04"
"Darden Restaurants",150.07,"2021-10-15 14:00:03"
"Darden Restaurants",149.82,"2021-10-15 15:00:05"
"Darden Restaurants",149.72,"2021-10-15 15:45:04"
"Darden Restaurants",149.10,"2021-10-15 16:15:03"
"Darden Restaurants",147.76,"2021-10-18 09:45:04"
"Darden Restaurants",148.19,"2021-10-18 11:00:03"
"Darden Restaurants",148.20,"2021-10-18 12:00:02"
"Darden Restaurants",147.91,"2021-10-18 13:00:05"
"Darden Restaurants",147.96,"2021-10-18 14:00:01"
"Darden Restaurants",148.05,"2021-10-18 15:00:05"
"Darden Restaurants",148.17,"2021-10-18 15:45:05"
"Darden Restaurants",148.82,"2021-10-18 16:15:05"
"Darden Restaurants",148.53,"2021-10-19 09:45:04"
"Darden Restaurants",148.10,"2021-10-19 11:00:04"
"Darden Restaurants",147.59,"2021-10-19 12:00:05"
"Darden Restaurants",147.41,"2021-10-19 13:00:02"
"Darden Restaurants",147.47,"2021-10-19 14:00:05"
"Darden Restaurants",145.81,"2021-10-19 15:00:02"
"Darden Restaurants",146.08,"2021-10-19 15:45:03"
"Darden Restaurants",146.55,"2021-10-19 16:15:02"
"Darden Restaurants",144.23,"2021-10-20 09:45:03"
"Darden Restaurants",145.39,"2021-10-20 11:00:04"
"Darden Restaurants",145.02,"2021-10-20 12:00:04"
"Darden Restaurants",144.96,"2021-10-20 13:00:05"
"Darden Restaurants",143.88,"2021-10-20 14:00:04"
"Darden Restaurants",142.90,"2021-10-20 15:00:05"
"Darden Restaurants",142.62,"2021-10-20 15:45:02"
"Darden Restaurants",143.70,"2021-10-20 16:15:05"
"Darden Restaurants",143.76,"2021-10-21 09:45:04"
"Darden Restaurants",144.90,"2021-10-21 11:00:05"
"Darden Restaurants",145.00,"2021-10-21 12:00:04"
"Darden Restaurants",145.50,"2021-10-21 13:00:05"
"Darden Restaurants",145.07,"2021-10-21 14:00:02"
"Darden Restaurants",145.12,"2021-10-21 15:00:04"
"Darden Restaurants",145.32,"2021-10-21 15:45:04"
"Darden Restaurants",145.69,"2021-10-21 16:15:02"
"Darden Restaurants",144.68,"2021-10-22 09:45:02"
"Darden Restaurants",143.88,"2021-10-22 11:00:04"
"Darden Restaurants",143.92,"2021-10-22 12:00:04"
"Darden Restaurants",144.52,"2021-10-22 13:00:04"
"Darden Restaurants",145.28,"2021-10-22 14:00:03"
"Darden Restaurants",145.30,"2021-10-22 15:00:02"
"Darden Restaurants",145.57,"2021-10-22 15:45:02"
"Darden Restaurants",145.59,"2021-10-22 16:15:04"
"Darden Restaurants",144.43,"2021-10-25 09:45:05"
"Darden Restaurants",144.58,"2021-10-25 11:00:08"
"Darden Restaurants",144.05,"2021-10-25 12:00:02"
"Darden Restaurants",143.61,"2021-10-25 13:00:05"
"Darden Restaurants",143.58,"2021-10-25 14:00:05"
"Darden Restaurants",144.25,"2021-10-25 15:00:02"
"Darden Restaurants",143.41,"2021-10-25 15:45:02"
"Darden Restaurants",143.47,"2021-10-25 16:15:04"
"Darden Restaurants",144.81,"2021-10-26 09:45:05"
"Darden Restaurants",145.30,"2021-10-26 11:00:05"
"Darden Restaurants",144.61,"2021-10-26 12:00:05"
"Darden Restaurants",144.24,"2021-10-26 13:00:02"
"Darden Restaurants",145.16,"2021-10-26 14:00:05"
"Darden Restaurants",145.31,"2021-10-26 15:00:03"
"Darden Restaurants",145.56,"2021-10-26 15:45:03"
"Darden Restaurants",145.51,"2021-10-26 16:15:08"
"Darden Restaurants",144.95,"2021-10-27 09:45:03"
"Darden Restaurants",144.08,"2021-10-27 11:00:02"
"Darden Restaurants",144.35,"2021-10-27 12:00:02"
"Darden Restaurants",144.30,"2021-10-27 13:00:03"
"Darden Restaurants",144.54,"2021-10-27 14:00:03"
"Darden Restaurants",144.51,"2021-10-27 15:00:04"
"Darden Restaurants",143.94,"2021-10-27 15:45:05"
"Darden Restaurants",143.69,"2021-10-27 16:15:05"
"Darden Restaurants",143.84,"2021-10-28 09:45:05"
"Darden Restaurants",143.23,"2021-10-28 11:00:05"
"Darden Restaurants",142.85,"2021-10-28 12:00:02"
"Darden Restaurants",143.26,"2021-10-28 13:00:04"
"Darden Restaurants",144.43,"2021-10-28 14:00:04"
"Darden Restaurants",144.64,"2021-10-28 15:00:05"
"Darden Restaurants",144.40,"2021-10-28 15:45:02"
"Darden Restaurants",144.88,"2021-10-28 16:15:09"
"Darden Restaurants",145.28,"2021-10-29 09:45:04"
"Darden Restaurants",146.27,"2021-10-29 11:00:05"
"Darden Restaurants",146.36,"2021-10-29 12:00:02"
"Darden Restaurants",145.62,"2021-10-29 13:00:05"
"Darden Restaurants",144.82,"2021-10-29 14:00:05"
"Darden Restaurants",143.92,"2021-10-29 15:00:05"
"Darden Restaurants",144.16,"2021-10-29 15:45:05"
"Darden Restaurants",144.13,"2021-10-29 16:15:02"
"Darden Restaurants",145.00,"2021-11-01 09:45:02"
"Darden Restaurants",145.92,"2021-11-01 11:00:05"
"Darden Restaurants",146.63,"2021-11-01 12:00:03"
"Darden Restaurants",147.21,"2021-11-01 13:00:04"
"Darden Restaurants",147.64,"2021-11-01 14:00:02"
"Darden Restaurants",147.47,"2021-11-01 15:00:04"
"Darden Restaurants",148.33,"2021-11-01 15:45:04"
"Darden Restaurants",148.01,"2021-11-01 16:15:02"
"Darden Restaurants",146.19,"2021-11-02 09:45:02"
"Darden Restaurants",144.51,"2021-11-02 11:00:04"
"Darden Restaurants",143.29,"2021-11-02 12:00:06"
"Darden Restaurants",143.71,"2021-11-02 13:00:03"
"Darden Restaurants",143.59,"2021-11-02 14:00:03"
"Darden Restaurants",144.19,"2021-11-02 15:00:03"
"Darden Restaurants",143.92,"2021-11-02 15:45:06"
"Darden Restaurants",143.64,"2021-11-02 16:15:03"
"Darden Restaurants",143.52,"2021-11-03 09:45:05"
"Darden Restaurants",146.52,"2021-11-03 11:00:05"
"Darden Restaurants",144.76,"2021-11-03 12:00:01"
"Darden Restaurants",144.48,"2021-11-03 13:00:05"
"Darden Restaurants",144.64,"2021-11-03 14:00:04"
"Darden Restaurants",146.30,"2021-11-03 15:00:05"
"Darden Restaurants",145.53,"2021-11-03 15:45:03"
"Darden Restaurants",145.18,"2021-11-03 16:15:07"
"Darden Restaurants",147.12,"2021-11-04 09:45:05"
"Darden Restaurants",147.61,"2021-11-04 11:00:04"
"Darden Restaurants",147.36,"2021-11-04 12:00:02"
"Darden Restaurants",147.07,"2021-11-04 13:00:04"
"Darden Restaurants",147.01,"2021-11-04 14:00:02"
"Darden Restaurants",146.34,"2021-11-04 15:00:05"
"Darden Restaurants",146.27,"2021-11-04 15:45:05"
"Darden Restaurants",146.07,"2021-11-04 16:15:03"
"Darden Restaurants",155.08,"2021-11-05 09:45:05"
"Darden Restaurants",153.66,"2021-11-05 11:00:03"
"Darden Restaurants",154.91,"2021-11-05 12:00:03"
"Darden Restaurants",154.50,"2021-11-05 13:00:05"
"Darden Restaurants",154.44,"2021-11-05 14:00:05"
"Darden Restaurants",154.21,"2021-11-05 15:00:03"
"Darden Restaurants",154.74,"2021-11-05 15:45:05"
"Darden Restaurants",154.54,"2021-11-05 16:15:02"
"Darden Restaurants",153.65,"2021-11-08 09:45:05"
"Darden Restaurants",153.62,"2021-11-08 11:00:04"
"Darden Restaurants",153.05,"2021-11-08 12:00:03"
"Darden Restaurants",153.45,"2021-11-08 13:00:05"
"Darden Restaurants",153.81,"2021-11-08 14:00:04"
"Darden Restaurants",153.56,"2021-11-08 15:00:03"
"Darden Restaurants",153.17,"2021-11-08 15:45:05"
"Darden Restaurants",153.47,"2021-11-08 16:15:05"
"Darden Restaurants",154.16,"2021-11-09 09:45:03"
"Darden Restaurants",154.58,"2021-11-09 11:00:03"
"Darden Restaurants",154.56,"2021-11-09 12:00:03"
"Darden Restaurants",154.73,"2021-11-09 13:00:03"
"Darden Restaurants",154.58,"2021-11-09 14:00:02"
"Darden Restaurants",155.13,"2021-11-09 15:00:03"
"Darden Restaurants",155.16,"2021-11-09 15:45:02"
"Darden Restaurants",155.37,"2021-11-09 16:15:14"
"Darden Restaurants",154.02,"2021-11-10 09:45:03"
"Darden Restaurants",153.44,"2021-11-10 11:00:03"
"Darden Restaurants",153.85,"2021-11-10 12:00:04"
"Darden Restaurants",152.92,"2021-11-10 13:00:02"
"Darden Restaurants",151.97,"2021-11-10 14:00:03"
"Darden Restaurants",151.10,"2021-11-10 15:00:04"
"Darden Restaurants",151.74,"2021-11-10 15:45:04"
"Darden Restaurants",151.63,"2021-11-10 16:15:09"
"Darden Restaurants",150.64,"2021-11-11 09:45:03"
"Darden Restaurants",151.48,"2021-11-11 11:00:04"
"Darden Restaurants",152.19,"2021-11-11 12:00:04"
"Darden Restaurants",151.85,"2021-11-11 13:00:02"
"Darden Restaurants",150.95,"2021-11-11 14:00:02"
"Darden Restaurants",151.21,"2021-11-11 15:00:04"
"Darden Restaurants",151.26,"2021-11-11 15:45:03"
"Darden Restaurants",151.09,"2021-11-11 16:15:03"
"Darden Restaurants",150.82,"2021-11-12 09:45:04"
"Darden Restaurants",150.28,"2021-11-12 11:00:04"
"Darden Restaurants",150.71,"2021-11-12 12:00:03"
"Darden Restaurants",150.14,"2021-11-12 13:00:03"
"Darden Restaurants",150.81,"2021-11-12 14:00:03"
"Darden Restaurants",150.68,"2021-11-12 15:00:04"
"Darden Restaurants",150.72,"2021-11-12 15:45:03"
"Darden Restaurants",150.19,"2021-11-12 16:15:02"
"Darden Restaurants",151.06,"2021-11-15 09:45:02"
"Darden Restaurants",148.91,"2021-11-15 11:00:02"
"Darden Restaurants",147.76,"2021-11-15 12:00:04"
"Darden Restaurants",147.33,"2021-11-15 13:00:03"
"Darden Restaurants",147.93,"2021-11-15 14:00:02"
"Darden Restaurants",148.09,"2021-11-15 15:00:03"
"Darden Restaurants",147.89,"2021-11-15 15:45:02"
"Darden Restaurants",147.65,"2021-11-15 16:15:08"
"Darden Restaurants",147.19,"2021-11-16 09:45:04"
"Darden Restaurants",147.01,"2021-11-16 11:00:04"
"Darden Restaurants",147.65,"2021-11-16 12:00:02"
"Darden Restaurants",147.37,"2021-11-16 13:00:03"
"Darden Restaurants",147.48,"2021-11-16 14:00:03"
"Darden Restaurants",147.38,"2021-11-16 15:00:04"
"Darden Restaurants",146.74,"2021-11-16 15:45:03"
"Darden Restaurants",146.67,"2021-11-16 16:15:04"
"Darden Restaurants",147.19,"2021-11-17 09:45:04"
"Darden Restaurants",146.77,"2021-11-17 11:00:03"
"Darden Restaurants",147.06,"2021-11-17 12:00:02"
"Darden Restaurants",146.71,"2021-11-17 13:00:04"
"Darden Restaurants",147.09,"2021-11-17 14:00:03"
"Darden Restaurants",147.25,"2021-11-17 15:00:03"
"Darden Restaurants",146.99,"2021-11-17 15:45:04"
"Darden Restaurants",146.94,"2021-11-17 16:15:08"
"Darden Restaurants",146.52,"2021-11-18 09:45:04"
"Darden Restaurants",145.99,"2021-11-18 11:00:03"
"Darden Restaurants",146.12,"2021-11-18 12:00:04"
"Darden Restaurants",145.87,"2021-11-18 13:00:03"
"Darden Restaurants",145.74,"2021-11-18 14:00:04"
"Darden Restaurants",146.00,"2021-11-18 15:00:04"
"Darden Restaurants",145.66,"2021-11-18 15:45:04"
"Darden Restaurants",145.92,"2021-11-18 16:15:08"
"Darden Restaurants",142.17,"2021-11-19 09:45:04"
"Darden Restaurants",142.62,"2021-11-19 11:00:03"
"Darden Restaurants",142.93,"2021-11-19 12:00:02"
"Darden Restaurants",142.89,"2021-11-19 13:00:05"
"Darden Restaurants",142.72,"2021-11-19 14:00:02"
"Darden Restaurants",143.31,"2021-11-19 15:00:03"
"Darden Restaurants",142.71,"2021-11-19 15:45:03"
"Darden Restaurants",143.15,"2021-11-19 16:15:09"
"Darden Restaurants",145.75,"2021-11-22 09:45:04"
"Darden Restaurants",147.00,"2021-11-22 11:00:03"
"Darden Restaurants",145.74,"2021-11-22 12:00:03"
"Darden Restaurants",146.46,"2021-11-22 13:00:04"
"Darden Restaurants",146.50,"2021-11-22 14:00:03"
"Darden Restaurants",147.29,"2021-11-22 15:00:03"
"Darden Restaurants",147.32,"2021-11-22 15:45:03"
"Darden Restaurants",146.89,"2021-11-22 16:15:02"
"Darden Restaurants",149.24,"2021-11-23 09:45:03"
"Darden Restaurants",147.37,"2021-11-23 11:00:04"
"Darden Restaurants",147.18,"2021-11-23 12:00:04"
"Darden Restaurants",147.90,"2021-11-23 13:00:02"
"Darden Restaurants",148.09,"2021-11-23 14:00:04"
"Darden Restaurants",148.87,"2021-11-23 15:00:04"
"Darden Restaurants",148.71,"2021-11-23 15:45:03"
"Darden Restaurants",148.41,"2021-11-23 16:15:04"
"Darden Restaurants",147.10,"2021-11-24 09:45:03"
"Darden Restaurants",147.71,"2021-11-24 11:00:03"
"Darden Restaurants",148.68,"2021-11-24 12:00:03"
"Darden Restaurants",148.82,"2021-11-24 13:00:03"
"Darden Restaurants",148.68,"2021-11-24 14:00:03"
"Darden Restaurants",148.75,"2021-11-24 15:00:02"
"Darden Restaurants",148.82,"2021-11-24 15:45:03"
"Darden Restaurants",148.33,"2021-11-24 16:15:03"
"Darden Restaurants",148.33,"2021-11-25 09:45:02"
"Darden Restaurants",148.33,"2021-11-25 11:00:02"
"Darden Restaurants",148.33,"2021-11-25 12:00:03"
"Darden Restaurants",148.33,"2021-11-25 13:00:03"
"Darden Restaurants",148.33,"2021-11-25 14:00:03"
"Darden Restaurants",148.33,"2021-11-25 15:00:04"
"Darden Restaurants",148.33,"2021-11-25 15:45:03"
"Darden Restaurants",148.33,"2021-11-25 16:15:03"
"Darden Restaurants",139.34,"2021-11-26 09:45:02"
"Darden Restaurants",137.94,"2021-11-26 11:00:04"
"Darden Restaurants",137.78,"2021-11-26 12:00:03"
"Darden Restaurants",140.55,"2021-11-26 13:00:05"
"Darden Restaurants",140.55,"2021-11-26 14:00:04"
"Darden Restaurants",140.55,"2021-11-26 15:00:03"
"Darden Restaurants",140.55,"2021-11-26 15:45:03"
"Darden Restaurants",140.55,"2021-11-26 16:15:03"
"Darden Restaurants",141.86,"2021-11-29 09:45:03"
"Darden Restaurants",140.74,"2021-11-29 11:00:03"
"Darden Restaurants",141.50,"2021-11-29 12:00:03"
"Darden Restaurants",142.95,"2021-11-29 13:00:03"
"Darden Restaurants",141.79,"2021-11-29 14:00:04"
"Darden Restaurants",142.08,"2021-11-29 15:00:02"
"Darden Restaurants",141.48,"2021-11-29 15:45:03"
"Darden Restaurants",141.76,"2021-11-29 16:15:02"
"Darden Restaurants",140.77,"2021-11-30 09:45:04"
"Darden Restaurants",138.17,"2021-11-30 11:00:03"
"Darden Restaurants",137.15,"2021-11-30 12:00:03"
"Darden Restaurants",138.13,"2021-11-30 13:00:03"
"Darden Restaurants",138.68,"2021-11-30 14:00:04"
"Darden Restaurants",137.99,"2021-11-30 15:00:04"
"Darden Restaurants",138.41,"2021-11-30 15:45:03"
"Darden Restaurants",137.94,"2021-11-30 16:15:03"
"Darden Restaurants",143.41,"2021-12-01 09:45:04"
"Darden Restaurants",144.79,"2021-12-01 11:00:03"
"Darden Restaurants",142.37,"2021-12-01 12:00:02"
"Darden Restaurants",140.96,"2021-12-01 13:00:03"
"Darden Restaurants",140.24,"2021-12-01 14:00:04"
"Darden Restaurants",138.06,"2021-12-01 15:00:03"
"Darden Restaurants",137.42,"2021-12-01 15:45:02"
"Darden Restaurants",136.77,"2021-12-01 16:15:03"
"Darden Restaurants",140.61,"2021-12-02 09:45:03"
"Darden Restaurants",139.24,"2021-12-02 11:00:03"
"Darden Restaurants",142.47,"2021-12-02 12:00:02"
"Darden Restaurants",143.30,"2021-12-02 13:00:03"
"Darden Restaurants",144.00,"2021-12-02 14:00:04"
"Darden Restaurants",144.04,"2021-12-02 15:00:04"
"Darden Restaurants",143.60,"2021-12-02 15:45:03"
"Darden Restaurants",143.02,"2021-12-02 16:15:03"
"Darden Restaurants",142.02,"2021-12-03 09:45:03"
"Darden Restaurants",142.05,"2021-12-03 11:00:03"
"Darden Restaurants",142.01,"2021-12-03 12:00:02"
"Darden Restaurants",143.50,"2021-12-03 13:00:02"
"Darden Restaurants",142.35,"2021-12-03 14:00:02"
"Darden Restaurants",141.89,"2021-12-03 15:00:03"
"Darden Restaurants",141.78,"2021-12-03 15:45:03"
"Darden Restaurants",142.29,"2021-12-03 16:15:04"
"Darden Restaurants",143.26,"2021-12-06 09:45:02"
"Darden Restaurants",145.69,"2021-12-06 11:00:02"
"Darden Restaurants",147.06,"2021-12-06 12:00:03"
"Darden Restaurants",147.23,"2021-12-06 13:00:01"
"Darden Restaurants",148.39,"2021-12-06 14:00:03"
"Darden Restaurants",147.21,"2021-12-06 15:00:04"
"Darden Restaurants",146.94,"2021-12-06 15:45:03"
"Darden Restaurants",146.83,"2021-12-06 16:15:03"
"Darden Restaurants",149.56,"2021-12-07 09:45:05"
"Darden Restaurants",149.96,"2021-12-07 11:00:03"
"Darden Restaurants",148.34,"2021-12-07 12:00:03"
"Darden Restaurants",149.58,"2021-12-07 13:00:02"
"Darden Restaurants",149.80,"2021-12-07 14:00:03"
"Darden Restaurants",149.41,"2021-12-07 15:00:04"
"Darden Restaurants",148.25,"2021-12-07 15:45:03"
"Darden Restaurants",148.05,"2021-12-07 16:15:05"
"Darden Restaurants",149.80,"2021-12-08 09:45:02"
"Darden Restaurants",150.87,"2021-12-08 11:00:03"
"Darden Restaurants",151.23,"2021-12-08 12:00:03"
"Darden Restaurants",151.16,"2021-12-08 13:00:02"
"Darden Restaurants",151.09,"2021-12-08 14:00:02"
"Darden Restaurants",151.01,"2021-12-08 15:00:03"
"Darden Restaurants",151.13,"2021-12-08 15:45:03"
"Darden Restaurants",150.64,"2021-12-08 16:15:05"
"Darden Restaurants",150.79,"2021-12-09 09:45:04"
"Darden Restaurants",150.73,"2021-12-09 11:00:02"
"Darden Restaurants",151.40,"2021-12-09 12:00:03"
"Darden Restaurants",151.71,"2021-12-09 13:00:03"
"Darden Restaurants",151.10,"2021-12-09 14:00:04"
"Darden Restaurants",150.80,"2021-12-09 15:00:03"
"Darden Restaurants",150.50,"2021-12-09 15:45:02"
"Darden Restaurants",149.59,"2021-12-09 16:15:03"
"Darden Restaurants",150.95,"2021-12-10 09:45:02"
"Darden Restaurants",150.17,"2021-12-10 11:00:02"
"Darden Restaurants",150.29,"2021-12-10 12:00:03"
"Darden Restaurants",150.35,"2021-12-10 13:00:04"
"Darden Restaurants",151.52,"2021-12-10 14:00:04"
"Darden Restaurants",151.80,"2021-12-10 15:00:02"
"Darden Restaurants",152.26,"2021-12-10 15:45:03"
"Darden Restaurants",151.85,"2021-12-10 16:15:02"
"Darden Restaurants",150.72,"2021-12-13 09:45:03"
"Darden Restaurants",149.19,"2021-12-13 11:00:04"
"Darden Restaurants",147.19,"2021-12-13 12:00:05"
"Darden Restaurants",147.13,"2021-12-13 13:00:02"
"Darden Restaurants",147.39,"2021-12-13 14:00:03"
"Darden Restaurants",147.81,"2021-12-13 15:00:03"
