"Edwards Lifesciences",83.00,"2021-03-01 03:06:18"
"Edwards Lifesciences",85.08,"2021-03-01 13:01:11"
"Edwards Lifesciences",85.46,"2021-03-01 13:35:28"
"Edwards Lifesciences",85.49,"2021-03-01 13:56:46"
"Edwards Lifesciences",85.49,"2021-03-01 14:00:06"
"Edwards Lifesciences",85.52,"2021-03-01 15:00:05"
"Edwards Lifesciences",85.54,"2021-03-01 15:45:03"
"Edwards Lifesciences",85.40,"2021-03-01 16:15:03"
"Edwards Lifesciences",86.08,"2021-03-02 09:45:02"
"Edwards Lifesciences",86.27,"2021-03-02 11:00:07"
"Edwards Lifesciences",86.46,"2021-03-02 12:00:08"
"Edwards Lifesciences",86.18,"2021-03-02 13:00:07"
"Edwards Lifesciences",86.34,"2021-03-02 14:00:05"
"Edwards Lifesciences",86.53,"2021-03-02 15:00:06"
"Edwards Lifesciences",86.48,"2021-03-02 15:45:03"
"Edwards Lifesciences",86.28,"2021-03-02 16:15:04"
"Edwards Lifesciences",85.97,"2021-03-03 09:45:05"
"Edwards Lifesciences",85.00,"2021-03-03 11:00:07"
"Edwards Lifesciences",85.35,"2021-03-03 12:00:07"
"Edwards Lifesciences",84.96,"2021-03-03 13:00:05"
"Edwards Lifesciences",85.02,"2021-03-03 14:00:05"
"Edwards Lifesciences",84.58,"2021-03-03 15:00:06"
"Edwards Lifesciences",84.64,"2021-03-03 15:45:03"
"Edwards Lifesciences",84.25,"2021-03-03 16:15:02"
"Edwards Lifesciences",84.59,"2021-03-04 09:45:02"
"Edwards Lifesciences",83.53,"2021-03-04 11:00:05"
"Edwards Lifesciences",83.65,"2021-03-04 12:00:08"
"Edwards Lifesciences",82.20,"2021-03-04 13:00:06"
"Edwards Lifesciences",81.27,"2021-03-04 14:00:06"
"Edwards Lifesciences",82.30,"2021-03-04 15:00:07"
"Edwards Lifesciences",82.08,"2021-03-04 15:45:02"
"Edwards Lifesciences",81.88,"2021-03-04 16:15:03"
"Edwards Lifesciences",81.57,"2021-03-05 09:45:03"
"Edwards Lifesciences",79.51,"2021-03-05 11:00:09"
"Edwards Lifesciences",79.69,"2021-03-05 12:00:03"
"Edwards Lifesciences",80.42,"2021-03-05 13:00:06"
"Edwards Lifesciences",81.14,"2021-03-05 14:00:06"
"Edwards Lifesciences",81.77,"2021-03-05 15:00:07"
"Edwards Lifesciences",82.13,"2021-03-05 15:45:03"
"Edwards Lifesciences",81.72,"2021-03-05 16:15:04"
"Edwards Lifesciences",81.27,"2021-03-08 09:45:02"
"Edwards Lifesciences",81.98,"2021-03-08 11:00:03"
"Edwards Lifesciences",81.98,"2021-03-08 12:00:04"
"Edwards Lifesciences",81.84,"2021-03-08 13:00:05"
"Edwards Lifesciences",81.72,"2021-03-08 14:00:03"
"Edwards Lifesciences",81.35,"2021-03-08 15:00:03"
"Edwards Lifesciences",80.68,"2021-03-08 15:45:03"
"Edwards Lifesciences",80.32,"2021-03-08 16:15:03"
"Edwards Lifesciences",81.72,"2021-03-09 09:45:03"
"Edwards Lifesciences",83.16,"2021-03-09 11:00:03"
"Edwards Lifesciences",83.31,"2021-03-09 12:00:05"
"Edwards Lifesciences",82.92,"2021-03-09 13:00:03"
"Edwards Lifesciences",82.67,"2021-03-09 14:00:07"
"Edwards Lifesciences",82.58,"2021-03-09 15:00:02"
"Edwards Lifesciences",82.32,"2021-03-09 15:45:02"
"Edwards Lifesciences",82.02,"2021-03-09 16:15:03"
"Edwards Lifesciences",82.72,"2021-03-10 09:45:05"
"Edwards Lifesciences",83.52,"2021-03-10 11:00:03"
"Edwards Lifesciences",83.50,"2021-03-10 12:00:04"
"Edwards Lifesciences",83.55,"2021-03-10 13:00:02"
"Edwards Lifesciences",82.85,"2021-03-10 14:00:03"
"Edwards Lifesciences",83.22,"2021-03-10 15:00:01"
"Edwards Lifesciences",83.07,"2021-03-10 15:45:03"
"Edwards Lifesciences",82.98,"2021-03-10 16:15:02"
"Edwards Lifesciences",83.28,"2021-03-11 09:45:04"
"Edwards Lifesciences",83.25,"2021-03-11 11:00:02"
"Edwards Lifesciences",83.96,"2021-03-11 12:00:04"
"Edwards Lifesciences",83.93,"2021-03-11 13:00:03"
"Edwards Lifesciences",83.59,"2021-03-11 14:00:03"
"Edwards Lifesciences",83.36,"2021-03-11 15:00:03"
"Edwards Lifesciences",83.04,"2021-03-11 15:45:02"
"Edwards Lifesciences",82.97,"2021-03-11 16:15:03"
"Edwards Lifesciences",82.87,"2021-03-12 09:45:03"
"Edwards Lifesciences",82.42,"2021-03-12 11:00:04"
"Edwards Lifesciences",82.46,"2021-03-12 12:00:02"
"Edwards Lifesciences",82.24,"2021-03-12 13:00:01"
"Edwards Lifesciences",82.27,"2021-03-12 14:00:03"
"Edwards Lifesciences",82.28,"2021-03-12 15:00:06"
"Edwards Lifesciences",82.08,"2021-03-12 15:45:03"
"Edwards Lifesciences",82.07,"2021-03-12 16:15:02"
"Edwards Lifesciences",82.05,"2021-03-15 09:45:02"
"Edwards Lifesciences",81.12,"2021-03-15 11:00:03"
"Edwards Lifesciences",81.13,"2021-03-15 12:00:02"
"Edwards Lifesciences",81.16,"2021-03-15 13:00:03"
"Edwards Lifesciences",81.46,"2021-03-15 14:00:02"
"Edwards Lifesciences",81.30,"2021-03-15 15:00:03"
"Edwards Lifesciences",80.95,"2021-03-15 15:45:10"
"Edwards Lifesciences",81.14,"2021-03-15 16:15:02"
"Edwards Lifesciences",81.27,"2021-03-16 09:45:03"
"Edwards Lifesciences",81.41,"2021-03-16 11:00:02"
"Edwards Lifesciences",80.90,"2021-03-16 12:00:03"
"Edwards Lifesciences",80.91,"2021-03-16 13:00:04"
"Edwards Lifesciences",81.24,"2021-03-16 14:00:02"
"Edwards Lifesciences",80.97,"2021-03-16 15:00:04"
"Edwards Lifesciences",81.27,"2021-03-16 15:45:03"
"Edwards Lifesciences",81.26,"2021-03-16 16:15:04"
"Edwards Lifesciences",80.99,"2021-03-17 09:45:04"
"Edwards Lifesciences",80.48,"2021-03-17 11:00:03"
"Edwards Lifesciences",80.15,"2021-03-17 12:00:03"
"Edwards Lifesciences",79.80,"2021-03-17 13:00:02"
"Edwards Lifesciences",80.11,"2021-03-17 14:00:02"
"Edwards Lifesciences",80.58,"2021-03-17 15:00:04"
"Edwards Lifesciences",80.34,"2021-03-17 15:45:04"
"Edwards Lifesciences",80.38,"2021-03-17 16:15:03"
"Edwards Lifesciences",80.08,"2021-03-18 09:45:04"
"Edwards Lifesciences",79.50,"2021-03-18 11:00:03"
"Edwards Lifesciences",79.28,"2021-03-18 12:00:04"
"Edwards Lifesciences",79.49,"2021-03-18 13:00:03"
"Edwards Lifesciences",79.91,"2021-03-18 14:00:03"
"Edwards Lifesciences",79.16,"2021-03-18 15:00:04"
"Edwards Lifesciences",78.72,"2021-03-18 15:45:02"
"Edwards Lifesciences",78.68,"2021-03-18 16:15:03"
"Edwards Lifesciences",79.08,"2021-03-19 09:45:02"
"Edwards Lifesciences",79.42,"2021-03-19 11:00:03"
"Edwards Lifesciences",79.91,"2021-03-19 12:00:01"
"Edwards Lifesciences",79.80,"2021-03-19 13:00:03"
"Edwards Lifesciences",79.70,"2021-03-19 14:00:02"
"Edwards Lifesciences",79.68,"2021-03-19 15:00:03"
"Edwards Lifesciences",80.03,"2021-03-19 15:45:03"
"Edwards Lifesciences",79.49,"2021-03-19 16:15:04"
"Edwards Lifesciences",79.53,"2021-03-22 09:45:03"
"Edwards Lifesciences",79.83,"2021-03-22 11:00:02"
"Edwards Lifesciences",80.12,"2021-03-22 12:00:02"
"Edwards Lifesciences",79.86,"2021-03-22 13:00:02"
"Edwards Lifesciences",79.99,"2021-03-22 14:00:03"
"Edwards Lifesciences",79.92,"2021-03-22 15:00:02"
"Edwards Lifesciences",79.51,"2021-03-22 15:45:03"
"Edwards Lifesciences",79.66,"2021-03-22 16:15:04"
"Edwards Lifesciences",79.79,"2021-03-23 09:45:03"
"Edwards Lifesciences",80.58,"2021-03-23 11:00:02"
"Edwards Lifesciences",80.46,"2021-03-23 12:00:03"
"Edwards Lifesciences",80.18,"2021-03-23 13:00:04"
"Edwards Lifesciences",80.37,"2021-03-23 14:00:02"
"Edwards Lifesciences",80.07,"2021-03-23 15:00:01"
"Edwards Lifesciences",79.68,"2021-03-23 15:45:04"
"Edwards Lifesciences",79.77,"2021-03-23 16:15:02"
"Edwards Lifesciences",80.01,"2021-03-24 09:45:02"
"Edwards Lifesciences",80.50,"2021-03-24 11:00:03"
"Edwards Lifesciences",80.70,"2021-03-24 12:00:05"
"Edwards Lifesciences",80.38,"2021-03-24 13:00:03"
"Edwards Lifesciences",80.24,"2021-03-24 14:00:03"
"Edwards Lifesciences",80.40,"2021-03-24 15:00:03"
"Edwards Lifesciences",80.33,"2021-03-24 15:45:03"
"Edwards Lifesciences",80.21,"2021-03-24 16:15:02"
"Edwards Lifesciences",80.68,"2021-03-25 09:45:03"
"Edwards Lifesciences",79.52,"2021-03-25 11:00:04"
"Edwards Lifesciences",79.68,"2021-03-25 12:00:03"
"Edwards Lifesciences",80.17,"2021-03-25 13:00:03"
"Edwards Lifesciences",79.91,"2021-03-25 14:00:03"
"Edwards Lifesciences",80.34,"2021-03-25 15:00:03"
"Edwards Lifesciences",80.48,"2021-03-25 15:45:02"
"Edwards Lifesciences",80.55,"2021-03-25 16:15:03"
"Edwards Lifesciences",80.50,"2021-03-26 09:45:04"
"Edwards Lifesciences",80.36,"2021-03-26 11:00:03"
"Edwards Lifesciences",80.42,"2021-03-26 12:00:03"
"Edwards Lifesciences",81.31,"2021-03-26 13:00:02"
"Edwards Lifesciences",81.57,"2021-03-26 14:00:02"
"Edwards Lifesciences",82.01,"2021-03-26 15:00:04"
"Edwards Lifesciences",81.75,"2021-03-26 15:45:02"
"Edwards Lifesciences",82.30,"2021-03-26 16:15:03"
"Edwards Lifesciences",82.04,"2021-03-29 09:45:02"
"Edwards Lifesciences",81.36,"2021-03-29 11:00:02"
"Edwards Lifesciences",82.50,"2021-03-29 12:00:04"
"Edwards Lifesciences",82.80,"2021-03-29 13:00:05"
"Edwards Lifesciences",82.79,"2021-03-29 14:00:03"
"Edwards Lifesciences",83.14,"2021-03-29 15:00:05"
"Edwards Lifesciences",82.62,"2021-03-29 15:45:04"
"Edwards Lifesciences",82.43,"2021-03-29 16:15:03"
"Edwards Lifesciences",82.74,"2021-03-30 09:45:04"
"Edwards Lifesciences",82.22,"2021-03-30 11:00:02"
"Edwards Lifesciences",82.37,"2021-03-30 12:00:02"
"Edwards Lifesciences",82.45,"2021-03-30 13:00:04"
"Edwards Lifesciences",82.55,"2021-03-30 14:00:02"
"Edwards Lifesciences",82.90,"2021-03-30 15:00:01"
"Edwards Lifesciences",82.76,"2021-03-30 15:45:03"
"Edwards Lifesciences",82.85,"2021-03-30 16:15:03"
"Edwards Lifesciences",83.72,"2021-03-31 09:45:02"
"Edwards Lifesciences",83.83,"2021-03-31 11:00:02"
"Edwards Lifesciences",83.71,"2021-03-31 12:00:03"
"Edwards Lifesciences",83.91,"2021-03-31 13:00:03"
"Edwards Lifesciences",83.82,"2021-03-31 14:00:04"
"Edwards Lifesciences",84.22,"2021-03-31 15:00:03"
"Edwards Lifesciences",83.73,"2021-03-31 15:45:03"
"Edwards Lifesciences",83.64,"2021-03-31 16:15:02"
"Edwards Lifesciences",83.34,"2021-04-01 09:45:02"
"Edwards Lifesciences",84.29,"2021-04-01 11:00:04"
"Edwards Lifesciences",83.71,"2021-04-01 12:00:01"
"Edwards Lifesciences",83.85,"2021-04-01 13:00:03"
"Edwards Lifesciences",83.89,"2021-04-01 14:00:03"
"Edwards Lifesciences",83.62,"2021-04-01 15:00:03"
"Edwards Lifesciences",83.76,"2021-04-01 15:45:04"
"Edwards Lifesciences",83.84,"2021-04-01 16:15:03"
"Edwards Lifesciences",83.84,"2021-04-02 09:45:03"
"Edwards Lifesciences",83.84,"2021-04-02 11:00:03"
"Edwards Lifesciences",83.84,"2021-04-02 12:00:03"
"Edwards Lifesciences",83.84,"2021-04-02 13:00:03"
"Edwards Lifesciences",83.84,"2021-04-02 14:00:04"
"Edwards Lifesciences",83.84,"2021-04-02 15:00:04"
"Edwards Lifesciences",83.84,"2021-04-02 15:45:03"
"Edwards Lifesciences",83.84,"2021-04-02 16:15:02"
"Edwards Lifesciences",84.72,"2021-04-05 09:45:03"
"Edwards Lifesciences",85.52,"2021-04-05 11:00:03"
"Edwards Lifesciences",86.00,"2021-04-05 12:00:02"
"Edwards Lifesciences",85.98,"2021-04-05 13:00:04"
"Edwards Lifesciences",85.72,"2021-04-05 14:00:02"
"Edwards Lifesciences",85.70,"2021-04-05 15:00:04"
"Edwards Lifesciences",85.72,"2021-04-05 15:45:02"
"Edwards Lifesciences",85.74,"2021-04-05 16:15:03"
"Edwards Lifesciences",85.41,"2021-04-06 09:45:03"
"Edwards Lifesciences",86.05,"2021-04-06 11:00:03"
"Edwards Lifesciences",86.27,"2021-04-06 12:00:03"
"Edwards Lifesciences",85.94,"2021-04-06 13:00:02"
"Edwards Lifesciences",85.62,"2021-04-06 14:00:03"
"Edwards Lifesciences",85.75,"2021-04-06 15:00:03"
"Edwards Lifesciences",85.48,"2021-04-06 15:45:03"
"Edwards Lifesciences",85.30,"2021-04-06 16:15:02"
"Edwards Lifesciences",85.88,"2021-04-07 09:45:03"
"Edwards Lifesciences",85.35,"2021-04-07 11:00:02"
"Edwards Lifesciences",84.92,"2021-04-07 12:00:04"
"Edwards Lifesciences",84.57,"2021-04-07 13:00:03"
"Edwards Lifesciences",84.38,"2021-04-07 14:00:03"
"Edwards Lifesciences",84.23,"2021-04-07 15:00:05"
"Edwards Lifesciences",84.47,"2021-04-07 15:45:03"
"Edwards Lifesciences",84.12,"2021-04-07 16:15:01"
"Edwards Lifesciences",84.77,"2021-04-08 09:45:06"
"Edwards Lifesciences",84.86,"2021-04-08 11:00:05"
"Edwards Lifesciences",84.44,"2021-04-08 12:00:06"
"Edwards Lifesciences",84.42,"2021-04-08 13:00:06"
"Edwards Lifesciences",84.37,"2021-04-08 14:00:03"
"Edwards Lifesciences",84.26,"2021-04-08 15:00:03"
"Edwards Lifesciences",84.16,"2021-04-08 15:45:01"
"Edwards Lifesciences",84.16,"2021-04-08 16:15:03"
"Edwards Lifesciences",84.30,"2021-04-09 09:45:02"
"Edwards Lifesciences",84.11,"2021-04-09 11:00:05"
"Edwards Lifesciences",84.64,"2021-04-09 12:00:05"
"Edwards Lifesciences",84.80,"2021-04-09 13:00:04"
"Edwards Lifesciences",85.25,"2021-04-09 14:00:02"
"Edwards Lifesciences",85.44,"2021-04-09 15:00:06"
"Edwards Lifesciences",85.62,"2021-04-09 15:45:03"
"Edwards Lifesciences",85.99,"2021-04-09 16:15:02"
"Edwards Lifesciences",86.15,"2021-04-12 09:45:04"
"Edwards Lifesciences",86.12,"2021-04-12 11:00:04"
"Edwards Lifesciences",86.11,"2021-04-12 12:00:05"
"Edwards Lifesciences",86.15,"2021-04-12 13:00:02"
"Edwards Lifesciences",85.82,"2021-04-12 14:00:02"
"Edwards Lifesciences",85.96,"2021-04-12 15:00:06"
"Edwards Lifesciences",85.87,"2021-04-12 15:45:03"
"Edwards Lifesciences",85.82,"2021-04-12 16:15:03"
"Edwards Lifesciences",86.15,"2021-04-13 09:45:02"
"Edwards Lifesciences",85.90,"2021-04-13 11:00:05"
"Edwards Lifesciences",85.96,"2021-04-13 12:00:05"
"Edwards Lifesciences",86.15,"2021-04-13 13:00:02"
"Edwards Lifesciences",86.32,"2021-04-13 14:00:05"
"Edwards Lifesciences",86.41,"2021-04-13 15:00:02"
"Edwards Lifesciences",86.30,"2021-04-13 15:45:02"
"Edwards Lifesciences",86.26,"2021-04-13 16:15:02"
"Edwards Lifesciences",87.12,"2021-04-14 09:45:04"
"Edwards Lifesciences",86.75,"2021-04-14 11:00:02"
"Edwards Lifesciences",86.55,"2021-04-14 12:00:03"
"Edwards Lifesciences",86.60,"2021-04-14 13:00:03"
"Edwards Lifesciences",86.64,"2021-04-14 14:00:02"
"Edwards Lifesciences",86.33,"2021-04-14 15:00:05"
"Edwards Lifesciences",86.23,"2021-04-14 15:45:03"
"Edwards Lifesciences",86.25,"2021-04-14 16:15:03"
"Edwards Lifesciences",87.29,"2021-04-15 09:45:02"
"Edwards Lifesciences",87.91,"2021-04-15 11:00:04"
"Edwards Lifesciences",88.09,"2021-04-15 12:00:05"
"Edwards Lifesciences",88.29,"2021-04-15 13:00:02"
"Edwards Lifesciences",88.24,"2021-04-15 14:00:03"
"Edwards Lifesciences",88.05,"2021-04-15 15:00:05"
"Edwards Lifesciences",88.02,"2021-04-15 15:45:03"
"Edwards Lifesciences",88.00,"2021-04-15 16:15:03"
"Edwards Lifesciences",88.20,"2021-04-16 09:45:04"
"Edwards Lifesciences",88.36,"2021-04-16 11:00:02"
"Edwards Lifesciences",88.24,"2021-04-16 12:00:03"
"Edwards Lifesciences",88.42,"2021-04-16 13:00:03"
"Edwards Lifesciences",88.55,"2021-04-16 14:00:03"
"Edwards Lifesciences",88.52,"2021-04-16 15:00:04"
"Edwards Lifesciences",88.69,"2021-04-16 15:45:02"
"Edwards Lifesciences",89.01,"2021-04-16 16:15:02"
"Edwards Lifesciences",87.81,"2021-04-19 09:45:02"
"Edwards Lifesciences",88.87,"2021-04-19 11:00:03"
"Edwards Lifesciences",88.66,"2021-04-19 12:00:02"
"Edwards Lifesciences",88.73,"2021-04-19 13:00:03"
"Edwards Lifesciences",88.76,"2021-04-19 14:00:02"
"Edwards Lifesciences",88.89,"2021-04-19 15:00:04"
"Edwards Lifesciences",88.47,"2021-04-19 15:45:03"
"Edwards Lifesciences",88.59,"2021-04-19 16:15:03"
"Edwards Lifesciences",90.26,"2021-04-20 09:45:03"
"Edwards Lifesciences",90.65,"2021-04-20 11:00:05"
"Edwards Lifesciences",90.47,"2021-04-20 12:00:02"
"Edwards Lifesciences",90.44,"2021-04-20 13:00:04"
"Edwards Lifesciences",90.57,"2021-04-20 14:00:03"
"Edwards Lifesciences",90.11,"2021-04-20 15:00:03"
"Edwards Lifesciences",89.69,"2021-04-20 15:45:04"
"Edwards Lifesciences",89.70,"2021-04-20 16:15:02"
"Edwards Lifesciences",93.20,"2021-04-21 09:45:04"
"Edwards Lifesciences",94.77,"2021-04-21 11:00:06"
"Edwards Lifesciences",95.40,"2021-04-21 12:00:03"
"Edwards Lifesciences",94.81,"2021-04-21 13:00:02"
"Edwards Lifesciences",94.49,"2021-04-21 14:00:02"
"Edwards Lifesciences",94.33,"2021-04-21 15:00:03"
"Edwards Lifesciences",95.04,"2021-04-21 15:45:02"
"Edwards Lifesciences",95.24,"2021-04-21 16:15:03"
"Edwards Lifesciences",94.56,"2021-04-22 09:45:03"
"Edwards Lifesciences",95.37,"2021-04-22 11:00:03"
"Edwards Lifesciences",95.55,"2021-04-22 12:00:03"
"Edwards Lifesciences",95.71,"2021-04-22 13:00:04"
"Edwards Lifesciences",95.23,"2021-04-22 14:00:04"
"Edwards Lifesciences",95.96,"2021-04-22 15:00:04"
"Edwards Lifesciences",96.08,"2021-04-22 15:45:01"
"Edwards Lifesciences",96.15,"2021-04-22 16:15:02"
"Edwards Lifesciences",96.44,"2021-04-23 09:45:02"
"Edwards Lifesciences",97.52,"2021-04-23 11:00:07"
"Edwards Lifesciences",97.68,"2021-04-23 12:00:03"
"Edwards Lifesciences",97.79,"2021-04-23 13:00:02"
"Edwards Lifesciences",97.56,"2021-04-23 14:00:02"
"Edwards Lifesciences",97.93,"2021-04-23 15:00:07"
"Edwards Lifesciences",97.65,"2021-04-23 15:45:03"
"Edwards Lifesciences",97.45,"2021-04-23 16:15:04"
"Edwards Lifesciences",96.43,"2021-04-26 09:45:05"
"Edwards Lifesciences",95.78,"2021-04-26 11:00:02"
"Edwards Lifesciences",95.69,"2021-04-26 12:00:07"
"Edwards Lifesciences",96.23,"2021-04-26 13:00:02"
"Edwards Lifesciences",96.25,"2021-04-26 14:00:02"
"Edwards Lifesciences",96.37,"2021-04-26 15:00:02"
"Edwards Lifesciences",96.04,"2021-04-26 15:45:02"
"Edwards Lifesciences",96.10,"2021-04-26 16:15:03"
"Edwards Lifesciences",95.73,"2021-04-27 09:45:02"
"Edwards Lifesciences",95.99,"2021-04-27 11:00:05"
"Edwards Lifesciences",96.27,"2021-04-27 12:00:03"
"Edwards Lifesciences",96.36,"2021-04-27 13:00:04"
"Edwards Lifesciences",96.39,"2021-04-27 14:00:02"
"Edwards Lifesciences",96.22,"2021-04-27 15:00:02"
"Edwards Lifesciences",96.18,"2021-04-27 15:45:03"
"Edwards Lifesciences",96.15,"2021-04-27 16:15:03"
"Edwards Lifesciences",96.25,"2021-04-28 09:45:02"
"Edwards Lifesciences",96.60,"2021-04-28 11:00:02"
"Edwards Lifesciences",96.71,"2021-04-28 12:00:03"
"Edwards Lifesciences",96.53,"2021-04-28 13:00:02"
"Edwards Lifesciences",96.56,"2021-04-28 14:00:02"
"Edwards Lifesciences",96.87,"2021-04-28 15:00:08"
"Edwards Lifesciences",96.90,"2021-04-28 15:45:02"
"Edwards Lifesciences",96.78,"2021-04-28 16:15:02"
"Edwards Lifesciences",97.02,"2021-04-29 09:45:04"
"Edwards Lifesciences",96.70,"2021-04-29 11:00:05"
"Edwards Lifesciences",96.27,"2021-04-29 12:00:04"
"Edwards Lifesciences",96.39,"2021-04-29 13:00:02"
"Edwards Lifesciences",96.38,"2021-04-29 14:00:02"
"Edwards Lifesciences",96.70,"2021-04-29 15:00:02"
"Edwards Lifesciences",96.22,"2021-04-29 15:45:01"
"Edwards Lifesciences",96.05,"2021-04-29 16:15:02"
"Edwards Lifesciences",95.60,"2021-04-30 09:45:03"
"Edwards Lifesciences",95.12,"2021-04-30 11:00:03"
"Edwards Lifesciences",95.49,"2021-04-30 12:00:03"
"Edwards Lifesciences",95.38,"2021-04-30 13:00:02"
"Edwards Lifesciences",95.25,"2021-04-30 14:00:03"
"Edwards Lifesciences",95.42,"2021-04-30 15:00:06"
"Edwards Lifesciences",95.45,"2021-04-30 15:45:02"
"Edwards Lifesciences",95.52,"2021-04-30 16:15:04"
"Edwards Lifesciences",95.24,"2021-05-03 09:45:03"
"Edwards Lifesciences",94.79,"2021-05-03 11:00:02"
"Edwards Lifesciences",94.81,"2021-05-03 12:00:04"
"Edwards Lifesciences",94.53,"2021-05-03 13:00:03"
"Edwards Lifesciences",94.31,"2021-05-03 14:00:02"
"Edwards Lifesciences",94.35,"2021-05-03 15:00:02"
"Edwards Lifesciences",94.52,"2021-05-03 15:45:02"
"Edwards Lifesciences",94.22,"2021-05-03 16:15:03"
"Edwards Lifesciences",93.38,"2021-05-04 09:45:02"
"Edwards Lifesciences",93.08,"2021-05-04 11:00:02"
"Edwards Lifesciences",93.01,"2021-05-04 12:00:12"
"Edwards Lifesciences",92.68,"2021-05-04 13:00:02"
"Edwards Lifesciences",92.94,"2021-05-04 14:00:03"
"Edwards Lifesciences",92.80,"2021-05-04 15:00:02"
"Edwards Lifesciences",92.85,"2021-05-04 15:45:03"
"Edwards Lifesciences",93.31,"2021-05-04 16:15:03"
"Edwards Lifesciences",92.82,"2021-05-05 09:45:04"
"Edwards Lifesciences",92.19,"2021-05-05 11:00:04"
"Edwards Lifesciences",92.54,"2021-05-05 12:00:04"
"Edwards Lifesciences",92.65,"2021-05-05 13:00:02"
"Edwards Lifesciences",92.43,"2021-05-05 14:00:01"
"Edwards Lifesciences",92.45,"2021-05-05 15:00:02"
"Edwards Lifesciences",91.97,"2021-05-05 15:45:02"
"Edwards Lifesciences",90.51,"2021-05-05 16:15:03"
"Edwards Lifesciences",91.34,"2021-05-06 09:45:02"
"Edwards Lifesciences",90.73,"2021-05-06 11:00:02"
"Edwards Lifesciences",90.94,"2021-05-06 12:00:03"
"Edwards Lifesciences",90.95,"2021-05-06 13:00:02"
"Edwards Lifesciences",90.96,"2021-05-06 14:00:03"
"Edwards Lifesciences",91.05,"2021-05-06 15:00:08"
"Edwards Lifesciences",91.53,"2021-05-06 15:45:02"
"Edwards Lifesciences",91.75,"2021-05-06 16:15:04"
"Edwards Lifesciences",92.68,"2021-05-07 09:45:02"
"Edwards Lifesciences",93.18,"2021-05-07 11:00:02"
"Edwards Lifesciences",93.04,"2021-05-07 12:00:04"
"Edwards Lifesciences",92.39,"2021-05-07 13:00:02"
"Edwards Lifesciences",92.37,"2021-05-07 14:00:03"
"Edwards Lifesciences",92.17,"2021-05-07 15:00:06"
"Edwards Lifesciences",92.30,"2021-05-07 15:45:02"
"Edwards Lifesciences",92.08,"2021-05-07 16:15:03"
"Edwards Lifesciences",91.48,"2021-05-10 09:45:03"
"Edwards Lifesciences",91.35,"2021-05-10 11:00:03"
"Edwards Lifesciences",90.95,"2021-05-10 12:00:02"
"Edwards Lifesciences",90.91,"2021-05-10 13:00:03"
"Edwards Lifesciences",91.11,"2021-05-10 14:00:03"
"Edwards Lifesciences",90.62,"2021-05-10 15:00:02"
"Edwards Lifesciences",90.66,"2021-05-10 15:45:04"
"Edwards Lifesciences",90.40,"2021-05-10 16:15:03"
"Edwards Lifesciences",107.51,"2021-07-11 11:54:51"
"Edwards Lifesciences",106.79,"2021-07-12 09:45:02"
"Edwards Lifesciences",107.03,"2021-07-12 11:00:04"
"Edwards Lifesciences",106.78,"2021-07-12 12:00:03"
"Edwards Lifesciences",106.50,"2021-07-12 13:00:04"
"Edwards Lifesciences",106.38,"2021-07-12 14:00:02"
"Edwards Lifesciences",106.40,"2021-07-12 15:00:03"
"Edwards Lifesciences",106.79,"2021-07-12 15:45:03"
"Edwards Lifesciences",106.84,"2021-07-12 16:15:03"
"Edwards Lifesciences",106.51,"2021-07-13 09:45:03"
"Edwards Lifesciences",106.26,"2021-07-13 11:00:02"
"Edwards Lifesciences",106.65,"2021-07-13 12:00:04"
"Edwards Lifesciences",106.91,"2021-07-13 13:00:03"
"Edwards Lifesciences",106.58,"2021-07-13 14:00:02"
"Edwards Lifesciences",106.57,"2021-07-13 15:00:02"
"Edwards Lifesciences",106.83,"2021-07-13 15:45:02"
"Edwards Lifesciences",106.74,"2021-07-13 16:15:01"
"Edwards Lifesciences",106.81,"2021-07-14 09:45:01"
"Edwards Lifesciences",107.39,"2021-07-14 11:00:04"
"Edwards Lifesciences",107.08,"2021-07-14 12:00:03"
"Edwards Lifesciences",107.00,"2021-07-14 13:00:02"
"Edwards Lifesciences",106.84,"2021-07-14 14:00:02"
"Edwards Lifesciences",106.92,"2021-07-14 15:00:02"
"Edwards Lifesciences",106.63,"2021-07-14 15:45:03"
"Edwards Lifesciences",106.79,"2021-07-14 16:15:03"
"Edwards Lifesciences",106.02,"2021-07-15 09:45:02"
"Edwards Lifesciences",105.79,"2021-07-15 11:00:02"
"Edwards Lifesciences",106.22,"2021-07-15 12:00:03"
"Edwards Lifesciences",106.43,"2021-07-15 13:00:03"
"Edwards Lifesciences",106.25,"2021-07-15 14:00:03"
"Edwards Lifesciences",106.61,"2021-07-15 15:00:02"
"Edwards Lifesciences",106.77,"2021-07-15 15:45:04"
"Edwards Lifesciences",106.34,"2021-07-15 16:15:04"
"Edwards Lifesciences",106.56,"2021-07-16 09:45:02"
"Edwards Lifesciences",107.12,"2021-07-16 11:00:02"
"Edwards Lifesciences",106.99,"2021-07-16 12:00:03"
"Edwards Lifesciences",107.09,"2021-07-16 13:00:04"
"Edwards Lifesciences",107.15,"2021-07-16 14:00:03"
"Edwards Lifesciences",106.89,"2021-07-16 15:00:03"
"Edwards Lifesciences",106.97,"2021-07-16 15:45:02"
"Edwards Lifesciences",106.97,"2021-07-16 16:15:02"
"Edwards Lifesciences",105.96,"2021-07-19 09:45:03"
"Edwards Lifesciences",104.62,"2021-07-19 11:00:04"
"Edwards Lifesciences",104.63,"2021-07-19 12:00:02"
"Edwards Lifesciences",103.06,"2021-07-19 13:00:03"
"Edwards Lifesciences",103.22,"2021-07-19 14:00:03"
"Edwards Lifesciences",102.93,"2021-07-19 15:00:03"
"Edwards Lifesciences",102.76,"2021-07-19 15:45:04"
"Edwards Lifesciences",103.36,"2021-07-19 16:15:03"
"Edwards Lifesciences",104.61,"2021-07-20 09:45:04"
"Edwards Lifesciences",105.61,"2021-07-20 11:00:03"
"Edwards Lifesciences",105.63,"2021-07-20 12:00:03"
"Edwards Lifesciences",106.66,"2021-07-20 13:00:02"
"Edwards Lifesciences",106.38,"2021-07-20 14:00:04"
"Edwards Lifesciences",106.87,"2021-07-20 15:00:03"
"Edwards Lifesciences",106.77,"2021-07-20 15:45:03"
"Edwards Lifesciences",106.58,"2021-07-20 16:15:02"
"Edwards Lifesciences",106.70,"2021-07-21 09:45:02"
"Edwards Lifesciences",105.81,"2021-07-21 11:00:02"
"Edwards Lifesciences",106.31,"2021-07-21 12:00:02"
"Edwards Lifesciences",106.10,"2021-07-21 13:00:04"
"Edwards Lifesciences",106.07,"2021-07-21 14:00:04"
"Edwards Lifesciences",106.25,"2021-07-21 15:00:04"
"Edwards Lifesciences",105.88,"2021-07-21 15:45:03"
"Edwards Lifesciences",106.05,"2021-07-21 16:15:03"
"Edwards Lifesciences",106.20,"2021-07-22 09:45:03"
"Edwards Lifesciences",106.52,"2021-07-22 11:00:02"
"Edwards Lifesciences",106.29,"2021-07-22 13:00:02"
"Edwards Lifesciences",106.40,"2021-07-22 14:00:03"
"Edwards Lifesciences",106.94,"2021-07-22 15:00:02"
"Edwards Lifesciences",106.94,"2021-07-22 15:45:03"
"Edwards Lifesciences",107.06,"2021-07-22 16:15:03"
"Edwards Lifesciences",107.61,"2021-07-23 09:45:04"
"Edwards Lifesciences",108.25,"2021-07-23 11:00:03"
"Edwards Lifesciences",109.01,"2021-07-23 12:00:03"
"Edwards Lifesciences",109.07,"2021-07-23 13:00:03"
"Edwards Lifesciences",109.14,"2021-07-23 14:00:03"
"Edwards Lifesciences",108.97,"2021-07-23 15:00:03"
"Edwards Lifesciences",109.57,"2021-07-23 15:45:02"
"Edwards Lifesciences",109.40,"2021-07-23 16:15:02"
"Edwards Lifesciences",108.76,"2021-07-26 09:45:03"
"Edwards Lifesciences",108.58,"2021-07-26 11:00:02"
"Edwards Lifesciences",108.82,"2021-07-26 12:00:03"
"Edwards Lifesciences",108.50,"2021-07-26 13:00:02"
"Edwards Lifesciences",108.79,"2021-07-26 14:00:03"
"Edwards Lifesciences",109.00,"2021-07-26 15:00:03"
"Edwards Lifesciences",108.95,"2021-07-26 15:45:04"
"Edwards Lifesciences",108.89,"2021-07-26 16:15:04"
"Edwards Lifesciences",109.29,"2021-07-27 09:45:04"
"Edwards Lifesciences",109.49,"2021-07-27 11:00:02"
"Edwards Lifesciences",109.99,"2021-07-27 12:00:02"
"Edwards Lifesciences",109.53,"2021-07-27 13:00:02"
"Edwards Lifesciences",109.20,"2021-07-27 14:00:02"
"Edwards Lifesciences",109.38,"2021-07-27 15:00:04"
"Edwards Lifesciences",109.62,"2021-07-27 15:45:03"
"Edwards Lifesciences",109.90,"2021-07-27 16:15:03"
"Edwards Lifesciences",110.19,"2021-07-28 09:45:02"
"Edwards Lifesciences",110.24,"2021-07-28 11:00:02"
"Edwards Lifesciences",110.36,"2021-07-28 12:00:01"
"Edwards Lifesciences",110.40,"2021-07-28 13:00:03"
"Edwards Lifesciences",109.62,"2021-07-28 14:00:02"
"Edwards Lifesciences",110.27,"2021-07-28 15:00:02"
"Edwards Lifesciences",110.17,"2021-07-28 15:45:03"
"Edwards Lifesciences",110.06,"2021-07-28 16:15:02"
"Edwards Lifesciences",110.03,"2021-07-29 09:45:01"
"Edwards Lifesciences",110.72,"2021-07-29 11:00:03"
"Edwards Lifesciences",111.20,"2021-07-29 12:00:02"
"Edwards Lifesciences",111.49,"2021-07-29 13:00:03"
"Edwards Lifesciences",111.15,"2021-07-29 14:00:01"
"Edwards Lifesciences",111.39,"2021-07-29 15:00:03"
"Edwards Lifesciences",111.67,"2021-07-29 15:45:03"
"Edwards Lifesciences",111.62,"2021-07-29 16:15:02"
"Edwards Lifesciences",111.46,"2021-07-30 09:45:03"
"Edwards Lifesciences",111.51,"2021-07-30 11:00:04"
"Edwards Lifesciences",112.18,"2021-07-30 12:00:03"
"Edwards Lifesciences",112.62,"2021-07-30 13:00:02"
"Edwards Lifesciences",112.30,"2021-07-30 14:00:03"
"Edwards Lifesciences",112.56,"2021-07-30 15:00:01"
"Edwards Lifesciences",112.42,"2021-07-30 15:45:03"
"Edwards Lifesciences",112.27,"2021-07-30 16:15:02"
"Edwards Lifesciences",112.23,"2021-08-02 09:45:03"
"Edwards Lifesciences",113.76,"2021-08-02 11:00:02"
"Edwards Lifesciences",113.40,"2021-08-02 12:00:03"
"Edwards Lifesciences",113.62,"2021-08-02 13:00:02"
"Edwards Lifesciences",113.34,"2021-08-02 14:00:03"
"Edwards Lifesciences",113.14,"2021-08-02 15:00:02"
"Edwards Lifesciences",113.31,"2021-08-02 15:45:03"
"Edwards Lifesciences",113.70,"2021-08-02 16:15:01"
"Edwards Lifesciences",114.10,"2021-08-03 09:45:02"
"Edwards Lifesciences",114.04,"2021-08-03 11:00:03"
"Edwards Lifesciences",113.86,"2021-08-03 12:00:02"
"Edwards Lifesciences",113.71,"2021-08-03 13:00:02"
"Edwards Lifesciences",114.18,"2021-08-03 14:00:03"
"Edwards Lifesciences",114.36,"2021-08-03 15:00:03"
"Edwards Lifesciences",114.56,"2021-08-03 15:45:02"
"Edwards Lifesciences",114.70,"2021-08-03 16:15:03"
"Edwards Lifesciences",114.69,"2021-08-04 09:45:02"
"Edwards Lifesciences",113.91,"2021-08-04 11:00:02"
"Edwards Lifesciences",114.08,"2021-08-04 12:00:03"
"Edwards Lifesciences",114.27,"2021-08-04 13:00:02"
"Edwards Lifesciences",114.36,"2021-08-04 14:00:02"
"Edwards Lifesciences",114.48,"2021-08-04 15:00:03"
"Edwards Lifesciences",114.46,"2021-08-04 15:45:03"
"Edwards Lifesciences",114.46,"2021-08-04 16:15:04"
"Edwards Lifesciences",115.24,"2021-08-05 09:45:03"
"Edwards Lifesciences",113.61,"2021-08-05 11:00:03"
"Edwards Lifesciences",113.78,"2021-08-05 12:00:04"
"Edwards Lifesciences",113.95,"2021-08-05 13:00:03"
"Edwards Lifesciences",114.18,"2021-08-05 14:00:03"
"Edwards Lifesciences",114.30,"2021-08-05 15:00:05"
"Edwards Lifesciences",114.63,"2021-08-05 15:45:03"
"Edwards Lifesciences",114.78,"2021-08-05 16:15:02"
"Edwards Lifesciences",114.35,"2021-08-06 09:45:02"
"Edwards Lifesciences",114.27,"2021-08-06 11:00:03"
"Edwards Lifesciences",114.62,"2021-08-06 12:00:02"
"Edwards Lifesciences",114.94,"2021-08-06 13:00:03"
"Edwards Lifesciences",115.33,"2021-08-06 14:00:02"
"Edwards Lifesciences",115.19,"2021-08-06 15:00:02"
"Edwards Lifesciences",114.96,"2021-08-06 15:45:03"
"Edwards Lifesciences",115.21,"2021-08-06 16:15:03"
"Edwards Lifesciences",114.98,"2021-08-09 09:45:02"
"Edwards Lifesciences",114.43,"2021-08-09 11:00:03"
"Edwards Lifesciences",114.41,"2021-08-09 12:00:03"
"Edwards Lifesciences",114.06,"2021-08-09 13:00:02"
"Edwards Lifesciences",113.92,"2021-08-09 14:00:03"
"Edwards Lifesciences",114.22,"2021-08-09 15:00:02"
"Edwards Lifesciences",114.42,"2021-08-09 15:45:04"
"Edwards Lifesciences",114.33,"2021-08-09 16:15:02"
"Edwards Lifesciences",113.73,"2021-08-10 09:45:02"
"Edwards Lifesciences",112.41,"2021-08-10 11:00:02"
"Edwards Lifesciences",112.65,"2021-08-10 12:00:03"
"Edwards Lifesciences",112.73,"2021-08-10 13:00:03"
"Edwards Lifesciences",112.80,"2021-08-10 14:00:04"
"Edwards Lifesciences",112.36,"2021-08-10 15:00:04"
"Edwards Lifesciences",112.03,"2021-08-10 15:45:02"
"Edwards Lifesciences",111.95,"2021-08-10 16:15:03"
"Edwards Lifesciences",111.71,"2021-08-11 09:45:03"
"Edwards Lifesciences",111.49,"2021-08-11 11:00:03"
"Edwards Lifesciences",111.29,"2021-08-11 12:00:04"
"Edwards Lifesciences",111.09,"2021-08-11 13:00:03"
"Edwards Lifesciences",111.54,"2021-08-11 14:00:04"
"Edwards Lifesciences",111.37,"2021-08-11 15:00:02"
"Edwards Lifesciences",110.85,"2021-08-11 15:45:04"
"Edwards Lifesciences",111.14,"2021-08-11 16:15:04"
"Edwards Lifesciences",111.57,"2021-08-12 09:45:04"
"Edwards Lifesciences",112.05,"2021-08-12 11:00:02"
"Edwards Lifesciences",111.87,"2021-08-12 12:00:01"
"Edwards Lifesciences",111.81,"2021-08-12 13:00:02"
"Edwards Lifesciences",111.70,"2021-08-12 14:00:03"
"Edwards Lifesciences",111.64,"2021-08-12 15:00:03"
"Edwards Lifesciences",111.79,"2021-08-12 15:45:02"
"Edwards Lifesciences",111.77,"2021-08-12 16:15:02"
"Edwards Lifesciences",111.78,"2021-08-13 09:45:02"
"Edwards Lifesciences",112.63,"2021-08-13 11:00:02"
"Edwards Lifesciences",112.86,"2021-08-13 12:00:03"
"Edwards Lifesciences",112.55,"2021-08-13 13:00:04"
"Edwards Lifesciences",112.67,"2021-08-13 14:00:03"
"Edwards Lifesciences",112.78,"2021-08-13 15:00:02"
"Edwards Lifesciences",113.01,"2021-08-13 15:45:02"
"Edwards Lifesciences",113.15,"2021-08-13 16:15:01"
"Edwards Lifesciences",113.09,"2021-08-16 09:45:03"
"Edwards Lifesciences",113.27,"2021-08-16 11:00:02"
"Edwards Lifesciences",113.47,"2021-08-16 12:00:03"
"Edwards Lifesciences",113.84,"2021-08-16 13:00:03"
"Edwards Lifesciences",114.00,"2021-08-16 14:00:03"
"Edwards Lifesciences",113.98,"2021-08-16 15:00:03"
"Edwards Lifesciences",114.09,"2021-08-16 15:45:02"
"Edwards Lifesciences",114.36,"2021-08-16 16:15:03"
"Edwards Lifesciences",114.57,"2021-08-17 09:45:02"
"Edwards Lifesciences",115.98,"2021-08-17 11:00:03"
"Edwards Lifesciences",116.08,"2021-08-17 12:00:04"
"Edwards Lifesciences",116.39,"2021-08-17 13:00:03"
"Edwards Lifesciences",116.78,"2021-08-17 14:00:03"
"Edwards Lifesciences",116.95,"2021-08-17 15:00:02"
"Edwards Lifesciences",117.16,"2021-08-17 15:45:03"
"Edwards Lifesciences",117.26,"2021-08-17 16:15:02"
"Edwards Lifesciences",116.72,"2021-08-18 09:45:02"
"Edwards Lifesciences",117.74,"2021-08-18 11:00:03"
"Edwards Lifesciences",116.99,"2021-08-18 12:00:03"
"Edwards Lifesciences",117.24,"2021-08-18 13:00:02"
"Edwards Lifesciences",117.26,"2021-08-18 14:00:01"
"Edwards Lifesciences",116.95,"2021-08-18 15:00:04"
"Edwards Lifesciences",116.53,"2021-08-18 15:45:02"
"Edwards Lifesciences",116.26,"2021-08-18 16:15:02"
"Edwards Lifesciences",116.32,"2021-08-19 09:45:02"
"Edwards Lifesciences",117.56,"2021-08-19 11:00:02"
"Edwards Lifesciences",118.18,"2021-08-19 12:00:03"
"Edwards Lifesciences",118.10,"2021-08-19 13:00:03"
"Edwards Lifesciences",117.50,"2021-08-19 14:00:03"
"Edwards Lifesciences",117.85,"2021-08-19 15:00:03"
"Edwards Lifesciences",117.79,"2021-08-19 15:45:03"
"Edwards Lifesciences",117.95,"2021-08-19 16:15:08"
"Edwards Lifesciences",117.95,"2021-08-20 09:45:02"
"Edwards Lifesciences",118.84,"2021-08-20 11:00:04"
"Edwards Lifesciences",118.66,"2021-08-20 12:00:03"
"Edwards Lifesciences",119.21,"2021-08-20 13:00:02"
"Edwards Lifesciences",119.21,"2021-08-20 14:00:03"
"Edwards Lifesciences",118.92,"2021-08-20 15:00:04"
"Edwards Lifesciences",119.00,"2021-08-20 15:45:04"
"Edwards Lifesciences",118.95,"2021-08-20 16:15:02"
"Edwards Lifesciences",118.74,"2021-08-23 09:45:03"
"Edwards Lifesciences",118.08,"2021-08-23 11:00:03"
"Edwards Lifesciences",118.30,"2021-08-23 12:00:02"
"Edwards Lifesciences",118.29,"2021-08-23 13:00:03"
"Edwards Lifesciences",117.82,"2021-08-23 14:00:04"
"Edwards Lifesciences",117.59,"2021-08-23 15:00:04"
"Edwards Lifesciences",117.24,"2021-08-23 15:45:03"
"Edwards Lifesciences",116.96,"2021-08-23 16:15:08"
"Edwards Lifesciences",116.91,"2021-08-24 09:45:04"
"Edwards Lifesciences",117.85,"2021-08-24 11:00:03"
"Edwards Lifesciences",118.64,"2021-08-24 12:00:02"
"Edwards Lifesciences",118.09,"2021-08-24 13:00:03"
"Edwards Lifesciences",118.37,"2021-08-24 14:00:02"
"Edwards Lifesciences",118.21,"2021-08-24 15:00:01"
"Edwards Lifesciences",117.93,"2021-08-24 15:45:03"
"Edwards Lifesciences",118.09,"2021-08-24 16:15:03"
"Edwards Lifesciences",117.03,"2021-08-25 09:45:02"
"Edwards Lifesciences",117.00,"2021-08-25 11:00:04"
"Edwards Lifesciences",117.43,"2021-08-25 12:00:03"
"Edwards Lifesciences",117.45,"2021-08-25 13:00:04"
"Edwards Lifesciences",117.07,"2021-08-25 14:00:03"
"Edwards Lifesciences",116.95,"2021-08-25 15:00:03"
"Edwards Lifesciences",117.03,"2021-08-25 15:45:04"
"Edwards Lifesciences",117.02,"2021-08-25 16:15:08"
"Edwards Lifesciences",116.63,"2021-08-26 09:45:03"
"Edwards Lifesciences",116.51,"2021-08-26 11:00:02"
"Edwards Lifesciences",116.55,"2021-08-26 12:00:03"
"Edwards Lifesciences",116.63,"2021-08-26 13:00:03"
"Edwards Lifesciences",116.99,"2021-08-26 14:00:02"
"Edwards Lifesciences",116.69,"2021-08-26 15:00:03"
"Edwards Lifesciences",116.76,"2021-08-26 15:45:03"
"Edwards Lifesciences",116.84,"2021-08-26 16:15:08"
"Edwards Lifesciences",116.72,"2021-08-27 09:45:03"
"Edwards Lifesciences",116.66,"2021-08-27 11:00:03"
"Edwards Lifesciences",116.62,"2021-08-27 12:00:03"
"Edwards Lifesciences",116.64,"2021-08-27 13:00:04"
"Edwards Lifesciences",116.18,"2021-08-27 14:00:04"
"Edwards Lifesciences",116.40,"2021-08-27 15:00:03"
"Edwards Lifesciences",116.53,"2021-08-27 15:45:04"
"Edwards Lifesciences",116.39,"2021-08-27 16:15:09"
"Edwards Lifesciences",117.32,"2021-08-30 09:45:02"
"Edwards Lifesciences",118.11,"2021-08-30 11:00:02"
"Edwards Lifesciences",117.96,"2021-08-30 12:00:03"
"Edwards Lifesciences",118.11,"2021-08-30 13:00:04"
"Edwards Lifesciences",117.93,"2021-08-30 14:00:03"
"Edwards Lifesciences",118.13,"2021-08-30 15:00:03"
"Edwards Lifesciences",118.03,"2021-08-30 15:45:02"
"Edwards Lifesciences",118.04,"2021-08-30 16:15:03"
"Edwards Lifesciences",117.90,"2021-08-31 09:45:03"
"Edwards Lifesciences",117.67,"2021-08-31 11:00:03"
"Edwards Lifesciences",117.20,"2021-08-31 12:00:03"
"Edwards Lifesciences",116.73,"2021-08-31 13:00:04"
"Edwards Lifesciences",116.62,"2021-08-31 14:00:03"
"Edwards Lifesciences",116.75,"2021-08-31 15:00:03"
"Edwards Lifesciences",117.05,"2021-08-31 15:45:03"
"Edwards Lifesciences",117.18,"2021-08-31 16:15:08"
"Edwards Lifesciences",117.01,"2021-09-01 09:45:02"
"Edwards Lifesciences",118.70,"2021-09-01 11:00:04"
"Edwards Lifesciences",119.12,"2021-09-01 12:00:02"
"Edwards Lifesciences",118.99,"2021-09-01 13:00:02"
"Edwards Lifesciences",119.11,"2021-09-01 14:00:03"
"Edwards Lifesciences",119.31,"2021-09-01 15:00:03"
"Edwards Lifesciences",119.25,"2021-09-01 15:45:02"
"Edwards Lifesciences",119.43,"2021-09-01 16:15:02"
"Edwards Lifesciences",120.59,"2021-09-02 09:45:03"
"Edwards Lifesciences",119.78,"2021-09-02 11:00:02"
"Edwards Lifesciences",120.00,"2021-09-02 12:00:03"
"Edwards Lifesciences",119.98,"2021-09-02 13:00:03"
"Edwards Lifesciences",120.17,"2021-09-02 14:00:03"
"Edwards Lifesciences",120.34,"2021-09-02 15:00:03"
"Edwards Lifesciences",120.38,"2021-09-02 15:45:03"
"Edwards Lifesciences",120.35,"2021-09-03 09:45:03"
"Edwards Lifesciences",120.36,"2021-09-03 11:00:03"
"Edwards Lifesciences",120.44,"2021-09-03 12:00:03"
"Edwards Lifesciences",120.97,"2021-09-03 13:00:02"
"Edwards Lifesciences",121.21,"2021-09-03 14:00:02"
"Edwards Lifesciences",121.16,"2021-09-03 15:00:02"
"Edwards Lifesciences",121.23,"2021-09-03 15:45:03"
"Edwards Lifesciences",121.07,"2021-09-03 16:15:02"
"Edwards Lifesciences",121.07,"2021-09-06 09:45:03"
"Edwards Lifesciences",121.07,"2021-09-06 11:00:03"
"Edwards Lifesciences",121.07,"2021-09-06 12:00:04"
"Edwards Lifesciences",121.07,"2021-09-06 13:00:03"
"Edwards Lifesciences",121.07,"2021-09-06 14:00:04"
"Edwards Lifesciences",121.07,"2021-09-06 15:00:01"
"Edwards Lifesciences",121.07,"2021-09-06 15:45:03"
"Edwards Lifesciences",121.07,"2021-09-06 16:15:09"
"Edwards Lifesciences",120.21,"2021-09-07 09:45:02"
"Edwards Lifesciences",121.02,"2021-09-07 11:00:03"
"Edwards Lifesciences",121.20,"2021-09-07 12:00:04"
"Edwards Lifesciences",121.37,"2021-09-07 13:00:02"
"Edwards Lifesciences",121.50,"2021-09-07 14:00:03"
"Edwards Lifesciences",121.69,"2021-09-07 15:00:04"
"Edwards Lifesciences",121.84,"2021-09-07 15:45:04"
"Edwards Lifesciences",121.44,"2021-09-07 16:15:03"
"Edwards Lifesciences",121.51,"2021-09-08 09:45:02"
"Edwards Lifesciences",122.38,"2021-09-08 11:00:02"
"Edwards Lifesciences",122.49,"2021-09-08 12:00:02"
"Edwards Lifesciences",122.55,"2021-09-08 13:00:03"
"Edwards Lifesciences",122.91,"2021-09-08 14:00:03"
"Edwards Lifesciences",123.21,"2021-09-08 15:00:02"
"Edwards Lifesciences",122.76,"2021-09-08 15:45:03"
"Edwards Lifesciences",122.70,"2021-09-08 16:15:09"
"Edwards Lifesciences",122.83,"2021-09-09 09:45:03"
"Edwards Lifesciences",122.24,"2021-09-09 11:00:02"
"Edwards Lifesciences",122.52,"2021-09-09 12:00:04"
"Edwards Lifesciences",122.31,"2021-09-09 13:00:03"
"Edwards Lifesciences",122.01,"2021-09-09 14:00:03"
"Edwards Lifesciences",122.54,"2021-09-09 15:00:02"
"Edwards Lifesciences",122.30,"2021-09-09 15:45:03"
"Edwards Lifesciences",122.37,"2021-09-10 09:45:03"
"Edwards Lifesciences",121.97,"2021-09-10 11:00:02"
"Edwards Lifesciences",122.50,"2021-09-10 12:00:03"
"Edwards Lifesciences",122.24,"2021-09-10 13:00:03"
"Edwards Lifesciences",120.71,"2021-09-10 14:00:04"
"Edwards Lifesciences",120.95,"2021-09-10 15:00:03"
"Edwards Lifesciences",120.86,"2021-09-10 15:45:03"
"Edwards Lifesciences",120.82,"2021-09-10 16:15:08"
"Edwards Lifesciences",120.57,"2021-09-13 09:45:02"
"Edwards Lifesciences",118.85,"2021-09-13 11:00:04"
"Edwards Lifesciences",118.31,"2021-09-13 12:00:03"
"Edwards Lifesciences",118.86,"2021-09-13 13:00:02"
"Edwards Lifesciences",118.90,"2021-09-13 14:00:04"
"Edwards Lifesciences",118.76,"2021-09-13 15:00:03"
"Edwards Lifesciences",119.04,"2021-09-13 15:45:04"
"Edwards Lifesciences",119.35,"2021-09-13 16:15:09"
"Edwards Lifesciences",120.21,"2021-09-14 09:45:03"
"Edwards Lifesciences",119.90,"2021-09-14 11:00:02"
"Edwards Lifesciences",120.87,"2021-09-14 12:00:04"
"Edwards Lifesciences",120.97,"2021-09-14 13:00:04"
"Edwards Lifesciences",121.20,"2021-09-14 14:00:05"
"Edwards Lifesciences",121.21,"2021-09-14 15:00:03"
"Edwards Lifesciences",121.14,"2021-09-14 15:45:03"
"Edwards Lifesciences",121.17,"2021-09-14 16:15:08"
"Edwards Lifesciences",120.19,"2021-09-15 09:45:03"
"Edwards Lifesciences",121.52,"2021-09-15 11:00:03"
"Edwards Lifesciences",121.15,"2021-09-15 12:00:04"
"Edwards Lifesciences",121.73,"2021-09-15 13:00:03"
"Edwards Lifesciences",121.57,"2021-09-15 14:00:03"
"Edwards Lifesciences",121.16,"2021-09-15 15:00:03"
"Edwards Lifesciences",121.09,"2021-09-15 15:45:03"
"Edwards Lifesciences",121.02,"2021-09-15 16:15:08"
"Edwards Lifesciences",120.94,"2021-09-16 09:45:03"
"Edwards Lifesciences",119.95,"2021-09-16 11:00:02"
"Edwards Lifesciences",119.66,"2021-09-16 12:00:03"
"Edwards Lifesciences",120.21,"2021-09-16 13:00:03"
"Edwards Lifesciences",120.42,"2021-09-16 14:00:04"
"Edwards Lifesciences",120.39,"2021-09-16 15:00:04"
"Edwards Lifesciences",120.65,"2021-09-16 15:45:02"
"Edwards Lifesciences",120.69,"2021-09-16 16:15:09"
"Edwards Lifesciences",119.38,"2021-09-17 09:45:04"
"Edwards Lifesciences",118.94,"2021-09-17 11:00:03"
"Edwards Lifesciences",119.30,"2021-09-17 12:00:03"
"Edwards Lifesciences",119.60,"2021-09-17 13:00:04"
"Edwards Lifesciences",119.31,"2021-09-17 14:00:03"
"Edwards Lifesciences",119.14,"2021-09-17 15:00:02"
"Edwards Lifesciences",119.41,"2021-09-17 15:45:03"
"Edwards Lifesciences",119.42,"2021-09-17 16:15:05"
"Edwards Lifesciences",118.18,"2021-09-20 09:45:03"
"Edwards Lifesciences",118.17,"2021-09-20 11:00:03"
"Edwards Lifesciences",117.94,"2021-09-20 12:00:03"
"Edwards Lifesciences",117.80,"2021-09-20 13:00:03"
"Edwards Lifesciences",117.79,"2021-09-20 14:00:06"
"Edwards Lifesciences",116.87,"2021-09-20 15:00:02"
"Edwards Lifesciences",117.36,"2021-09-20 15:45:04"
"Edwards Lifesciences",117.99,"2021-09-20 16:15:08"
"Edwards Lifesciences",119.67,"2021-09-21 09:45:03"
"Edwards Lifesciences",119.04,"2021-09-21 11:00:04"
"Edwards Lifesciences",119.38,"2021-09-21 12:00:04"
"Edwards Lifesciences",119.11,"2021-09-21 13:00:04"
"Edwards Lifesciences",118.60,"2021-09-21 14:00:04"
"Edwards Lifesciences",118.90,"2021-09-21 15:00:03"
"Edwards Lifesciences",118.94,"2021-09-21 15:45:03"
"Edwards Lifesciences",118.50,"2021-09-21 16:15:02"
"Edwards Lifesciences",118.10,"2021-09-22 09:45:04"
"Edwards Lifesciences",118.85,"2021-09-22 11:00:03"
"Edwards Lifesciences",119.48,"2021-09-22 12:00:04"
"Edwards Lifesciences",119.93,"2021-09-22 13:00:04"
"Edwards Lifesciences",120.14,"2021-09-22 14:00:03"
"Edwards Lifesciences",119.73,"2021-09-22 15:00:03"
"Edwards Lifesciences",119.87,"2021-09-22 15:45:04"
"Edwards Lifesciences",119.66,"2021-09-22 16:15:03"
"Edwards Lifesciences",120.57,"2021-09-23 09:45:04"
"Edwards Lifesciences",121.21,"2021-09-23 11:00:03"
"Edwards Lifesciences",121.48,"2021-09-23 12:00:04"
"Edwards Lifesciences",121.30,"2021-09-23 13:00:03"
"Edwards Lifesciences",121.75,"2021-09-23 14:00:03"
"Edwards Lifesciences",121.53,"2021-09-23 15:00:02"
"Edwards Lifesciences",121.31,"2021-09-23 15:45:03"
"Edwards Lifesciences",121.02,"2021-09-23 16:15:03"
"Edwards Lifesciences",120.67,"2021-09-24 09:45:04"
"Edwards Lifesciences",119.97,"2021-09-24 11:00:03"
"Edwards Lifesciences",119.78,"2021-09-24 12:00:02"
"Edwards Lifesciences",119.82,"2021-09-24 13:00:04"
"Edwards Lifesciences",119.75,"2021-09-24 14:00:03"
"Edwards Lifesciences",120.12,"2021-09-24 15:00:03"
"Edwards Lifesciences",120.13,"2021-09-24 15:45:03"
"Edwards Lifesciences",120.07,"2021-09-24 16:15:09"
"Edwards Lifesciences",117.68,"2021-09-27 09:45:02"
"Edwards Lifesciences",117.69,"2021-09-27 11:00:02"
"Edwards Lifesciences",116.07,"2021-09-27 12:00:02"
"Edwards Lifesciences",115.89,"2021-09-27 13:00:04"
"Edwards Lifesciences",116.57,"2021-09-27 14:00:04"
"Edwards Lifesciences",117.19,"2021-09-27 15:00:03"
"Edwards Lifesciences",117.33,"2021-09-27 15:45:04"
"Edwards Lifesciences",117.10,"2021-09-27 16:15:09"
"Edwards Lifesciences",114.03,"2021-09-28 09:45:03"
"Edwards Lifesciences",113.83,"2021-09-28 11:00:02"
"Edwards Lifesciences",113.80,"2021-09-28 12:00:04"
"Edwards Lifesciences",113.41,"2021-09-28 13:00:03"
"Edwards Lifesciences",113.54,"2021-09-28 14:00:02"
"Edwards Lifesciences",114.24,"2021-09-28 15:00:04"
"Edwards Lifesciences",114.25,"2021-09-28 15:45:03"
"Edwards Lifesciences",113.86,"2021-09-28 16:15:08"
"Edwards Lifesciences",114.55,"2021-09-29 09:45:02"
"Edwards Lifesciences",114.95,"2021-09-29 11:00:04"
"Edwards Lifesciences",114.22,"2021-09-29 12:00:02"
"Edwards Lifesciences",113.74,"2021-09-29 13:00:04"
"Edwards Lifesciences",113.77,"2021-09-29 14:00:04"
"Edwards Lifesciences",114.02,"2021-09-29 15:00:02"
"Edwards Lifesciences",113.64,"2021-09-29 15:45:03"
"Edwards Lifesciences",113.45,"2021-09-29 16:15:08"
"Edwards Lifesciences",115.11,"2021-09-30 09:45:03"
"Edwards Lifesciences",114.94,"2021-09-30 11:00:03"
"Edwards Lifesciences",114.17,"2021-09-30 12:00:02"
"Edwards Lifesciences",113.73,"2021-09-30 13:00:04"
"Edwards Lifesciences",114.10,"2021-09-30 14:00:03"
"Edwards Lifesciences",114.54,"2021-09-30 15:00:04"
"Edwards Lifesciences",113.76,"2021-09-30 15:45:03"
"Edwards Lifesciences",113.41,"2021-09-30 16:15:09"
"Edwards Lifesciences",111.65,"2021-10-01 09:45:03"
"Edwards Lifesciences",111.25,"2021-10-01 11:00:02"
"Edwards Lifesciences",111.58,"2021-10-01 12:00:03"
"Edwards Lifesciences",111.22,"2021-10-01 13:00:03"
"Edwards Lifesciences",111.41,"2021-10-01 14:00:02"
"Edwards Lifesciences",111.99,"2021-10-01 15:00:03"
"Edwards Lifesciences",112.34,"2021-10-01 15:45:04"
"Edwards Lifesciences",112.33,"2021-10-01 16:15:08"
"Edwards Lifesciences",110.08,"2021-10-04 09:45:03"
"Edwards Lifesciences",107.36,"2021-10-04 11:00:02"
"Edwards Lifesciences",106.70,"2021-10-04 12:00:03"
"Edwards Lifesciences",106.43,"2021-10-04 13:00:03"
"Edwards Lifesciences",107.09,"2021-10-04 14:00:03"
"Edwards Lifesciences",106.95,"2021-10-04 15:00:03"
"Edwards Lifesciences",106.04,"2021-10-04 15:45:04"
"Edwards Lifesciences",106.37,"2021-10-04 16:15:03"
"Edwards Lifesciences",107.97,"2021-10-05 09:45:04"
"Edwards Lifesciences",109.74,"2021-10-05 11:00:02"
"Edwards Lifesciences",109.83,"2021-10-05 12:00:03"
"Edwards Lifesciences",109.28,"2021-10-05 13:00:02"
"Edwards Lifesciences",109.64,"2021-10-05 14:00:03"
"Edwards Lifesciences",109.48,"2021-10-05 15:00:03"
"Edwards Lifesciences",109.18,"2021-10-05 15:45:04"
"Edwards Lifesciences",108.83,"2021-10-05 16:15:04"
"Edwards Lifesciences",109.04,"2021-10-06 09:45:04"
"Edwards Lifesciences",109.00,"2021-10-06 11:00:02"
"Edwards Lifesciences",108.03,"2021-10-06 12:00:02"
"Edwards Lifesciences",107.62,"2021-10-06 13:00:02"
"Edwards Lifesciences",108.35,"2021-10-06 14:00:03"
"Edwards Lifesciences",108.79,"2021-10-06 15:00:03"
"Edwards Lifesciences",109.09,"2021-10-06 15:45:04"
"Edwards Lifesciences",109.48,"2021-10-06 16:15:02"
"Edwards Lifesciences",111.56,"2021-10-07 09:45:04"
"Edwards Lifesciences",112.23,"2021-10-07 11:00:03"
"Edwards Lifesciences",112.21,"2021-10-07 12:00:03"
"Edwards Lifesciences",111.54,"2021-10-07 13:00:02"
"Edwards Lifesciences",111.64,"2021-10-07 14:00:03"
"Edwards Lifesciences",111.26,"2021-10-07 15:00:03"
"Edwards Lifesciences",110.81,"2021-10-07 15:45:03"
"Edwards Lifesciences",110.89,"2021-10-07 16:15:04"
"Edwards Lifesciences",110.20,"2021-10-08 09:45:03"
"Edwards Lifesciences",109.04,"2021-10-08 11:00:04"
"Edwards Lifesciences",109.53,"2021-10-08 12:00:02"
"Edwards Lifesciences",109.11,"2021-10-08 13:00:03"
"Edwards Lifesciences",109.06,"2021-10-08 14:00:03"
"Edwards Lifesciences",109.35,"2021-10-08 15:00:03"
"Edwards Lifesciences",108.77,"2021-10-08 15:45:03"
"Edwards Lifesciences",108.73,"2021-10-08 16:15:03"
"Edwards Lifesciences",108.03,"2021-10-11 09:45:02"
"Edwards Lifesciences",108.49,"2021-10-11 11:00:02"
"Edwards Lifesciences",108.53,"2021-10-11 12:00:02"
"Edwards Lifesciences",109.19,"2021-10-11 13:00:03"
"Edwards Lifesciences",108.69,"2021-10-11 14:00:04"
"Edwards Lifesciences",108.95,"2021-10-11 15:00:03"
"Edwards Lifesciences",108.69,"2021-10-11 15:45:02"
"Edwards Lifesciences",108.49,"2021-10-11 16:15:03"
"Edwards Lifesciences",108.71,"2021-10-12 09:45:03"
"Edwards Lifesciences",108.86,"2021-10-12 11:00:03"
"Edwards Lifesciences",109.76,"2021-10-12 12:00:03"
"Edwards Lifesciences",109.00,"2021-10-12 13:00:02"
"Edwards Lifesciences",108.90,"2021-10-12 14:00:02"
"Edwards Lifesciences",108.77,"2021-10-12 15:00:02"
"Edwards Lifesciences",108.42,"2021-10-12 15:45:03"
"Edwards Lifesciences",108.81,"2021-10-12 16:15:02"
"Edwards Lifesciences",110.04,"2021-10-13 09:45:04"
"Edwards Lifesciences",109.90,"2021-10-13 11:00:03"
"Edwards Lifesciences",110.34,"2021-10-13 12:00:03"
"Edwards Lifesciences",109.48,"2021-10-13 13:00:03"
"Edwards Lifesciences",109.98,"2021-10-13 14:00:03"
"Edwards Lifesciences",109.48,"2021-10-13 15:00:03"
"Edwards Lifesciences",109.10,"2021-10-13 15:45:04"
"Edwards Lifesciences",109.12,"2021-10-13 16:15:03"
"Edwards Lifesciences",111.18,"2021-10-14 09:45:02"
"Edwards Lifesciences",111.83,"2021-10-14 11:00:02"
"Edwards Lifesciences",111.40,"2021-10-14 12:00:04"
"Edwards Lifesciences",111.51,"2021-10-14 13:00:04"
"Edwards Lifesciences",111.41,"2021-10-14 14:00:03"
"Edwards Lifesciences",111.47,"2021-10-14 15:00:03"
"Edwards Lifesciences",111.67,"2021-10-14 15:45:02"
"Edwards Lifesciences",111.67,"2021-10-14 16:15:03"
"Edwards Lifesciences",111.82,"2021-10-15 09:45:02"
"Edwards Lifesciences",112.21,"2021-10-15 11:00:02"
"Edwards Lifesciences",112.22,"2021-10-15 12:00:04"
"Edwards Lifesciences",112.12,"2021-10-15 13:00:04"
"Edwards Lifesciences",112.17,"2021-10-15 14:00:05"
"Edwards Lifesciences",112.21,"2021-10-15 15:00:05"
"Edwards Lifesciences",112.18,"2021-10-15 15:45:04"
"Edwards Lifesciences",112.23,"2021-10-15 16:15:04"
"Edwards Lifesciences",110.40,"2021-10-18 09:45:04"
"Edwards Lifesciences",111.46,"2021-10-18 11:00:03"
"Edwards Lifesciences",111.35,"2021-10-18 12:00:02"
"Edwards Lifesciences",110.79,"2021-10-18 13:00:02"
"Edwards Lifesciences",110.70,"2021-10-18 14:00:02"
"Edwards Lifesciences",110.69,"2021-10-18 15:00:05"
"Edwards Lifesciences",110.70,"2021-10-18 15:45:02"
"Edwards Lifesciences",110.99,"2021-10-18 16:15:04"
"Edwards Lifesciences",112.30,"2021-10-19 09:45:04"
"Edwards Lifesciences",114.27,"2021-10-19 11:00:04"
"Edwards Lifesciences",114.87,"2021-10-19 12:00:05"
"Edwards Lifesciences",115.33,"2021-10-19 13:00:02"
"Edwards Lifesciences",115.28,"2021-10-19 14:00:03"
"Edwards Lifesciences",115.05,"2021-10-19 15:00:04"
"Edwards Lifesciences",114.88,"2021-10-19 15:45:02"
"Edwards Lifesciences",115.06,"2021-10-19 16:15:04"
"Edwards Lifesciences",115.36,"2021-10-20 09:45:03"
"Edwards Lifesciences",114.70,"2021-10-20 11:00:05"
"Edwards Lifesciences",115.37,"2021-10-20 12:00:04"
"Edwards Lifesciences",115.46,"2021-10-20 13:00:02"
"Edwards Lifesciences",115.48,"2021-10-20 14:00:04"
"Edwards Lifesciences",115.86,"2021-10-20 15:00:05"
"Edwards Lifesciences",115.48,"2021-10-20 15:45:04"
"Edwards Lifesciences",115.68,"2021-10-20 16:15:05"
"Edwards Lifesciences",115.20,"2021-10-21 09:45:04"
"Edwards Lifesciences",115.26,"2021-10-21 11:00:03"
"Edwards Lifesciences",115.50,"2021-10-21 12:00:04"
"Edwards Lifesciences",115.36,"2021-10-21 13:00:05"
"Edwards Lifesciences",115.49,"2021-10-21 14:00:05"
"Edwards Lifesciences",115.54,"2021-10-21 15:00:04"
"Edwards Lifesciences",115.68,"2021-10-21 15:45:04"
"Edwards Lifesciences",115.76,"2021-10-21 16:15:04"
"Edwards Lifesciences",116.81,"2021-10-22 09:45:02"
"Edwards Lifesciences",116.18,"2021-10-22 11:00:04"
"Edwards Lifesciences",116.07,"2021-10-22 12:00:04"
"Edwards Lifesciences",116.28,"2021-10-22 13:00:03"
"Edwards Lifesciences",116.21,"2021-10-22 14:00:02"
"Edwards Lifesciences",116.20,"2021-10-22 15:00:03"
"Edwards Lifesciences",116.29,"2021-10-22 15:45:03"
"Edwards Lifesciences",116.62,"2021-10-22 16:15:04"
"Edwards Lifesciences",116.24,"2021-10-25 09:45:03"
"Edwards Lifesciences",117.52,"2021-10-25 11:00:05"
"Edwards Lifesciences",117.87,"2021-10-25 12:00:04"
"Edwards Lifesciences",117.47,"2021-10-25 13:00:05"
"Edwards Lifesciences",117.20,"2021-10-25 14:00:03"
"Edwards Lifesciences",117.69,"2021-10-25 15:00:03"
"Edwards Lifesciences",117.25,"2021-10-25 15:45:04"
"Edwards Lifesciences",117.07,"2021-10-25 16:15:02"
"Edwards Lifesciences",117.17,"2021-10-26 09:45:05"
"Edwards Lifesciences",117.25,"2021-10-26 11:00:06"
"Edwards Lifesciences",116.64,"2021-10-26 12:00:05"
"Edwards Lifesciences",116.72,"2021-10-26 13:00:02"
"Edwards Lifesciences",116.98,"2021-10-26 14:00:03"
"Edwards Lifesciences",117.23,"2021-10-26 15:00:04"
"Edwards Lifesciences",116.94,"2021-10-26 15:45:03"
"Edwards Lifesciences",116.85,"2021-10-26 16:15:02"
"Edwards Lifesciences",116.13,"2021-10-27 09:45:05"
"Edwards Lifesciences",115.43,"2021-10-27 11:00:03"
"Edwards Lifesciences",115.83,"2021-10-27 12:00:04"
"Edwards Lifesciences",116.30,"2021-10-27 13:00:02"
"Edwards Lifesciences",116.82,"2021-10-27 14:00:05"
"Edwards Lifesciences",116.77,"2021-10-27 15:00:03"
"Edwards Lifesciences",116.53,"2021-10-27 15:45:05"
"Edwards Lifesciences",116.00,"2021-10-27 16:15:02"
"Edwards Lifesciences",111.85,"2021-10-28 09:45:05"
"Edwards Lifesciences",114.03,"2021-10-28 11:00:04"
"Edwards Lifesciences",115.21,"2021-10-28 12:00:05"
"Edwards Lifesciences",115.22,"2021-10-28 13:00:04"
"Edwards Lifesciences",115.80,"2021-10-28 14:00:04"
"Edwards Lifesciences",116.18,"2021-10-28 15:00:03"
"Edwards Lifesciences",116.47,"2021-10-28 15:45:02"
"Edwards Lifesciences",114.99,"2021-10-29 09:45:02"
"Edwards Lifesciences",116.03,"2021-10-29 11:00:05"
"Edwards Lifesciences",116.81,"2021-10-29 12:00:02"
"Edwards Lifesciences",118.13,"2021-10-29 13:00:05"
"Edwards Lifesciences",119.18,"2021-10-29 14:00:05"
"Edwards Lifesciences",119.45,"2021-10-29 15:00:05"
"Edwards Lifesciences",119.93,"2021-10-29 15:45:05"
"Edwards Lifesciences",119.79,"2021-10-29 16:15:09"
"Edwards Lifesciences",119.35,"2021-11-01 09:45:05"
"Edwards Lifesciences",115.33,"2021-11-01 11:00:05"
"Edwards Lifesciences",116.10,"2021-11-01 12:00:05"
"Edwards Lifesciences",116.52,"2021-11-01 13:00:04"
"Edwards Lifesciences",115.53,"2021-11-01 14:00:02"
"Edwards Lifesciences",116.01,"2021-11-01 15:00:04"
"Edwards Lifesciences",115.94,"2021-11-01 15:45:02"
"Edwards Lifesciences",115.52,"2021-11-01 16:15:05"
"Edwards Lifesciences",115.20,"2021-11-02 09:45:03"
"Edwards Lifesciences",116.37,"2021-11-02 11:00:02"
"Edwards Lifesciences",116.67,"2021-11-02 12:00:06"
"Edwards Lifesciences",116.91,"2021-11-02 13:00:05"
"Edwards Lifesciences",116.72,"2021-11-02 14:00:03"
"Edwards Lifesciences",116.71,"2021-11-02 15:00:03"
"Edwards Lifesciences",116.56,"2021-11-02 15:45:03"
"Edwards Lifesciences",116.93,"2021-11-02 16:15:12"
"Edwards Lifesciences",117.12,"2021-11-03 09:45:05"
"Edwards Lifesciences",115.90,"2021-11-03 11:00:03"
"Edwards Lifesciences",115.67,"2021-11-03 12:00:04"
"Edwards Lifesciences",116.13,"2021-11-03 13:00:05"
"Edwards Lifesciences",115.70,"2021-11-03 14:00:04"
"Edwards Lifesciences",116.89,"2021-11-03 15:00:05"
"Edwards Lifesciences",116.99,"2021-11-03 15:45:05"
"Edwards Lifesciences",117.29,"2021-11-03 16:15:03"
"Edwards Lifesciences",117.20,"2021-11-04 09:45:05"
"Edwards Lifesciences",117.89,"2021-11-04 11:00:04"
"Edwards Lifesciences",117.89,"2021-11-04 12:00:03"
"Edwards Lifesciences",116.92,"2021-11-04 13:00:04"
"Edwards Lifesciences",116.70,"2021-11-04 14:00:02"
"Edwards Lifesciences",117.18,"2021-11-04 15:00:05"
"Edwards Lifesciences",117.30,"2021-11-04 15:45:05"
"Edwards Lifesciences",117.38,"2021-11-04 16:15:05"
"Edwards Lifesciences",117.62,"2021-11-05 09:45:05"
"Edwards Lifesciences",118.41,"2021-11-05 11:00:03"
"Edwards Lifesciences",118.35,"2021-11-05 12:00:04"
"Edwards Lifesciences",118.68,"2021-11-05 13:00:04"
"Edwards Lifesciences",118.50,"2021-11-05 14:00:05"
"Edwards Lifesciences",118.55,"2021-11-05 15:00:02"
"Edwards Lifesciences",118.51,"2021-11-05 15:45:05"
"Edwards Lifesciences",118.64,"2021-11-05 16:15:02"
"Edwards Lifesciences",118.80,"2021-11-08 09:45:04"
"Edwards Lifesciences",119.23,"2021-11-08 11:00:04"
"Edwards Lifesciences",118.98,"2021-11-08 12:00:05"
"Edwards Lifesciences",119.06,"2021-11-08 13:00:05"
"Edwards Lifesciences",119.21,"2021-11-08 14:00:03"
"Edwards Lifesciences",119.52,"2021-11-08 15:00:05"
"Edwards Lifesciences",119.65,"2021-11-08 15:45:03"
"Edwards Lifesciences",119.57,"2021-11-08 16:15:11"
"Edwards Lifesciences",119.68,"2021-11-09 09:45:03"
"Edwards Lifesciences",119.66,"2021-11-09 11:00:02"
"Edwards Lifesciences",119.71,"2021-11-09 12:00:02"
"Edwards Lifesciences",120.14,"2021-11-09 13:00:03"
"Edwards Lifesciences",120.33,"2021-11-09 14:00:03"
"Edwards Lifesciences",120.24,"2021-11-09 15:00:04"
"Edwards Lifesciences",119.83,"2021-11-09 15:45:03"
"Edwards Lifesciences",119.83,"2021-11-09 16:15:15"
"Edwards Lifesciences",119.98,"2021-11-10 09:45:03"
"Edwards Lifesciences",120.14,"2021-11-10 11:00:04"
"Edwards Lifesciences",120.17,"2021-11-10 12:00:04"
"Edwards Lifesciences",119.58,"2021-11-10 13:00:03"
"Edwards Lifesciences",119.02,"2021-11-10 14:00:04"
"Edwards Lifesciences",118.84,"2021-11-10 15:00:04"
"Edwards Lifesciences",118.57,"2021-11-10 15:45:04"
"Edwards Lifesciences",118.82,"2021-11-10 16:15:09"
"Edwards Lifesciences",118.54,"2021-11-11 09:45:03"
"Edwards Lifesciences",116.65,"2021-11-11 11:00:02"
"Edwards Lifesciences",115.81,"2021-11-11 12:00:04"
"Edwards Lifesciences",114.44,"2021-11-11 13:00:03"
"Edwards Lifesciences",114.41,"2021-11-11 14:00:03"
"Edwards Lifesciences",114.57,"2021-11-11 15:00:04"
"Edwards Lifesciences",114.26,"2021-11-11 15:45:03"
"Edwards Lifesciences",114.28,"2021-11-11 16:15:09"
"Edwards Lifesciences",115.08,"2021-11-12 09:45:04"
"Edwards Lifesciences",116.15,"2021-11-12 11:00:04"
"Edwards Lifesciences",115.41,"2021-11-12 12:00:03"
"Edwards Lifesciences",116.20,"2021-11-12 13:00:04"
"Edwards Lifesciences",116.35,"2021-11-12 14:00:03"
"Edwards Lifesciences",115.80,"2021-11-12 15:00:03"
"Edwards Lifesciences",115.80,"2021-11-12 15:45:03"
"Edwards Lifesciences",115.96,"2021-11-12 16:15:03"
"Edwards Lifesciences",116.24,"2021-11-15 09:45:03"
"Edwards Lifesciences",116.60,"2021-11-15 11:00:04"
"Edwards Lifesciences",116.81,"2021-11-15 12:00:04"
"Edwards Lifesciences",116.32,"2021-11-15 13:00:04"
"Edwards Lifesciences",115.94,"2021-11-15 14:00:03"
"Edwards Lifesciences",115.96,"2021-11-15 15:00:02"
"Edwards Lifesciences",116.39,"2021-11-15 15:45:03"
"Edwards Lifesciences",116.67,"2021-11-15 16:15:02"
"Edwards Lifesciences",117.19,"2021-11-16 09:45:04"
"Edwards Lifesciences",117.76,"2021-11-16 11:00:03"
"Edwards Lifesciences",118.76,"2021-11-16 12:00:03"
"Edwards Lifesciences",118.89,"2021-11-16 13:00:03"
"Edwards Lifesciences",119.42,"2021-11-16 14:00:03"
"Edwards Lifesciences",119.45,"2021-11-16 15:00:04"
"Edwards Lifesciences",119.43,"2021-11-16 15:45:04"
"Edwards Lifesciences",119.02,"2021-11-16 16:15:04"
"Edwards Lifesciences",117.28,"2021-11-17 09:45:03"
"Edwards Lifesciences",119.14,"2021-11-17 11:00:03"
"Edwards Lifesciences",118.97,"2021-11-17 12:00:03"
"Edwards Lifesciences",119.14,"2021-11-17 13:00:04"
"Edwards Lifesciences",119.38,"2021-11-17 14:00:04"
"Edwards Lifesciences",119.43,"2021-11-17 15:00:04"
"Edwards Lifesciences",118.60,"2021-11-17 15:45:04"
"Edwards Lifesciences",118.33,"2021-11-17 16:15:14"
"Edwards Lifesciences",117.56,"2021-11-18 09:45:04"
"Edwards Lifesciences",117.17,"2021-11-18 11:00:03"
"Edwards Lifesciences",117.56,"2021-11-18 12:00:03"
"Edwards Lifesciences",117.77,"2021-11-18 13:00:04"
"Edwards Lifesciences",117.68,"2021-11-18 14:00:03"
"Edwards Lifesciences",117.24,"2021-11-18 15:00:04"
"Edwards Lifesciences",116.93,"2021-11-18 15:45:04"
"Edwards Lifesciences",117.05,"2021-11-18 16:15:02"
"Edwards Lifesciences",116.16,"2021-11-19 09:45:04"
"Edwards Lifesciences",116.45,"2021-11-19 11:00:03"
"Edwards Lifesciences",116.78,"2021-11-19 12:00:03"
"Edwards Lifesciences",117.35,"2021-11-19 13:00:04"
"Edwards Lifesciences",117.30,"2021-11-19 14:00:04"
"Edwards Lifesciences",117.50,"2021-11-19 15:00:02"
"Edwards Lifesciences",117.46,"2021-11-19 15:45:03"
"Edwards Lifesciences",117.15,"2021-11-19 16:15:14"
"Edwards Lifesciences",117.24,"2021-11-22 09:45:03"
"Edwards Lifesciences",116.68,"2021-11-22 11:00:02"
"Edwards Lifesciences",114.84,"2021-11-22 12:00:03"
"Edwards Lifesciences",116.03,"2021-11-22 13:00:03"
"Edwards Lifesciences",115.79,"2021-11-22 14:00:03"
"Edwards Lifesciences",115.75,"2021-11-22 15:00:02"
"Edwards Lifesciences",115.75,"2021-11-22 15:45:03"
"Edwards Lifesciences",114.84,"2021-11-22 16:15:02"
"Edwards Lifesciences",113.69,"2021-11-23 09:45:03"
"Edwards Lifesciences",112.54,"2021-11-23 11:00:03"
"Edwards Lifesciences",112.50,"2021-11-23 12:00:03"
"Edwards Lifesciences",111.64,"2021-11-23 13:00:03"
"Edwards Lifesciences",111.49,"2021-11-23 14:00:03"
"Edwards Lifesciences",112.49,"2021-11-23 15:00:05"
"Edwards Lifesciences",112.70,"2021-11-23 15:45:02"
"Edwards Lifesciences",112.67,"2021-11-23 16:15:03"
"Edwards Lifesciences",112.41,"2021-11-24 09:45:03"
"Edwards Lifesciences",113.78,"2021-11-24 11:00:02"
"Edwards Lifesciences",114.28,"2021-11-24 12:00:02"
"Edwards Lifesciences",114.55,"2021-11-24 13:00:04"
"Edwards Lifesciences",114.35,"2021-11-24 14:00:03"
"Edwards Lifesciences",114.37,"2021-11-24 15:00:04"
"Edwards Lifesciences",114.44,"2021-11-24 15:45:03"
"Edwards Lifesciences",114.49,"2021-11-24 16:15:02"
"Edwards Lifesciences",114.49,"2021-11-25 09:45:03"
"Edwards Lifesciences",114.49,"2021-11-25 11:00:03"
"Edwards Lifesciences",114.49,"2021-11-25 12:00:02"
"Edwards Lifesciences",114.49,"2021-11-25 13:00:03"
"Edwards Lifesciences",114.49,"2021-11-25 14:00:03"
"Edwards Lifesciences",114.49,"2021-11-25 15:00:02"
"Edwards Lifesciences",114.49,"2021-11-25 15:45:03"
"Edwards Lifesciences",114.49,"2021-11-25 16:15:03"
"Edwards Lifesciences",114.54,"2021-11-26 09:45:02"
"Edwards Lifesciences",111.31,"2021-11-26 11:00:03"
"Edwards Lifesciences",110.21,"2021-11-26 12:00:03"
"Edwards Lifesciences",109.62,"2021-11-26 13:00:03"
"Edwards Lifesciences",109.58,"2021-11-26 14:00:03"
"Edwards Lifesciences",109.58,"2021-11-26 15:00:03"
"Edwards Lifesciences",109.58,"2021-11-26 15:45:03"
"Edwards Lifesciences",109.58,"2021-11-26 16:15:03"
"Edwards Lifesciences",111.24,"2021-11-29 09:45:04"
"Edwards Lifesciences",111.71,"2021-11-29 11:00:04"
"Edwards Lifesciences",112.00,"2021-11-29 12:00:04"
"Edwards Lifesciences",112.29,"2021-11-29 13:00:04"
"Edwards Lifesciences",112.39,"2021-11-29 14:00:04"
"Edwards Lifesciences",111.41,"2021-11-29 15:00:04"
"Edwards Lifesciences",111.15,"2021-11-29 15:45:02"
"Edwards Lifesciences",110.72,"2021-11-29 16:15:03"
"Edwards Lifesciences",110.61,"2021-11-30 09:45:03"
"Edwards Lifesciences",109.75,"2021-11-30 11:00:03"
"Edwards Lifesciences",108.22,"2021-11-30 12:00:03"
"Edwards Lifesciences",107.95,"2021-11-30 13:00:04"
"Edwards Lifesciences",108.65,"2021-11-30 14:00:04"
"Edwards Lifesciences",108.23,"2021-11-30 15:00:03"
"Edwards Lifesciences",107.69,"2021-11-30 15:45:02"
"Edwards Lifesciences",107.24,"2021-11-30 16:15:03"
"Edwards Lifesciences",107.96,"2021-12-01 09:45:03"
"Edwards Lifesciences",108.99,"2021-12-01 11:00:05"
"Edwards Lifesciences",109.48,"2021-12-01 12:00:03"
"Edwards Lifesciences",109.32,"2021-12-01 13:00:03"
"Edwards Lifesciences",108.84,"2021-12-01 14:00:04"
"Edwards Lifesciences",108.90,"2021-12-01 15:00:04"
"Edwards Lifesciences",108.03,"2021-12-01 15:45:04"
"Edwards Lifesciences",107.47,"2021-12-01 16:15:03"
"Edwards Lifesciences",109.08,"2021-12-02 09:45:02"
"Edwards Lifesciences",108.36,"2021-12-02 11:00:04"
"Edwards Lifesciences",108.32,"2021-12-02 12:00:02"
"Edwards Lifesciences",109.06,"2021-12-02 13:00:03"
"Edwards Lifesciences",109.31,"2021-12-02 14:00:04"
"Edwards Lifesciences",109.35,"2021-12-02 15:00:02"
"Edwards Lifesciences",110.13,"2021-12-02 15:45:03"
"Edwards Lifesciences",109.84,"2021-12-02 16:15:02"
"Edwards Lifesciences",110.21,"2021-12-03 09:45:02"
"Edwards Lifesciences",108.63,"2021-12-03 11:00:03"
"Edwards Lifesciences",108.29,"2021-12-03 12:00:02"
"Edwards Lifesciences",107.55,"2021-12-03 13:00:03"
"Edwards Lifesciences",107.72,"2021-12-03 14:00:03"
"Edwards Lifesciences",107.46,"2021-12-03 15:00:05"
"Edwards Lifesciences",107.79,"2021-12-03 15:45:03"
"Edwards Lifesciences",108.50,"2021-12-03 16:15:03"
"Edwards Lifesciences",108.90,"2021-12-06 09:45:02"
"Edwards Lifesciences",111.91,"2021-12-06 11:00:04"
"Edwards Lifesciences",111.72,"2021-12-06 12:00:04"
"Edwards Lifesciences",112.64,"2021-12-06 13:00:04"
"Edwards Lifesciences",112.91,"2021-12-06 14:00:03"
"Edwards Lifesciences",112.17,"2021-12-06 15:00:03"
"Edwards Lifesciences",112.22,"2021-12-06 15:45:03"
"Edwards Lifesciences",112.04,"2021-12-06 16:15:03"
"Edwards Lifesciences",114.83,"2021-12-07 09:45:02"
"Edwards Lifesciences",115.29,"2021-12-07 11:00:03"
"Edwards Lifesciences",115.83,"2021-12-07 12:00:03"
"Edwards Lifesciences",116.10,"2021-12-07 13:00:02"
"Edwards Lifesciences",116.06,"2021-12-07 14:00:02"
"Edwards Lifesciences",116.31,"2021-12-07 15:00:04"
"Edwards Lifesciences",115.34,"2021-12-07 15:45:03"
"Edwards Lifesciences",115.56,"2021-12-07 16:15:04"
"Edwards Lifesciences",116.75,"2021-12-08 09:45:03"
"Edwards Lifesciences",118.57,"2021-12-08 11:00:03"
"Edwards Lifesciences",119.11,"2021-12-08 12:00:03"
"Edwards Lifesciences",118.67,"2021-12-08 13:00:03"
"Edwards Lifesciences",118.90,"2021-12-08 14:00:03"
"Edwards Lifesciences",118.98,"2021-12-08 15:00:02"
"Edwards Lifesciences",119.00,"2021-12-08 15:45:03"
"Edwards Lifesciences",119.46,"2021-12-08 16:15:05"
"Edwards Lifesciences",121.86,"2021-12-09 09:45:03"
"Edwards Lifesciences",120.66,"2021-12-09 11:00:03"
"Edwards Lifesciences",120.68,"2021-12-09 12:00:04"
"Edwards Lifesciences",120.74,"2021-12-09 13:00:03"
"Edwards Lifesciences",121.14,"2021-12-09 14:00:03"
"Edwards Lifesciences",120.75,"2021-12-09 15:00:03"
"Edwards Lifesciences",120.72,"2021-12-09 15:45:03"
"Edwards Lifesciences",120.28,"2021-12-09 16:15:03"
"Edwards Lifesciences",121.95,"2021-12-10 09:45:03"
"Edwards Lifesciences",121.85,"2021-12-10 11:00:03"
"Edwards Lifesciences",120.71,"2021-12-10 12:00:03"
"Edwards Lifesciences",121.49,"2021-12-10 13:00:03"
"Edwards Lifesciences",121.30,"2021-12-10 14:00:02"
"Edwards Lifesciences",121.40,"2021-12-10 15:00:03"
"Edwards Lifesciences",121.60,"2021-12-10 15:45:04"
"Edwards Lifesciences",121.81,"2021-12-10 16:15:02"
"Edwards Lifesciences",121.32,"2021-12-13 09:45:03"
"Edwards Lifesciences",121.22,"2021-12-13 11:00:06"
"Edwards Lifesciences",121.28,"2021-12-13 12:00:05"
"Edwards Lifesciences",120.37,"2021-12-13 13:00:02"
"Edwards Lifesciences",120.82,"2021-12-13 14:00:03"
"Edwards Lifesciences",120.63,"2021-12-13 15:00:03"
