Kimberly-Clark,128.20,"2021-03-01 03:06:32"
Kimberly-Clark,129.02,"2021-03-01 13:01:21"
Kimberly-Clark,129.07,"2021-03-01 13:35:29"
Kimberly-Clark,129.01,"2021-03-01 13:56:50"
Kimberly-Clark,128.92,"2021-03-01 14:00:05"
Kimberly-Clark,129.15,"2021-03-01 15:00:04"
Kimberly-Clark,128.48,"2021-03-01 15:45:03"
Kimberly-Clark,128.39,"2021-03-01 16:15:03"
Kimberly-Clark,128.34,"2021-03-02 09:45:02"
Kimberly-Clark,128.53,"2021-03-02 11:00:05"
Kimberly-Clark,129.06,"2021-03-02 12:00:04"
Kimberly-Clark,129.04,"2021-03-02 13:00:06"
Kimberly-Clark,129.22,"2021-03-02 14:00:04"
Kimberly-Clark,129.65,"2021-03-02 15:00:06"
Kimberly-Clark,129.68,"2021-03-02 15:45:03"
Kimberly-Clark,129.90,"2021-03-02 16:15:04"
Kimberly-Clark,129.02,"2021-03-03 09:45:04"
Kimberly-Clark,129.72,"2021-03-03 11:00:06"
Kimberly-Clark,130.50,"2021-03-03 12:00:04"
Kimberly-Clark,130.13,"2021-03-03 13:00:07"
Kimberly-Clark,131.22,"2021-03-03 14:00:05"
Kimberly-Clark,130.87,"2021-03-03 15:00:06"
Kimberly-Clark,130.79,"2021-03-03 15:45:03"
Kimberly-Clark,130.53,"2021-03-03 16:15:02"
Kimberly-Clark,130.65,"2021-03-04 09:45:03"
Kimberly-Clark,130.51,"2021-03-04 11:00:01"
Kimberly-Clark,130.25,"2021-03-04 12:00:06"
Kimberly-Clark,128.91,"2021-03-04 13:00:06"
Kimberly-Clark,129.18,"2021-03-04 14:00:03"
Kimberly-Clark,129.04,"2021-03-04 15:00:06"
Kimberly-Clark,128.95,"2021-03-04 15:45:02"
Kimberly-Clark,128.68,"2021-03-04 16:15:02"
Kimberly-Clark,129.17,"2021-03-05 09:45:02"
Kimberly-Clark,131.05,"2021-03-05 11:00:07"
Kimberly-Clark,132.01,"2021-03-05 12:00:07"
Kimberly-Clark,131.20,"2021-03-05 13:00:05"
Kimberly-Clark,130.65,"2021-03-05 14:00:06"
Kimberly-Clark,130.95,"2021-03-05 15:00:08"
Kimberly-Clark,131.38,"2021-03-05 15:45:02"
Kimberly-Clark,131.59,"2021-03-05 16:15:04"
Kimberly-Clark,131.16,"2021-03-08 09:45:02"
Kimberly-Clark,132.38,"2021-03-08 11:00:03"
Kimberly-Clark,133.18,"2021-03-08 12:00:09"
Kimberly-Clark,133.99,"2021-03-08 13:00:05"
Kimberly-Clark,134.20,"2021-03-08 14:00:03"
Kimberly-Clark,134.19,"2021-03-08 15:00:04"
Kimberly-Clark,133.44,"2021-03-08 15:45:02"
Kimberly-Clark,132.52,"2021-03-08 16:15:02"
Kimberly-Clark,133.54,"2021-03-09 09:45:03"
Kimberly-Clark,132.88,"2021-03-09 11:00:04"
Kimberly-Clark,133.06,"2021-03-09 12:00:09"
Kimberly-Clark,133.05,"2021-03-09 13:00:07"
Kimberly-Clark,133.09,"2021-03-09 14:00:06"
Kimberly-Clark,132.58,"2021-03-09 15:00:05"
Kimberly-Clark,132.66,"2021-03-09 15:45:06"
Kimberly-Clark,132.33,"2021-03-09 16:15:04"
Kimberly-Clark,131.54,"2021-03-10 09:45:04"
Kimberly-Clark,132.77,"2021-03-10 11:00:02"
Kimberly-Clark,133.19,"2021-03-10 12:00:04"
Kimberly-Clark,133.91,"2021-03-10 13:00:02"
Kimberly-Clark,134.39,"2021-03-10 14:00:03"
Kimberly-Clark,134.81,"2021-03-10 15:00:02"
Kimberly-Clark,134.63,"2021-03-10 15:45:02"
Kimberly-Clark,134.44,"2021-03-10 16:15:02"
Kimberly-Clark,132.99,"2021-03-11 09:45:02"
Kimberly-Clark,133.18,"2021-03-11 11:00:02"
Kimberly-Clark,133.46,"2021-03-11 12:00:04"
Kimberly-Clark,133.75,"2021-03-11 13:00:04"
Kimberly-Clark,133.64,"2021-03-11 14:00:02"
Kimberly-Clark,133.37,"2021-03-11 15:00:06"
Kimberly-Clark,132.86,"2021-03-11 15:45:04"
Kimberly-Clark,132.55,"2021-03-11 16:15:02"
Kimberly-Clark,133.89,"2021-03-12 09:45:02"
Kimberly-Clark,134.39,"2021-03-12 11:00:04"
Kimberly-Clark,133.52,"2021-03-12 12:00:03"
Kimberly-Clark,133.47,"2021-03-12 13:00:02"
Kimberly-Clark,134.33,"2021-03-12 14:00:01"
Kimberly-Clark,133.16,"2021-03-12 15:00:07"
Kimberly-Clark,133.73,"2021-03-12 15:45:02"
Kimberly-Clark,132.61,"2021-03-12 16:15:02"
Kimberly-Clark,134.91,"2021-03-15 09:45:04"
Kimberly-Clark,133.50,"2021-03-15 11:00:02"
Kimberly-Clark,134.01,"2021-03-15 12:00:03"
Kimberly-Clark,133.75,"2021-03-15 13:00:03"
Kimberly-Clark,133.99,"2021-03-15 14:00:02"
Kimberly-Clark,133.55,"2021-03-15 15:00:03"
Kimberly-Clark,133.65,"2021-03-15 15:45:03"
Kimberly-Clark,134.25,"2021-03-15 16:15:03"
Kimberly-Clark,133.92,"2021-03-16 09:45:04"
Kimberly-Clark,134.44,"2021-03-16 11:00:02"
Kimberly-Clark,133.75,"2021-03-16 12:00:03"
Kimberly-Clark,134.31,"2021-03-16 13:00:03"
Kimberly-Clark,133.88,"2021-03-16 14:00:02"
Kimberly-Clark,134.76,"2021-03-16 15:00:03"
Kimberly-Clark,134.39,"2021-03-16 15:45:15"
Kimberly-Clark,134.43,"2021-03-16 16:15:04"
Kimberly-Clark,134.58,"2021-03-17 09:45:04"
Kimberly-Clark,133.89,"2021-03-17 11:00:03"
Kimberly-Clark,133.91,"2021-03-17 12:00:03"
Kimberly-Clark,134.38,"2021-03-17 13:00:04"
Kimberly-Clark,133.76,"2021-03-17 14:00:02"
Kimberly-Clark,133.61,"2021-03-17 15:00:03"
Kimberly-Clark,133.21,"2021-03-17 15:45:03"
Kimberly-Clark,132.55,"2021-03-17 16:15:03"
Kimberly-Clark,133.22,"2021-03-18 09:45:04"
Kimberly-Clark,131.05,"2021-03-18 11:00:02"
Kimberly-Clark,131.03,"2021-03-18 12:00:03"
Kimberly-Clark,131.08,"2021-03-18 13:00:03"
Kimberly-Clark,131.79,"2021-03-18 14:00:03"
Kimberly-Clark,132.74,"2021-03-18 15:00:04"
Kimberly-Clark,132.39,"2021-03-18 15:45:03"
Kimberly-Clark,132.40,"2021-03-18 16:15:04"
Kimberly-Clark,131.99,"2021-03-19 09:45:03"
Kimberly-Clark,132.12,"2021-03-19 11:00:02"
Kimberly-Clark,131.97,"2021-03-19 12:00:02"
Kimberly-Clark,131.71,"2021-03-19 13:00:03"
Kimberly-Clark,131.61,"2021-03-19 14:00:02"
Kimberly-Clark,131.92,"2021-03-19 15:00:04"
Kimberly-Clark,132.85,"2021-03-19 15:45:02"
Kimberly-Clark,130.73,"2021-03-19 16:15:04"
Kimberly-Clark,131.46,"2021-03-22 09:45:03"
Kimberly-Clark,131.75,"2021-03-22 11:00:02"
Kimberly-Clark,131.36,"2021-03-22 12:00:04"
Kimberly-Clark,132.36,"2021-03-22 13:00:02"
Kimberly-Clark,132.32,"2021-03-22 14:00:02"
Kimberly-Clark,132.28,"2021-03-22 15:00:02"
Kimberly-Clark,132.47,"2021-03-22 15:45:02"
Kimberly-Clark,133.03,"2021-03-22 16:15:03"
Kimberly-Clark,132.74,"2021-03-23 09:45:04"
Kimberly-Clark,134.41,"2021-03-23 11:00:02"
Kimberly-Clark,134.77,"2021-03-23 12:00:03"
Kimberly-Clark,134.76,"2021-03-23 13:00:04"
Kimberly-Clark,135.04,"2021-03-23 14:00:03"
Kimberly-Clark,135.51,"2021-03-23 15:00:01"
Kimberly-Clark,135.20,"2021-03-23 15:45:03"
Kimberly-Clark,135.28,"2021-03-23 16:15:03"
Kimberly-Clark,134.88,"2021-03-24 09:45:03"
Kimberly-Clark,134.83,"2021-03-24 11:00:04"
Kimberly-Clark,135.54,"2021-03-24 12:00:03"
Kimberly-Clark,135.07,"2021-03-24 13:00:03"
Kimberly-Clark,134.69,"2021-03-24 14:00:03"
Kimberly-Clark,135.53,"2021-03-24 15:00:02"
Kimberly-Clark,135.61,"2021-03-24 15:45:03"
Kimberly-Clark,135.53,"2021-03-24 16:15:03"
Kimberly-Clark,135.43,"2021-03-25 09:45:04"
Kimberly-Clark,136.82,"2021-03-25 11:00:05"
Kimberly-Clark,136.07,"2021-03-25 12:00:04"
Kimberly-Clark,135.44,"2021-03-25 13:00:03"
Kimberly-Clark,135.91,"2021-03-25 14:00:02"
Kimberly-Clark,135.94,"2021-03-25 15:00:02"
Kimberly-Clark,135.94,"2021-03-25 15:45:02"
Kimberly-Clark,135.67,"2021-03-25 16:15:03"
Kimberly-Clark,135.08,"2021-03-26 09:45:03"
Kimberly-Clark,135.94,"2021-03-26 11:00:03"
Kimberly-Clark,135.82,"2021-03-26 12:00:04"
Kimberly-Clark,136.26,"2021-03-26 13:00:02"
Kimberly-Clark,136.05,"2021-03-26 14:00:02"
Kimberly-Clark,136.47,"2021-03-26 15:00:01"
Kimberly-Clark,136.49,"2021-03-26 15:45:02"
Kimberly-Clark,137.13,"2021-03-26 16:15:04"
Kimberly-Clark,138.04,"2021-03-29 09:45:03"
Kimberly-Clark,138.36,"2021-03-29 11:00:04"
Kimberly-Clark,139.18,"2021-03-29 12:00:03"
Kimberly-Clark,139.32,"2021-03-29 13:00:06"
Kimberly-Clark,139.51,"2021-03-29 14:00:04"
Kimberly-Clark,139.64,"2021-03-29 15:00:04"
Kimberly-Clark,139.19,"2021-03-29 15:45:03"
Kimberly-Clark,138.46,"2021-03-29 16:15:03"
Kimberly-Clark,138.75,"2021-03-30 09:45:04"
Kimberly-Clark,138.60,"2021-03-30 11:00:02"
Kimberly-Clark,138.75,"2021-03-30 12:00:02"
Kimberly-Clark,138.65,"2021-03-30 13:00:02"
Kimberly-Clark,139.11,"2021-03-30 14:00:03"
Kimberly-Clark,138.81,"2021-03-30 15:00:05"
Kimberly-Clark,138.24,"2021-03-30 15:45:03"
Kimberly-Clark,138.31,"2021-03-30 16:15:02"
Kimberly-Clark,140.88,"2021-03-31 09:45:02"
Kimberly-Clark,140.80,"2021-03-31 11:00:02"
Kimberly-Clark,140.50,"2021-03-31 12:00:03"
Kimberly-Clark,139.91,"2021-03-31 13:00:04"
Kimberly-Clark,139.82,"2021-03-31 14:00:02"
Kimberly-Clark,139.66,"2021-03-31 15:00:03"
Kimberly-Clark,139.16,"2021-03-31 15:45:02"
Kimberly-Clark,139.05,"2021-03-31 16:15:02"
Kimberly-Clark,137.08,"2021-04-01 09:45:02"
Kimberly-Clark,135.12,"2021-04-01 11:00:05"
Kimberly-Clark,136.88,"2021-04-01 12:00:02"
Kimberly-Clark,137.61,"2021-04-01 13:00:03"
Kimberly-Clark,137.03,"2021-04-01 14:00:03"
Kimberly-Clark,137.13,"2021-04-01 15:00:03"
Kimberly-Clark,137.41,"2021-04-01 15:45:02"
Kimberly-Clark,136.75,"2021-04-01 16:15:02"
Kimberly-Clark,137.00,"2021-04-02 09:45:04"
Kimberly-Clark,137.00,"2021-04-02 11:00:03"
Kimberly-Clark,137.00,"2021-04-02 12:00:04"
Kimberly-Clark,137.00,"2021-04-02 13:00:04"
Kimberly-Clark,137.00,"2021-04-02 14:00:04"
Kimberly-Clark,137.00,"2021-04-02 15:00:04"
Kimberly-Clark,137.00,"2021-04-02 15:45:03"
Kimberly-Clark,137.00,"2021-04-02 16:15:02"
Kimberly-Clark,138.37,"2021-04-05 09:45:02"
Kimberly-Clark,138.80,"2021-04-05 11:00:02"
Kimberly-Clark,139.02,"2021-04-05 12:00:02"
Kimberly-Clark,138.91,"2021-04-05 13:00:04"
Kimberly-Clark,138.09,"2021-04-05 14:00:03"
Kimberly-Clark,138.16,"2021-04-05 15:00:04"
Kimberly-Clark,138.59,"2021-04-05 15:45:03"
Kimberly-Clark,138.43,"2021-04-05 16:15:03"
Kimberly-Clark,137.46,"2021-04-06 09:45:03"
Kimberly-Clark,137.36,"2021-04-06 11:00:02"
Kimberly-Clark,137.83,"2021-04-06 12:00:04"
Kimberly-Clark,137.98,"2021-04-06 13:00:01"
Kimberly-Clark,137.92,"2021-04-06 14:00:04"
Kimberly-Clark,137.84,"2021-04-06 15:00:03"
Kimberly-Clark,137.72,"2021-04-06 15:45:03"
Kimberly-Clark,138.05,"2021-04-06 16:15:03"
Kimberly-Clark,137.98,"2021-04-07 09:45:03"
Kimberly-Clark,137.47,"2021-04-07 11:00:03"
Kimberly-Clark,137.53,"2021-04-07 12:00:04"
Kimberly-Clark,137.24,"2021-04-07 13:00:03"
Kimberly-Clark,136.73,"2021-04-07 14:00:04"
Kimberly-Clark,136.66,"2021-04-07 15:00:06"
Kimberly-Clark,136.89,"2021-04-07 15:45:02"
Kimberly-Clark,136.94,"2021-04-07 16:15:02"
Kimberly-Clark,136.38,"2021-04-08 09:45:02"
Kimberly-Clark,136.89,"2021-04-08 11:00:06"
Kimberly-Clark,137.18,"2021-04-08 12:00:03"
Kimberly-Clark,137.07,"2021-04-08 13:00:05"
Kimberly-Clark,137.29,"2021-04-08 14:00:04"
Kimberly-Clark,137.43,"2021-04-08 15:00:03"
Kimberly-Clark,137.48,"2021-04-08 15:45:03"
Kimberly-Clark,137.55,"2021-04-08 16:15:03"
Kimberly-Clark,137.74,"2021-04-09 09:45:03"
Kimberly-Clark,137.19,"2021-04-09 11:00:05"
Kimberly-Clark,136.58,"2021-04-09 12:00:05"
Kimberly-Clark,135.92,"2021-04-09 13:00:03"
Kimberly-Clark,136.48,"2021-04-09 14:00:02"
Kimberly-Clark,136.69,"2021-04-09 15:00:02"
Kimberly-Clark,136.80,"2021-04-09 15:45:03"
Kimberly-Clark,136.69,"2021-04-09 16:15:03"
Kimberly-Clark,136.79,"2021-04-12 09:45:04"
Kimberly-Clark,137.83,"2021-04-12 11:00:03"
Kimberly-Clark,137.35,"2021-04-12 12:00:06"
Kimberly-Clark,137.14,"2021-04-12 13:00:03"
Kimberly-Clark,137.32,"2021-04-12 14:00:02"
Kimberly-Clark,136.98,"2021-04-12 15:00:02"
Kimberly-Clark,137.21,"2021-04-12 15:45:02"
Kimberly-Clark,137.23,"2021-04-12 16:15:03"
Kimberly-Clark,136.84,"2021-04-13 09:45:03"
Kimberly-Clark,136.98,"2021-04-13 11:00:02"
Kimberly-Clark,137.39,"2021-04-13 12:00:03"
Kimberly-Clark,137.70,"2021-04-13 13:00:02"
Kimberly-Clark,137.09,"2021-04-13 14:00:05"
Kimberly-Clark,137.27,"2021-04-13 15:00:02"
Kimberly-Clark,136.99,"2021-04-13 15:45:02"
Kimberly-Clark,137.21,"2021-04-13 16:15:02"
Kimberly-Clark,135.82,"2021-04-14 09:45:04"
Kimberly-Clark,135.37,"2021-04-14 11:00:02"
Kimberly-Clark,136.51,"2021-04-14 12:00:02"
Kimberly-Clark,135.88,"2021-04-14 13:00:02"
Kimberly-Clark,135.88,"2021-04-14 14:00:02"
Kimberly-Clark,135.85,"2021-04-14 15:00:05"
Kimberly-Clark,136.24,"2021-04-14 15:45:03"
Kimberly-Clark,136.27,"2021-04-14 16:15:02"
Kimberly-Clark,137.44,"2021-04-15 09:45:03"
Kimberly-Clark,137.66,"2021-04-15 11:00:04"
Kimberly-Clark,138.09,"2021-04-15 12:00:02"
Kimberly-Clark,138.73,"2021-04-15 13:00:03"
Kimberly-Clark,138.52,"2021-04-15 14:00:03"
Kimberly-Clark,138.47,"2021-04-15 15:00:02"
Kimberly-Clark,138.85,"2021-04-15 15:45:02"
Kimberly-Clark,138.93,"2021-04-15 16:15:03"
Kimberly-Clark,138.77,"2021-04-16 09:45:04"
Kimberly-Clark,139.28,"2021-04-16 11:00:01"
Kimberly-Clark,139.11,"2021-04-16 12:00:03"
Kimberly-Clark,139.19,"2021-04-16 13:00:04"
Kimberly-Clark,139.70,"2021-04-16 14:00:03"
Kimberly-Clark,139.39,"2021-04-16 15:00:03"
Kimberly-Clark,139.66,"2021-04-16 15:45:02"
Kimberly-Clark,139.22,"2021-04-16 16:15:03"
Kimberly-Clark,138.24,"2021-04-19 09:45:02"
Kimberly-Clark,139.43,"2021-04-19 11:00:05"
Kimberly-Clark,139.14,"2021-04-19 12:00:07"
Kimberly-Clark,139.19,"2021-04-19 13:00:04"
Kimberly-Clark,138.60,"2021-04-19 14:00:02"
Kimberly-Clark,138.63,"2021-04-19 15:00:03"
Kimberly-Clark,139.04,"2021-04-19 15:45:03"
Kimberly-Clark,138.93,"2021-04-19 16:15:03"
Kimberly-Clark,139.22,"2021-04-20 09:45:05"
Kimberly-Clark,141.00,"2021-04-20 11:00:02"
Kimberly-Clark,142.19,"2021-04-20 12:00:02"
Kimberly-Clark,142.53,"2021-04-20 13:00:02"
Kimberly-Clark,142.12,"2021-04-20 14:00:02"
Kimberly-Clark,142.25,"2021-04-20 15:00:02"
Kimberly-Clark,142.26,"2021-04-20 15:45:03"
Kimberly-Clark,142.39,"2021-04-20 16:15:02"
Kimberly-Clark,142.89,"2021-04-21 09:45:02"
Kimberly-Clark,141.42,"2021-04-21 11:00:05"
Kimberly-Clark,141.31,"2021-04-21 12:00:02"
Kimberly-Clark,141.10,"2021-04-21 13:00:02"
Kimberly-Clark,141.28,"2021-04-21 14:00:03"
Kimberly-Clark,141.04,"2021-04-21 15:00:03"
Kimberly-Clark,141.57,"2021-04-21 15:45:04"
Kimberly-Clark,141.63,"2021-04-21 16:15:03"
Kimberly-Clark,142.00,"2021-04-22 09:45:04"
Kimberly-Clark,140.62,"2021-04-22 11:00:02"
Kimberly-Clark,140.24,"2021-04-22 12:00:03"
Kimberly-Clark,140.80,"2021-04-22 13:00:03"
Kimberly-Clark,140.62,"2021-04-22 14:00:03"
Kimberly-Clark,140.88,"2021-04-22 15:00:02"
Kimberly-Clark,140.23,"2021-04-22 15:45:03"
Kimberly-Clark,140.23,"2021-04-22 16:15:02"
Kimberly-Clark,132.85,"2021-04-23 09:45:02"
Kimberly-Clark,132.91,"2021-04-23 11:00:02"
Kimberly-Clark,132.84,"2021-04-23 12:00:04"
Kimberly-Clark,132.76,"2021-04-23 13:00:02"
Kimberly-Clark,132.04,"2021-04-23 14:00:02"
Kimberly-Clark,131.84,"2021-04-23 15:00:07"
Kimberly-Clark,131.96,"2021-04-23 15:45:02"
Kimberly-Clark,132.00,"2021-04-23 16:15:03"
Kimberly-Clark,129.78,"2021-04-26 09:45:02"
Kimberly-Clark,130.23,"2021-04-26 11:00:02"
Kimberly-Clark,130.78,"2021-04-26 12:00:04"
Kimberly-Clark,130.91,"2021-04-26 13:00:04"
Kimberly-Clark,130.73,"2021-04-26 14:00:02"
Kimberly-Clark,131.05,"2021-04-26 15:00:02"
Kimberly-Clark,130.80,"2021-04-26 15:45:02"
Kimberly-Clark,130.52,"2021-04-26 16:15:03"
Kimberly-Clark,129.17,"2021-04-27 09:45:02"
Kimberly-Clark,129.59,"2021-04-27 11:00:04"
Kimberly-Clark,130.01,"2021-04-27 12:00:02"
Kimberly-Clark,129.77,"2021-04-27 13:00:03"
Kimberly-Clark,129.87,"2021-04-27 14:00:03"
Kimberly-Clark,129.64,"2021-04-27 15:00:02"
Kimberly-Clark,129.49,"2021-04-27 15:45:02"
Kimberly-Clark,129.43,"2021-04-27 16:15:03"
Kimberly-Clark,129.91,"2021-04-28 09:45:03"
Kimberly-Clark,129.30,"2021-04-28 11:00:02"
Kimberly-Clark,128.85,"2021-04-28 12:00:03"
Kimberly-Clark,129.26,"2021-04-28 13:00:03"
Kimberly-Clark,129.23,"2021-04-28 14:00:02"
Kimberly-Clark,129.11,"2021-04-28 15:00:03"
Kimberly-Clark,129.38,"2021-04-28 15:45:03"
Kimberly-Clark,129.56,"2021-04-28 16:15:03"
Kimberly-Clark,131.36,"2021-04-29 09:45:04"
Kimberly-Clark,131.87,"2021-04-29 11:00:03"
Kimberly-Clark,131.86,"2021-04-29 12:00:04"
Kimberly-Clark,131.99,"2021-04-29 13:00:02"
Kimberly-Clark,132.04,"2021-04-29 14:00:02"
Kimberly-Clark,132.29,"2021-04-29 15:00:02"
Kimberly-Clark,132.63,"2021-04-29 15:45:03"
Kimberly-Clark,132.53,"2021-04-29 16:15:02"
Kimberly-Clark,132.63,"2021-04-30 09:45:04"
Kimberly-Clark,133.66,"2021-04-30 11:00:03"
Kimberly-Clark,133.34,"2021-04-30 12:00:02"
Kimberly-Clark,133.48,"2021-04-30 13:00:02"
Kimberly-Clark,133.15,"2021-04-30 14:00:04"
Kimberly-Clark,133.30,"2021-04-30 15:00:04"
Kimberly-Clark,133.09,"2021-04-30 15:45:02"
Kimberly-Clark,133.30,"2021-04-30 16:15:04"
Kimberly-Clark,133.61,"2021-05-03 09:45:03"
Kimberly-Clark,135.11,"2021-05-03 11:00:05"
Kimberly-Clark,135.74,"2021-05-03 12:00:04"
Kimberly-Clark,135.21,"2021-05-03 13:00:02"
Kimberly-Clark,135.36,"2021-05-03 14:00:02"
Kimberly-Clark,135.36,"2021-05-03 15:00:03"
Kimberly-Clark,134.75,"2021-05-03 15:45:02"
Kimberly-Clark,134.74,"2021-05-03 16:15:02"
Kimberly-Clark,135.04,"2021-05-04 09:45:02"
Kimberly-Clark,135.00,"2021-05-04 11:00:03"
Kimberly-Clark,135.34,"2021-05-04 12:00:11"
Kimberly-Clark,135.52,"2021-05-04 13:00:03"
Kimberly-Clark,135.47,"2021-05-04 14:00:03"
Kimberly-Clark,134.69,"2021-05-04 15:00:02"
Kimberly-Clark,134.48,"2021-05-04 15:45:03"
Kimberly-Clark,134.72,"2021-05-04 16:15:02"
Kimberly-Clark,134.09,"2021-05-05 09:45:04"
Kimberly-Clark,134.99,"2021-05-05 11:00:04"
Kimberly-Clark,135.06,"2021-05-05 12:00:02"
Kimberly-Clark,135.07,"2021-05-05 13:00:03"
Kimberly-Clark,135.49,"2021-05-05 14:00:03"
Kimberly-Clark,135.68,"2021-05-05 15:00:02"
Kimberly-Clark,135.82,"2021-05-05 15:45:04"
Kimberly-Clark,135.57,"2021-05-05 16:15:02"
Kimberly-Clark,135.78,"2021-05-06 09:45:03"
Kimberly-Clark,135.95,"2021-05-06 11:00:02"
Kimberly-Clark,137.11,"2021-05-06 12:00:02"
Kimberly-Clark,137.13,"2021-05-06 13:00:02"
Kimberly-Clark,136.62,"2021-05-06 14:00:03"
Kimberly-Clark,136.36,"2021-05-06 15:00:03"
Kimberly-Clark,136.16,"2021-05-06 15:45:02"
Kimberly-Clark,135.78,"2021-05-06 16:15:03"
Kimberly-Clark,135.47,"2021-05-07 09:45:03"
Kimberly-Clark,135.35,"2021-05-07 11:00:03"
Kimberly-Clark,135.97,"2021-05-07 12:00:05"
Kimberly-Clark,135.18,"2021-05-07 13:00:05"
Kimberly-Clark,135.69,"2021-05-07 14:00:03"
Kimberly-Clark,135.89,"2021-05-07 15:00:03"
Kimberly-Clark,135.76,"2021-05-07 15:45:03"
Kimberly-Clark,135.50,"2021-05-07 16:15:02"
Kimberly-Clark,137.07,"2021-05-10 09:45:03"
Kimberly-Clark,136.99,"2021-05-10 11:00:04"
Kimberly-Clark,137.06,"2021-05-10 12:00:02"
Kimberly-Clark,137.36,"2021-05-10 13:00:03"
Kimberly-Clark,137.31,"2021-05-10 14:00:03"
Kimberly-Clark,137.22,"2021-05-10 15:00:04"
Kimberly-Clark,137.31,"2021-05-10 15:45:03"
Kimberly-Clark,136.90,"2021-05-10 16:15:03"
Kimberly-Clark,135.03,"2021-07-11 11:55:07"
Kimberly-Clark,135.42,"2021-07-12 09:45:04"
Kimberly-Clark,135.10,"2021-07-12 11:00:03"
Kimberly-Clark,134.33,"2021-07-12 12:00:03"
Kimberly-Clark,134.66,"2021-07-12 13:00:02"
Kimberly-Clark,134.65,"2021-07-12 14:00:02"
Kimberly-Clark,134.36,"2021-07-12 15:00:03"
Kimberly-Clark,134.42,"2021-07-12 15:45:02"
Kimberly-Clark,134.70,"2021-07-12 16:15:03"
Kimberly-Clark,135.04,"2021-07-13 09:45:04"
Kimberly-Clark,135.17,"2021-07-13 11:00:04"
Kimberly-Clark,134.87,"2021-07-13 12:00:02"
Kimberly-Clark,134.91,"2021-07-13 13:00:03"
Kimberly-Clark,134.75,"2021-07-13 14:00:03"
Kimberly-Clark,134.38,"2021-07-13 15:00:04"
Kimberly-Clark,134.47,"2021-07-13 15:45:02"
Kimberly-Clark,134.34,"2021-07-13 16:15:02"
Kimberly-Clark,134.14,"2021-07-14 09:45:02"
Kimberly-Clark,135.22,"2021-07-14 11:00:03"
Kimberly-Clark,135.13,"2021-07-14 12:00:03"
Kimberly-Clark,134.71,"2021-07-14 13:00:03"
Kimberly-Clark,135.22,"2021-07-14 14:00:03"
Kimberly-Clark,135.44,"2021-07-14 15:00:03"
Kimberly-Clark,135.39,"2021-07-14 15:45:03"
Kimberly-Clark,135.24,"2021-07-14 16:15:02"
Kimberly-Clark,135.29,"2021-07-15 09:45:05"
Kimberly-Clark,134.60,"2021-07-15 11:00:02"
Kimberly-Clark,134.59,"2021-07-15 12:00:02"
Kimberly-Clark,135.14,"2021-07-15 13:00:03"
Kimberly-Clark,135.54,"2021-07-15 14:00:02"
Kimberly-Clark,135.47,"2021-07-15 15:00:03"
Kimberly-Clark,136.10,"2021-07-15 15:45:03"
Kimberly-Clark,136.14,"2021-07-15 16:15:04"
Kimberly-Clark,136.82,"2021-07-16 09:45:02"
Kimberly-Clark,137.71,"2021-07-16 11:00:04"
Kimberly-Clark,137.47,"2021-07-16 12:00:03"
Kimberly-Clark,137.58,"2021-07-16 13:00:04"
Kimberly-Clark,138.31,"2021-07-16 14:00:03"
Kimberly-Clark,138.39,"2021-07-16 15:00:03"
Kimberly-Clark,138.61,"2021-07-16 15:45:03"
Kimberly-Clark,138.52,"2021-07-16 16:15:02"
Kimberly-Clark,139.82,"2021-07-19 09:45:03"
Kimberly-Clark,139.08,"2021-07-19 11:00:03"
Kimberly-Clark,137.86,"2021-07-19 12:00:03"
Kimberly-Clark,137.97,"2021-07-19 13:00:03"
Kimberly-Clark,137.90,"2021-07-19 14:00:04"
Kimberly-Clark,137.88,"2021-07-19 15:00:04"
Kimberly-Clark,138.59,"2021-07-19 15:45:03"
Kimberly-Clark,139.04,"2021-07-19 16:15:02"
Kimberly-Clark,140.16,"2021-07-20 09:45:03"
Kimberly-Clark,139.48,"2021-07-20 11:00:02"
Kimberly-Clark,138.74,"2021-07-20 12:00:02"
Kimberly-Clark,138.28,"2021-07-20 13:00:03"
Kimberly-Clark,137.98,"2021-07-20 14:00:04"
Kimberly-Clark,137.95,"2021-07-20 15:00:04"
Kimberly-Clark,137.75,"2021-07-20 15:45:03"
Kimberly-Clark,137.73,"2021-07-20 16:15:02"
Kimberly-Clark,136.85,"2021-07-21 09:45:02"
Kimberly-Clark,137.08,"2021-07-21 11:00:02"
Kimberly-Clark,136.13,"2021-07-21 12:00:02"
Kimberly-Clark,135.80,"2021-07-21 13:00:04"
Kimberly-Clark,135.40,"2021-07-21 14:00:03"
Kimberly-Clark,136.04,"2021-07-21 15:00:05"
Kimberly-Clark,135.42,"2021-07-21 15:45:03"
Kimberly-Clark,135.44,"2021-07-21 16:15:02"
Kimberly-Clark,134.83,"2021-07-22 09:45:01"
Kimberly-Clark,136.08,"2021-07-22 11:00:03"
Kimberly-Clark,135.53,"2021-07-22 13:00:02"
Kimberly-Clark,135.22,"2021-07-22 14:00:02"
Kimberly-Clark,134.99,"2021-07-22 15:00:01"
Kimberly-Clark,135.16,"2021-07-22 15:45:03"
Kimberly-Clark,134.95,"2021-07-22 16:15:03"
Kimberly-Clark,130.68,"2021-07-23 09:45:03"
Kimberly-Clark,131.53,"2021-07-23 11:00:02"
Kimberly-Clark,133.23,"2021-07-23 12:00:04"
Kimberly-Clark,134.82,"2021-07-23 13:00:04"
Kimberly-Clark,135.38,"2021-07-23 14:00:03"
Kimberly-Clark,135.97,"2021-07-23 15:00:02"
Kimberly-Clark,135.97,"2021-07-23 15:45:02"
Kimberly-Clark,135.60,"2021-07-23 16:15:02"
Kimberly-Clark,134.90,"2021-07-26 09:45:02"
Kimberly-Clark,136.13,"2021-07-26 11:00:02"
Kimberly-Clark,136.30,"2021-07-26 12:00:03"
Kimberly-Clark,136.35,"2021-07-26 13:00:03"
Kimberly-Clark,136.32,"2021-07-26 14:00:02"
Kimberly-Clark,135.56,"2021-07-26 15:00:02"
Kimberly-Clark,135.07,"2021-07-26 15:45:05"
Kimberly-Clark,135.10,"2021-07-26 16:15:04"
Kimberly-Clark,134.34,"2021-07-27 09:45:03"
Kimberly-Clark,135.54,"2021-07-27 11:00:05"
Kimberly-Clark,136.14,"2021-07-27 12:00:02"
Kimberly-Clark,136.26,"2021-07-27 13:00:03"
Kimberly-Clark,136.34,"2021-07-27 14:00:04"
Kimberly-Clark,135.91,"2021-07-27 15:00:03"
Kimberly-Clark,136.18,"2021-07-27 15:45:02"
Kimberly-Clark,136.25,"2021-07-27 16:15:03"
Kimberly-Clark,135.69,"2021-07-28 09:45:03"
Kimberly-Clark,134.58,"2021-07-28 11:00:04"
Kimberly-Clark,134.98,"2021-07-28 12:00:02"
Kimberly-Clark,134.72,"2021-07-28 13:00:01"
Kimberly-Clark,134.52,"2021-07-28 14:00:03"
Kimberly-Clark,135.01,"2021-07-28 15:00:02"
Kimberly-Clark,134.78,"2021-07-28 15:45:04"
Kimberly-Clark,134.89,"2021-07-28 16:15:02"
Kimberly-Clark,135.39,"2021-07-29 09:45:03"
Kimberly-Clark,135.32,"2021-07-29 11:00:02"
Kimberly-Clark,135.47,"2021-07-29 12:00:02"
Kimberly-Clark,135.89,"2021-07-29 13:00:03"
Kimberly-Clark,136.39,"2021-07-29 14:00:03"
Kimberly-Clark,136.16,"2021-07-29 15:00:01"
Kimberly-Clark,136.27,"2021-07-29 15:45:03"
Kimberly-Clark,136.18,"2021-07-29 16:15:03"
Kimberly-Clark,136.64,"2021-07-30 09:45:02"
Kimberly-Clark,136.14,"2021-07-30 11:00:02"
Kimberly-Clark,136.09,"2021-07-30 12:00:02"
Kimberly-Clark,136.23,"2021-07-30 13:00:03"
Kimberly-Clark,136.17,"2021-07-30 14:00:03"
Kimberly-Clark,136.12,"2021-07-30 15:00:03"
Kimberly-Clark,135.72,"2021-07-30 15:45:02"
Kimberly-Clark,135.72,"2021-07-30 16:15:03"
Kimberly-Clark,135.18,"2021-08-02 09:45:05"
Kimberly-Clark,135.31,"2021-08-02 11:00:03"
Kimberly-Clark,135.65,"2021-08-02 12:00:04"
Kimberly-Clark,134.79,"2021-08-02 13:00:02"
Kimberly-Clark,134.53,"2021-08-02 14:00:02"
Kimberly-Clark,134.61,"2021-08-02 15:00:02"
Kimberly-Clark,134.76,"2021-08-02 15:45:02"
Kimberly-Clark,134.67,"2021-08-02 16:15:02"
Kimberly-Clark,134.36,"2021-08-03 09:45:02"
Kimberly-Clark,135.25,"2021-08-03 11:00:03"
Kimberly-Clark,135.50,"2021-08-03 12:00:02"
Kimberly-Clark,135.61,"2021-08-03 13:00:02"
Kimberly-Clark,135.81,"2021-08-03 14:00:02"
Kimberly-Clark,135.78,"2021-08-03 15:00:03"
Kimberly-Clark,135.75,"2021-08-03 15:45:02"
Kimberly-Clark,135.64,"2021-08-03 16:15:02"
Kimberly-Clark,135.38,"2021-08-04 09:45:04"
Kimberly-Clark,134.46,"2021-08-04 11:00:03"
Kimberly-Clark,133.81,"2021-08-04 12:00:02"
Kimberly-Clark,133.43,"2021-08-04 13:00:03"
Kimberly-Clark,133.80,"2021-08-04 14:00:02"
Kimberly-Clark,133.70,"2021-08-04 15:00:02"
Kimberly-Clark,133.74,"2021-08-04 15:45:02"
Kimberly-Clark,133.70,"2021-08-04 16:15:04"
Kimberly-Clark,134.05,"2021-08-05 09:45:04"
Kimberly-Clark,133.21,"2021-08-05 11:00:04"
Kimberly-Clark,132.99,"2021-08-05 12:00:03"
Kimberly-Clark,133.01,"2021-08-05 13:00:02"
Kimberly-Clark,132.95,"2021-08-05 14:00:03"
Kimberly-Clark,132.77,"2021-08-05 15:00:03"
Kimberly-Clark,133.14,"2021-08-05 15:45:03"
Kimberly-Clark,133.41,"2021-08-05 16:15:02"
Kimberly-Clark,133.79,"2021-08-06 09:45:04"
Kimberly-Clark,132.92,"2021-08-06 11:00:03"
Kimberly-Clark,132.89,"2021-08-06 12:00:02"
Kimberly-Clark,132.94,"2021-08-06 13:00:01"
Kimberly-Clark,133.30,"2021-08-06 14:00:04"
Kimberly-Clark,133.38,"2021-08-06 15:00:03"
Kimberly-Clark,133.22,"2021-08-06 15:45:03"
Kimberly-Clark,133.25,"2021-08-06 16:15:02"
Kimberly-Clark,133.82,"2021-08-09 09:45:02"
Kimberly-Clark,133.52,"2021-08-09 11:00:02"
Kimberly-Clark,133.70,"2021-08-09 12:00:02"
Kimberly-Clark,133.58,"2021-08-09 13:00:03"
Kimberly-Clark,133.83,"2021-08-09 14:00:03"
Kimberly-Clark,133.95,"2021-08-09 15:00:04"
Kimberly-Clark,134.04,"2021-08-09 15:45:04"
Kimberly-Clark,134.25,"2021-08-09 16:15:04"
Kimberly-Clark,134.16,"2021-08-10 09:45:03"
Kimberly-Clark,133.49,"2021-08-10 11:00:02"
Kimberly-Clark,134.00,"2021-08-10 12:00:02"
Kimberly-Clark,133.60,"2021-08-10 13:00:03"
Kimberly-Clark,133.65,"2021-08-10 14:00:04"
Kimberly-Clark,133.87,"2021-08-10 15:00:03"
Kimberly-Clark,133.99,"2021-08-10 15:45:02"
Kimberly-Clark,133.89,"2021-08-10 16:15:03"
Kimberly-Clark,133.98,"2021-08-11 09:45:03"
Kimberly-Clark,134.35,"2021-08-11 11:00:03"
Kimberly-Clark,134.60,"2021-08-11 12:00:04"
Kimberly-Clark,134.01,"2021-08-11 13:00:03"
Kimberly-Clark,134.24,"2021-08-11 14:00:03"
Kimberly-Clark,134.36,"2021-08-11 15:00:04"
Kimberly-Clark,134.29,"2021-08-11 15:45:03"
Kimberly-Clark,134.19,"2021-08-11 16:15:04"
Kimberly-Clark,134.31,"2021-08-12 09:45:03"
Kimberly-Clark,133.87,"2021-08-12 11:00:03"
Kimberly-Clark,133.83,"2021-08-12 12:00:03"
Kimberly-Clark,134.15,"2021-08-12 13:00:03"
Kimberly-Clark,134.19,"2021-08-12 14:00:02"
Kimberly-Clark,134.34,"2021-08-12 15:00:03"
Kimberly-Clark,134.18,"2021-08-12 15:45:04"
Kimberly-Clark,134.28,"2021-08-12 16:15:02"
Kimberly-Clark,134.60,"2021-08-13 09:45:01"
Kimberly-Clark,135.45,"2021-08-13 11:00:03"
Kimberly-Clark,135.88,"2021-08-13 12:00:03"
Kimberly-Clark,135.96,"2021-08-13 13:00:03"
Kimberly-Clark,136.41,"2021-08-13 14:00:03"
Kimberly-Clark,136.58,"2021-08-13 15:00:03"
Kimberly-Clark,136.52,"2021-08-13 15:45:02"
Kimberly-Clark,136.48,"2021-08-13 16:15:03"
Kimberly-Clark,136.69,"2021-08-16 09:45:02"
Kimberly-Clark,138.31,"2021-08-16 11:00:02"
Kimberly-Clark,138.57,"2021-08-16 12:00:04"
Kimberly-Clark,139.07,"2021-08-16 13:00:03"
Kimberly-Clark,138.36,"2021-08-16 14:00:03"
Kimberly-Clark,138.50,"2021-08-16 15:00:03"
Kimberly-Clark,138.43,"2021-08-16 15:45:02"
Kimberly-Clark,138.57,"2021-08-16 16:15:03"
Kimberly-Clark,138.52,"2021-08-17 09:45:03"
Kimberly-Clark,138.87,"2021-08-17 11:00:02"
Kimberly-Clark,138.99,"2021-08-17 12:00:03"
Kimberly-Clark,138.68,"2021-08-17 13:00:03"
Kimberly-Clark,138.32,"2021-08-17 14:00:03"
Kimberly-Clark,138.44,"2021-08-17 15:00:04"
Kimberly-Clark,138.74,"2021-08-17 15:45:03"
Kimberly-Clark,139.22,"2021-08-17 16:15:03"
Kimberly-Clark,138.43,"2021-08-18 09:45:03"
Kimberly-Clark,137.46,"2021-08-18 11:00:03"
Kimberly-Clark,137.52,"2021-08-18 12:00:03"
Kimberly-Clark,137.84,"2021-08-18 13:00:03"
Kimberly-Clark,137.52,"2021-08-18 14:00:02"
Kimberly-Clark,137.19,"2021-08-18 15:00:03"
Kimberly-Clark,136.63,"2021-08-18 15:45:03"
Kimberly-Clark,136.62,"2021-08-18 16:15:03"
Kimberly-Clark,138.37,"2021-08-19 09:45:03"
Kimberly-Clark,138.47,"2021-08-19 11:00:03"
Kimberly-Clark,138.72,"2021-08-19 12:00:03"
Kimberly-Clark,138.63,"2021-08-19 13:00:02"
Kimberly-Clark,138.48,"2021-08-19 14:00:04"
Kimberly-Clark,139.27,"2021-08-19 15:00:03"
Kimberly-Clark,138.86,"2021-08-19 15:45:03"
Kimberly-Clark,138.91,"2021-08-19 16:15:02"
Kimberly-Clark,138.80,"2021-08-20 09:45:03"
Kimberly-Clark,139.29,"2021-08-20 11:00:03"
Kimberly-Clark,138.97,"2021-08-20 12:00:02"
Kimberly-Clark,139.05,"2021-08-20 13:00:03"
Kimberly-Clark,138.47,"2021-08-20 14:00:02"
Kimberly-Clark,138.65,"2021-08-20 15:00:03"
Kimberly-Clark,138.68,"2021-08-20 15:45:04"
Kimberly-Clark,138.55,"2021-08-20 16:15:03"
Kimberly-Clark,137.94,"2021-08-23 09:45:03"
Kimberly-Clark,137.80,"2021-08-23 11:00:03"
Kimberly-Clark,138.08,"2021-08-23 12:00:02"
Kimberly-Clark,138.21,"2021-08-23 13:00:02"
Kimberly-Clark,137.96,"2021-08-23 14:00:04"
Kimberly-Clark,137.95,"2021-08-23 15:00:04"
Kimberly-Clark,137.65,"2021-08-23 15:45:02"
Kimberly-Clark,137.41,"2021-08-23 16:15:08"
Kimberly-Clark,136.03,"2021-08-24 09:45:04"
Kimberly-Clark,136.61,"2021-08-24 11:00:03"
Kimberly-Clark,136.65,"2021-08-24 12:00:02"
Kimberly-Clark,136.09,"2021-08-24 13:00:02"
Kimberly-Clark,136.18,"2021-08-24 14:00:03"
Kimberly-Clark,136.54,"2021-08-24 15:00:03"
Kimberly-Clark,136.03,"2021-08-24 15:45:02"
Kimberly-Clark,135.80,"2021-08-24 16:15:03"
Kimberly-Clark,135.15,"2021-08-25 09:45:02"
Kimberly-Clark,135.45,"2021-08-25 11:00:03"
Kimberly-Clark,135.52,"2021-08-25 12:00:03"
Kimberly-Clark,135.82,"2021-08-25 13:00:04"
Kimberly-Clark,135.73,"2021-08-25 14:00:04"
Kimberly-Clark,135.88,"2021-08-25 15:00:03"
Kimberly-Clark,136.08,"2021-08-25 15:45:02"
Kimberly-Clark,135.97,"2021-08-25 16:15:08"
Kimberly-Clark,135.72,"2021-08-26 09:45:04"
Kimberly-Clark,135.98,"2021-08-26 11:00:02"
Kimberly-Clark,136.25,"2021-08-26 12:00:03"
Kimberly-Clark,136.04,"2021-08-26 13:00:03"
Kimberly-Clark,136.09,"2021-08-26 14:00:03"
Kimberly-Clark,136.29,"2021-08-26 15:00:02"
Kimberly-Clark,136.42,"2021-08-26 15:45:02"
Kimberly-Clark,136.33,"2021-08-26 16:15:08"
Kimberly-Clark,135.89,"2021-08-27 09:45:03"
Kimberly-Clark,136.41,"2021-08-27 11:00:03"
Kimberly-Clark,136.28,"2021-08-27 12:00:03"
Kimberly-Clark,136.32,"2021-08-27 13:00:03"
Kimberly-Clark,136.27,"2021-08-27 14:00:04"
Kimberly-Clark,136.25,"2021-08-27 15:00:03"
Kimberly-Clark,136.33,"2021-08-27 15:45:04"
Kimberly-Clark,136.35,"2021-08-27 16:15:09"
Kimberly-Clark,136.82,"2021-08-30 09:45:02"
Kimberly-Clark,136.48,"2021-08-30 11:00:03"
Kimberly-Clark,136.47,"2021-08-30 12:00:03"
Kimberly-Clark,136.68,"2021-08-30 13:00:03"
Kimberly-Clark,136.67,"2021-08-30 14:00:03"
Kimberly-Clark,136.48,"2021-08-30 15:00:02"
Kimberly-Clark,136.59,"2021-08-30 15:45:02"
Kimberly-Clark,136.74,"2021-08-30 16:15:03"
Kimberly-Clark,136.53,"2021-08-31 09:45:03"
Kimberly-Clark,137.09,"2021-08-31 11:00:04"
Kimberly-Clark,136.46,"2021-08-31 12:00:04"
Kimberly-Clark,136.63,"2021-08-31 13:00:03"
Kimberly-Clark,137.04,"2021-08-31 14:00:04"
Kimberly-Clark,137.24,"2021-08-31 15:00:04"
Kimberly-Clark,137.47,"2021-08-31 15:45:03"
Kimberly-Clark,137.81,"2021-08-31 16:15:12"
Kimberly-Clark,138.68,"2021-09-01 09:45:02"
Kimberly-Clark,138.25,"2021-09-01 11:00:04"
Kimberly-Clark,139.37,"2021-09-01 12:00:03"
Kimberly-Clark,139.58,"2021-09-01 13:00:02"
Kimberly-Clark,139.89,"2021-09-01 14:00:03"
Kimberly-Clark,139.93,"2021-09-01 15:00:03"
Kimberly-Clark,139.58,"2021-09-01 15:45:02"
Kimberly-Clark,139.68,"2021-09-01 16:15:03"
Kimberly-Clark,140.67,"2021-09-02 09:45:05"
Kimberly-Clark,140.57,"2021-09-02 11:00:03"
Kimberly-Clark,140.44,"2021-09-02 12:00:03"
Kimberly-Clark,140.33,"2021-09-02 13:00:04"
Kimberly-Clark,140.15,"2021-09-02 14:00:02"
Kimberly-Clark,140.27,"2021-09-02 15:00:03"
Kimberly-Clark,140.10,"2021-09-02 15:45:02"
Kimberly-Clark,140.45,"2021-09-02 16:15:08"
Kimberly-Clark,140.23,"2021-09-03 09:45:03"
Kimberly-Clark,141.02,"2021-09-03 11:00:03"
Kimberly-Clark,140.53,"2021-09-03 12:00:03"
Kimberly-Clark,140.65,"2021-09-03 13:00:03"
Kimberly-Clark,140.81,"2021-09-03 14:00:03"
Kimberly-Clark,140.43,"2021-09-03 15:00:03"
Kimberly-Clark,140.37,"2021-09-03 15:45:02"
Kimberly-Clark,140.75,"2021-09-03 16:15:03"
Kimberly-Clark,140.14,"2021-09-06 09:45:03"
Kimberly-Clark,140.14,"2021-09-06 11:00:04"
Kimberly-Clark,140.14,"2021-09-06 12:00:03"
Kimberly-Clark,140.14,"2021-09-06 13:00:02"
Kimberly-Clark,140.14,"2021-09-06 14:00:03"
Kimberly-Clark,140.14,"2021-09-06 15:00:02"
Kimberly-Clark,140.14,"2021-09-06 15:45:04"
Kimberly-Clark,140.14,"2021-09-06 16:15:08"
Kimberly-Clark,139.61,"2021-09-07 09:45:02"
Kimberly-Clark,140.13,"2021-09-07 11:00:03"
Kimberly-Clark,140.40,"2021-09-07 12:00:03"
Kimberly-Clark,140.53,"2021-09-07 13:00:04"
Kimberly-Clark,140.48,"2021-09-07 14:00:02"
Kimberly-Clark,140.06,"2021-09-07 15:00:03"
Kimberly-Clark,139.78,"2021-09-07 15:45:04"
Kimberly-Clark,139.86,"2021-09-07 16:15:08"
Kimberly-Clark,140.23,"2021-09-08 09:45:02"
Kimberly-Clark,141.60,"2021-09-08 11:00:03"
Kimberly-Clark,141.48,"2021-09-08 12:00:03"
Kimberly-Clark,141.20,"2021-09-08 13:00:02"
Kimberly-Clark,141.63,"2021-09-08 14:00:02"
Kimberly-Clark,141.66,"2021-09-08 15:00:02"
Kimberly-Clark,141.62,"2021-09-08 15:45:02"
Kimberly-Clark,141.49,"2021-09-08 16:15:08"
Kimberly-Clark,139.51,"2021-09-09 09:45:03"
Kimberly-Clark,138.55,"2021-09-09 11:00:02"
Kimberly-Clark,138.45,"2021-09-09 12:00:03"
Kimberly-Clark,138.05,"2021-09-09 13:00:02"
Kimberly-Clark,138.14,"2021-09-09 14:00:02"
Kimberly-Clark,137.92,"2021-09-09 15:00:03"
Kimberly-Clark,137.72,"2021-09-09 15:45:04"
Kimberly-Clark,137.80,"2021-09-09 16:15:07"
Kimberly-Clark,136.88,"2021-09-10 09:45:02"
Kimberly-Clark,136.77,"2021-09-10 11:00:03"
Kimberly-Clark,137.06,"2021-09-10 12:00:04"
Kimberly-Clark,137.57,"2021-09-10 13:00:03"
Kimberly-Clark,137.58,"2021-09-10 14:00:03"
Kimberly-Clark,137.45,"2021-09-10 15:00:03"
Kimberly-Clark,137.27,"2021-09-10 15:45:10"
Kimberly-Clark,137.05,"2021-09-10 16:15:08"
Kimberly-Clark,138.74,"2021-09-13 09:45:04"
Kimberly-Clark,138.30,"2021-09-13 11:00:04"
Kimberly-Clark,138.76,"2021-09-13 12:00:02"
Kimberly-Clark,138.35,"2021-09-13 13:00:18"
Kimberly-Clark,138.02,"2021-09-13 14:00:04"
Kimberly-Clark,138.16,"2021-09-13 15:00:03"
Kimberly-Clark,138.43,"2021-09-13 15:45:02"
Kimberly-Clark,138.18,"2021-09-13 16:15:03"
Kimberly-Clark,138.87,"2021-09-14 09:45:04"
Kimberly-Clark,138.58,"2021-09-14 11:00:09"
Kimberly-Clark,137.78,"2021-09-14 12:00:03"
Kimberly-Clark,137.89,"2021-09-14 13:00:04"
Kimberly-Clark,138.29,"2021-09-14 14:00:06"
Kimberly-Clark,137.86,"2021-09-14 15:00:04"
Kimberly-Clark,137.95,"2021-09-14 15:45:02"
Kimberly-Clark,138.12,"2021-09-14 16:15:08"
Kimberly-Clark,138.03,"2021-09-15 09:45:02"
Kimberly-Clark,137.95,"2021-09-15 11:00:02"
Kimberly-Clark,136.88,"2021-09-15 12:00:05"
Kimberly-Clark,137.25,"2021-09-15 13:00:04"
Kimberly-Clark,137.48,"2021-09-15 14:00:03"
Kimberly-Clark,137.05,"2021-09-15 15:00:03"
Kimberly-Clark,137.35,"2021-09-15 15:45:03"
Kimberly-Clark,136.99,"2021-09-15 16:15:08"
Kimberly-Clark,137.31,"2021-09-16 09:45:04"
Kimberly-Clark,135.86,"2021-09-16 11:00:04"
Kimberly-Clark,136.03,"2021-09-16 12:00:04"
Kimberly-Clark,136.33,"2021-09-16 13:00:03"
Kimberly-Clark,136.22,"2021-09-16 14:00:04"
Kimberly-Clark,136.43,"2021-09-16 15:00:04"
Kimberly-Clark,136.41,"2021-09-16 15:45:02"
Kimberly-Clark,135.94,"2021-09-16 16:15:15"
Kimberly-Clark,137.07,"2021-09-17 09:45:04"
Kimberly-Clark,136.13,"2021-09-17 11:00:04"
Kimberly-Clark,136.27,"2021-09-17 12:00:03"
Kimberly-Clark,136.40,"2021-09-17 13:00:03"
Kimberly-Clark,136.04,"2021-09-17 14:00:03"
Kimberly-Clark,136.51,"2021-09-17 15:00:02"
Kimberly-Clark,135.97,"2021-09-17 15:45:03"
Kimberly-Clark,135.18,"2021-09-17 16:15:05"
Kimberly-Clark,134.58,"2021-09-20 09:45:09"
Kimberly-Clark,134.87,"2021-09-20 11:00:06"
Kimberly-Clark,134.53,"2021-09-20 12:00:04"
Kimberly-Clark,134.53,"2021-09-20 13:00:03"
Kimberly-Clark,134.52,"2021-09-20 14:00:02"
Kimberly-Clark,133.78,"2021-09-20 15:00:02"
Kimberly-Clark,134.23,"2021-09-20 15:45:03"
Kimberly-Clark,135.21,"2021-09-21 09:45:03"
Kimberly-Clark,134.79,"2021-09-21 11:00:03"
Kimberly-Clark,134.82,"2021-09-21 12:00:04"
Kimberly-Clark,134.26,"2021-09-21 13:00:02"
Kimberly-Clark,134.07,"2021-09-21 14:00:07"
Kimberly-Clark,134.30,"2021-09-21 15:00:04"
Kimberly-Clark,134.35,"2021-09-21 15:45:02"
Kimberly-Clark,134.44,"2021-09-21 16:15:02"
Kimberly-Clark,134.09,"2021-09-22 09:45:03"
Kimberly-Clark,134.46,"2021-09-22 11:00:03"
Kimberly-Clark,134.39,"2021-09-22 12:00:03"
Kimberly-Clark,134.19,"2021-09-22 13:00:04"
Kimberly-Clark,133.70,"2021-09-22 14:00:04"
Kimberly-Clark,133.61,"2021-09-22 15:00:04"
Kimberly-Clark,133.42,"2021-09-22 15:45:04"
Kimberly-Clark,133.44,"2021-09-22 16:15:03"
Kimberly-Clark,133.85,"2021-09-23 09:45:04"
Kimberly-Clark,133.52,"2021-09-23 11:00:04"
Kimberly-Clark,133.59,"2021-09-23 12:00:04"
Kimberly-Clark,133.73,"2021-09-23 13:00:03"
Kimberly-Clark,133.85,"2021-09-23 14:00:02"
Kimberly-Clark,134.02,"2021-09-23 15:00:05"
Kimberly-Clark,133.69,"2021-09-23 15:45:05"
Kimberly-Clark,133.58,"2021-09-23 16:15:03"
Kimberly-Clark,133.84,"2021-09-24 09:45:03"
Kimberly-Clark,133.55,"2021-09-24 11:00:03"
Kimberly-Clark,133.32,"2021-09-24 12:00:03"
Kimberly-Clark,133.08,"2021-09-24 13:00:03"
Kimberly-Clark,133.29,"2021-09-24 14:00:03"
Kimberly-Clark,133.46,"2021-09-24 15:00:03"
Kimberly-Clark,133.43,"2021-09-24 15:45:02"
Kimberly-Clark,133.12,"2021-09-24 16:15:09"
Kimberly-Clark,132.87,"2021-09-27 09:45:03"
Kimberly-Clark,132.87,"2021-09-27 11:00:03"
Kimberly-Clark,133.19,"2021-09-27 12:00:02"
Kimberly-Clark,132.88,"2021-09-27 13:00:04"
Kimberly-Clark,132.89,"2021-09-27 14:00:04"
Kimberly-Clark,132.76,"2021-09-27 15:00:04"
Kimberly-Clark,132.78,"2021-09-27 15:45:03"
Kimberly-Clark,132.57,"2021-09-27 16:15:09"
Kimberly-Clark,132.86,"2021-09-28 09:45:02"
Kimberly-Clark,132.62,"2021-09-28 11:00:03"
Kimberly-Clark,132.64,"2021-09-28 12:00:04"
Kimberly-Clark,132.39,"2021-09-28 13:00:03"
Kimberly-Clark,132.79,"2021-09-28 14:00:03"
Kimberly-Clark,133.38,"2021-09-28 15:00:04"
Kimberly-Clark,133.66,"2021-09-28 15:45:03"
Kimberly-Clark,133.50,"2021-09-28 16:15:08"
Kimberly-Clark,133.92,"2021-09-29 09:45:03"
Kimberly-Clark,135.11,"2021-09-29 11:00:03"
Kimberly-Clark,135.61,"2021-09-29 12:00:02"
Kimberly-Clark,136.27,"2021-09-29 13:00:03"
Kimberly-Clark,135.91,"2021-09-29 14:00:04"
Kimberly-Clark,136.26,"2021-09-29 15:00:02"
Kimberly-Clark,136.06,"2021-09-29 15:45:02"
Kimberly-Clark,135.80,"2021-09-29 16:15:14"
Kimberly-Clark,135.12,"2021-09-30 09:45:04"
Kimberly-Clark,134.10,"2021-09-30 11:00:02"
Kimberly-Clark,133.66,"2021-09-30 12:00:04"
Kimberly-Clark,133.51,"2021-09-30 13:00:03"
Kimberly-Clark,133.37,"2021-09-30 14:00:03"
Kimberly-Clark,133.82,"2021-09-30 15:00:03"
Kimberly-Clark,133.22,"2021-09-30 15:45:03"
Kimberly-Clark,132.44,"2021-09-30 16:15:02"
Kimberly-Clark,132.37,"2021-10-01 09:45:02"
Kimberly-Clark,131.50,"2021-10-01 11:00:02"
Kimberly-Clark,132.14,"2021-10-01 12:00:02"
Kimberly-Clark,132.13,"2021-10-01 13:00:03"
Kimberly-Clark,132.49,"2021-10-01 14:00:03"
Kimberly-Clark,132.48,"2021-10-01 15:00:02"
Kimberly-Clark,132.38,"2021-10-01 15:45:03"
Kimberly-Clark,132.21,"2021-10-01 16:15:08"
Kimberly-Clark,132.76,"2021-10-04 09:45:03"
Kimberly-Clark,132.34,"2021-10-04 11:00:03"
Kimberly-Clark,131.75,"2021-10-04 12:00:03"
Kimberly-Clark,131.98,"2021-10-04 13:00:04"
Kimberly-Clark,131.94,"2021-10-04 14:00:03"
Kimberly-Clark,132.11,"2021-10-04 15:00:03"
Kimberly-Clark,132.48,"2021-10-04 15:45:04"
Kimberly-Clark,132.15,"2021-10-04 16:15:04"
Kimberly-Clark,131.52,"2021-10-05 09:45:04"
Kimberly-Clark,131.38,"2021-10-05 11:00:03"
Kimberly-Clark,131.88,"2021-10-05 12:00:04"
Kimberly-Clark,131.97,"2021-10-05 13:00:03"
Kimberly-Clark,132.26,"2021-10-05 14:00:03"
Kimberly-Clark,132.07,"2021-10-05 15:00:01"
Kimberly-Clark,132.08,"2021-10-05 15:45:03"
Kimberly-Clark,131.93,"2021-10-05 16:15:04"
Kimberly-Clark,131.32,"2021-10-06 09:45:03"
Kimberly-Clark,131.72,"2021-10-06 11:00:03"
Kimberly-Clark,131.57,"2021-10-06 12:00:03"
Kimberly-Clark,131.44,"2021-10-06 13:00:02"
Kimberly-Clark,131.77,"2021-10-06 14:00:03"
Kimberly-Clark,132.17,"2021-10-06 15:00:03"
Kimberly-Clark,132.84,"2021-10-06 15:45:04"
Kimberly-Clark,133.05,"2021-10-06 16:15:03"
Kimberly-Clark,134.15,"2021-10-07 09:45:02"
Kimberly-Clark,134.50,"2021-10-07 11:00:02"
Kimberly-Clark,134.02,"2021-10-07 12:00:02"
Kimberly-Clark,133.83,"2021-10-07 13:00:03"
Kimberly-Clark,133.82,"2021-10-07 14:00:03"
Kimberly-Clark,133.52,"2021-10-07 15:00:03"
Kimberly-Clark,133.85,"2021-10-07 15:45:03"
Kimberly-Clark,133.70,"2021-10-07 16:15:03"
Kimberly-Clark,132.92,"2021-10-08 09:45:03"
Kimberly-Clark,132.51,"2021-10-08 11:00:04"
Kimberly-Clark,133.32,"2021-10-08 12:00:02"
Kimberly-Clark,133.36,"2021-10-08 13:00:03"
Kimberly-Clark,133.51,"2021-10-08 14:00:03"
Kimberly-Clark,133.54,"2021-10-08 15:00:03"
Kimberly-Clark,133.08,"2021-10-08 15:45:04"
Kimberly-Clark,132.87,"2021-10-08 16:15:04"
Kimberly-Clark,132.64,"2021-10-11 09:45:02"
Kimberly-Clark,133.11,"2021-10-11 11:00:02"
Kimberly-Clark,132.76,"2021-10-11 12:00:03"
Kimberly-Clark,132.81,"2021-10-11 13:00:04"
Kimberly-Clark,132.58,"2021-10-11 14:00:03"
Kimberly-Clark,132.68,"2021-10-11 15:00:02"
Kimberly-Clark,132.86,"2021-10-11 15:45:02"
Kimberly-Clark,132.55,"2021-10-11 16:15:03"
Kimberly-Clark,132.28,"2021-10-12 09:45:02"
Kimberly-Clark,133.05,"2021-10-12 11:00:03"
Kimberly-Clark,133.25,"2021-10-12 12:00:02"
Kimberly-Clark,133.21,"2021-10-12 13:00:03"
Kimberly-Clark,133.12,"2021-10-12 14:00:03"
Kimberly-Clark,132.79,"2021-10-12 15:00:03"
Kimberly-Clark,132.62,"2021-10-12 15:45:02"
Kimberly-Clark,132.50,"2021-10-12 16:15:03"
Kimberly-Clark,132.40,"2021-10-13 09:45:03"
Kimberly-Clark,131.88,"2021-10-13 11:00:03"
Kimberly-Clark,132.50,"2021-10-13 12:00:03"
Kimberly-Clark,132.56,"2021-10-13 13:00:03"
Kimberly-Clark,132.98,"2021-10-13 14:00:03"
Kimberly-Clark,132.59,"2021-10-13 15:00:03"
Kimberly-Clark,132.56,"2021-10-13 15:45:04"
Kimberly-Clark,132.58,"2021-10-13 16:15:02"
Kimberly-Clark,133.06,"2021-10-14 09:45:03"
Kimberly-Clark,132.81,"2021-10-14 11:00:02"
Kimberly-Clark,132.99,"2021-10-14 12:00:03"
Kimberly-Clark,133.36,"2021-10-14 13:00:03"
Kimberly-Clark,133.51,"2021-10-14 14:00:03"
Kimberly-Clark,133.44,"2021-10-14 15:00:04"
Kimberly-Clark,133.13,"2021-10-14 15:45:03"
Kimberly-Clark,133.19,"2021-10-14 16:15:03"
Kimberly-Clark,133.63,"2021-10-15 09:45:04"
Kimberly-Clark,133.88,"2021-10-15 11:00:03"
Kimberly-Clark,133.39,"2021-10-15 12:00:02"
Kimberly-Clark,132.99,"2021-10-15 13:00:02"
Kimberly-Clark,132.76,"2021-10-15 14:00:05"
Kimberly-Clark,132.81,"2021-10-15 15:00:03"
Kimberly-Clark,133.04,"2021-10-15 15:45:02"
Kimberly-Clark,133.41,"2021-10-15 16:15:02"
Kimberly-Clark,132.17,"2021-10-18 09:45:05"
Kimberly-Clark,132.92,"2021-10-18 11:00:05"
Kimberly-Clark,132.93,"2021-10-18 12:00:04"
Kimberly-Clark,132.39,"2021-10-18 13:00:02"
Kimberly-Clark,131.96,"2021-10-18 14:00:05"
Kimberly-Clark,132.06,"2021-10-18 15:00:05"
Kimberly-Clark,131.66,"2021-10-18 15:45:03"
Kimberly-Clark,131.60,"2021-10-18 16:15:03"
Kimberly-Clark,130.03,"2021-10-19 09:45:02"
Kimberly-Clark,129.30,"2021-10-19 11:00:02"
Kimberly-Clark,129.41,"2021-10-19 12:00:05"
Kimberly-Clark,128.90,"2021-10-19 13:00:04"
Kimberly-Clark,128.41,"2021-10-19 14:00:03"
Kimberly-Clark,128.51,"2021-10-19 15:00:02"
Kimberly-Clark,129.23,"2021-10-19 15:45:05"
Kimberly-Clark,129.94,"2021-10-19 16:15:02"
Kimberly-Clark,130.96,"2021-10-20 09:45:03"
Kimberly-Clark,131.66,"2021-10-20 11:00:05"
Kimberly-Clark,131.71,"2021-10-20 12:00:03"
Kimberly-Clark,132.32,"2021-10-20 13:00:03"
Kimberly-Clark,132.14,"2021-10-20 14:00:04"
Kimberly-Clark,132.06,"2021-10-20 15:00:05"
Kimberly-Clark,131.64,"2021-10-20 15:45:04"
Kimberly-Clark,131.60,"2021-10-20 16:15:05"
Kimberly-Clark,131.86,"2021-10-21 09:45:04"
Kimberly-Clark,131.75,"2021-10-21 11:00:03"
Kimberly-Clark,131.85,"2021-10-21 12:00:02"
Kimberly-Clark,131.54,"2021-10-21 13:00:05"
Kimberly-Clark,131.63,"2021-10-21 14:00:02"
Kimberly-Clark,131.57,"2021-10-21 15:00:02"
Kimberly-Clark,131.50,"2021-10-21 15:45:02"
Kimberly-Clark,131.22,"2021-10-21 16:15:05"
Kimberly-Clark,131.90,"2021-10-22 09:45:02"
Kimberly-Clark,132.70,"2021-10-22 11:00:03"
Kimberly-Clark,132.24,"2021-10-22 12:00:03"
Kimberly-Clark,132.64,"2021-10-22 13:00:02"
Kimberly-Clark,132.51,"2021-10-22 14:00:03"
Kimberly-Clark,132.62,"2021-10-22 15:00:02"
Kimberly-Clark,132.78,"2021-10-22 15:45:03"
Kimberly-Clark,133.01,"2021-10-22 16:15:04"
Kimberly-Clark,125.85,"2021-10-25 09:45:05"
Kimberly-Clark,127.77,"2021-10-25 11:00:04"
Kimberly-Clark,128.99,"2021-10-25 12:00:04"
Kimberly-Clark,128.87,"2021-10-25 13:00:03"
Kimberly-Clark,129.35,"2021-10-25 14:00:05"
Kimberly-Clark,129.29,"2021-10-25 15:00:02"
Kimberly-Clark,130.46,"2021-10-25 15:45:04"
Kimberly-Clark,130.08,"2021-10-26 09:45:05"
Kimberly-Clark,130.51,"2021-10-26 11:00:03"
Kimberly-Clark,131.42,"2021-10-26 12:00:05"
Kimberly-Clark,132.61,"2021-10-26 13:00:02"
Kimberly-Clark,132.52,"2021-10-26 14:00:03"
Kimberly-Clark,133.43,"2021-10-26 15:00:06"
Kimberly-Clark,133.54,"2021-10-26 15:45:03"
Kimberly-Clark,133.30,"2021-10-26 16:15:02"
Kimberly-Clark,132.79,"2021-10-27 09:45:03"
Kimberly-Clark,131.40,"2021-10-27 11:00:02"
Kimberly-Clark,130.62,"2021-10-27 12:00:02"
Kimberly-Clark,130.25,"2021-10-27 13:00:05"
Kimberly-Clark,130.32,"2021-10-27 14:00:03"
Kimberly-Clark,129.51,"2021-10-27 15:00:03"
Kimberly-Clark,129.36,"2021-10-27 15:45:03"
Kimberly-Clark,129.31,"2021-10-27 16:15:06"
Kimberly-Clark,129.68,"2021-10-28 09:45:03"
Kimberly-Clark,129.65,"2021-10-28 11:00:04"
Kimberly-Clark,130.25,"2021-10-28 12:00:03"
Kimberly-Clark,130.25,"2021-10-28 13:00:03"
Kimberly-Clark,130.37,"2021-10-28 14:00:04"
Kimberly-Clark,129.89,"2021-10-28 15:00:05"
Kimberly-Clark,129.67,"2021-10-28 15:45:02"
Kimberly-Clark,129.95,"2021-10-28 16:15:09"
Kimberly-Clark,129.81,"2021-10-29 09:45:04"
Kimberly-Clark,129.96,"2021-10-29 11:00:03"
Kimberly-Clark,130.01,"2021-10-29 12:00:05"
Kimberly-Clark,130.31,"2021-10-29 13:00:05"
Kimberly-Clark,130.24,"2021-10-29 14:00:05"
Kimberly-Clark,129.83,"2021-10-29 15:00:05"
Kimberly-Clark,129.40,"2021-10-29 15:45:05"
Kimberly-Clark,129.46,"2021-10-29 16:15:09"
Kimberly-Clark,130.10,"2021-11-01 09:45:05"
Kimberly-Clark,129.72,"2021-11-01 11:00:03"
Kimberly-Clark,129.66,"2021-11-01 12:00:03"
Kimberly-Clark,130.48,"2021-11-01 13:00:04"
Kimberly-Clark,130.48,"2021-11-01 14:00:02"
Kimberly-Clark,130.05,"2021-11-01 15:00:02"
Kimberly-Clark,130.07,"2021-11-01 15:45:04"
Kimberly-Clark,130.31,"2021-11-01 16:15:04"
Kimberly-Clark,130.32,"2021-11-02 09:45:05"
Kimberly-Clark,130.42,"2021-11-02 11:00:05"
Kimberly-Clark,131.11,"2021-11-02 12:00:05"
Kimberly-Clark,131.06,"2021-11-02 13:00:05"
Kimberly-Clark,131.74,"2021-11-02 14:00:02"
Kimberly-Clark,131.92,"2021-11-02 15:00:05"
Kimberly-Clark,131.46,"2021-11-02 15:45:03"
Kimberly-Clark,131.46,"2021-11-02 16:15:15"
Kimberly-Clark,131.48,"2021-11-03 09:45:05"
Kimberly-Clark,131.34,"2021-11-03 11:00:04"
Kimberly-Clark,131.65,"2021-11-03 12:00:04"
Kimberly-Clark,131.59,"2021-11-03 13:00:05"
Kimberly-Clark,131.71,"2021-11-03 14:00:02"
Kimberly-Clark,131.95,"2021-11-03 15:00:05"
Kimberly-Clark,132.01,"2021-11-03 15:45:05"
Kimberly-Clark,132.08,"2021-11-03 16:15:05"
Kimberly-Clark,131.69,"2021-11-04 09:45:05"
Kimberly-Clark,131.84,"2021-11-04 11:00:04"
Kimberly-Clark,131.70,"2021-11-04 12:00:02"
Kimberly-Clark,131.89,"2021-11-04 13:00:02"
Kimberly-Clark,131.23,"2021-11-04 14:00:05"
Kimberly-Clark,131.05,"2021-11-04 15:00:05"
Kimberly-Clark,131.14,"2021-11-04 15:45:02"
Kimberly-Clark,131.22,"2021-11-04 16:15:03"
Kimberly-Clark,132.07,"2021-11-05 09:45:04"
Kimberly-Clark,132.20,"2021-11-05 11:00:06"
Kimberly-Clark,131.87,"2021-11-05 12:00:04"
Kimberly-Clark,132.35,"2021-11-05 13:00:05"
Kimberly-Clark,132.26,"2021-11-05 14:00:05"
Kimberly-Clark,132.24,"2021-11-05 15:00:05"
Kimberly-Clark,132.18,"2021-11-05 15:45:05"
Kimberly-Clark,132.23,"2021-11-05 16:15:04"
Kimberly-Clark,131.78,"2021-11-08 09:45:05"
Kimberly-Clark,131.06,"2021-11-08 11:00:02"
Kimberly-Clark,131.04,"2021-11-08 12:00:05"
Kimberly-Clark,131.49,"2021-11-08 13:00:05"
Kimberly-Clark,132.06,"2021-11-08 14:00:04"
Kimberly-Clark,132.29,"2021-11-08 15:00:05"
Kimberly-Clark,132.83,"2021-11-08 15:45:05"
Kimberly-Clark,132.53,"2021-11-08 16:15:05"
Kimberly-Clark,132.38,"2021-11-09 09:45:03"
Kimberly-Clark,132.56,"2021-11-09 11:00:02"
Kimberly-Clark,132.86,"2021-11-09 12:00:02"
Kimberly-Clark,133.07,"2021-11-09 13:00:04"
Kimberly-Clark,133.10,"2021-11-09 14:00:02"
Kimberly-Clark,132.71,"2021-11-09 15:00:04"
Kimberly-Clark,132.20,"2021-11-09 15:45:02"
Kimberly-Clark,132.45,"2021-11-09 16:15:09"
Kimberly-Clark,133.07,"2021-11-10 09:45:03"
Kimberly-Clark,133.26,"2021-11-10 11:00:03"
Kimberly-Clark,133.49,"2021-11-10 12:00:03"
Kimberly-Clark,133.93,"2021-11-10 13:00:04"
Kimberly-Clark,134.66,"2021-11-10 14:00:04"
Kimberly-Clark,135.13,"2021-11-10 15:00:04"
Kimberly-Clark,134.36,"2021-11-10 15:45:04"
Kimberly-Clark,134.74,"2021-11-10 16:15:09"
Kimberly-Clark,134.07,"2021-11-11 09:45:03"
Kimberly-Clark,133.68,"2021-11-11 11:00:02"
Kimberly-Clark,133.69,"2021-11-11 12:00:04"
Kimberly-Clark,133.55,"2021-11-11 13:00:03"
Kimberly-Clark,134.08,"2021-11-11 14:00:02"
Kimberly-Clark,134.25,"2021-11-11 15:00:03"
Kimberly-Clark,134.26,"2021-11-11 15:45:03"
Kimberly-Clark,133.96,"2021-11-11 16:15:10"
Kimberly-Clark,134.73,"2021-11-12 09:45:04"
Kimberly-Clark,134.38,"2021-11-12 11:00:03"
Kimberly-Clark,134.30,"2021-11-12 12:00:04"
Kimberly-Clark,134.53,"2021-11-12 13:00:04"
Kimberly-Clark,134.45,"2021-11-12 14:00:02"
Kimberly-Clark,134.26,"2021-11-12 15:00:03"
Kimberly-Clark,134.13,"2021-11-12 15:45:04"
Kimberly-Clark,133.87,"2021-11-12 16:15:03"
Kimberly-Clark,133.77,"2021-11-15 09:45:04"
Kimberly-Clark,134.12,"2021-11-15 11:00:03"
Kimberly-Clark,134.33,"2021-11-15 12:00:03"
Kimberly-Clark,134.55,"2021-11-15 13:00:04"
Kimberly-Clark,134.73,"2021-11-15 14:00:03"
Kimberly-Clark,134.64,"2021-11-15 15:00:02"
Kimberly-Clark,134.47,"2021-11-15 15:45:03"
Kimberly-Clark,134.75,"2021-11-15 16:15:08"
Kimberly-Clark,135.76,"2021-11-16 09:45:04"
Kimberly-Clark,134.55,"2021-11-16 11:00:03"
Kimberly-Clark,134.00,"2021-11-16 12:00:02"
Kimberly-Clark,134.15,"2021-11-16 13:00:04"
Kimberly-Clark,134.37,"2021-11-16 14:00:03"
Kimberly-Clark,134.36,"2021-11-16 15:00:04"
Kimberly-Clark,134.28,"2021-11-16 15:45:03"
Kimberly-Clark,133.82,"2021-11-16 16:15:03"
Kimberly-Clark,133.35,"2021-11-17 09:45:04"
Kimberly-Clark,133.18,"2021-11-17 11:00:03"
Kimberly-Clark,133.45,"2021-11-17 12:00:03"
Kimberly-Clark,133.65,"2021-11-17 13:00:03"
Kimberly-Clark,133.48,"2021-11-17 14:00:05"
Kimberly-Clark,133.73,"2021-11-17 15:00:03"
Kimberly-Clark,134.48,"2021-11-17 15:45:03"
Kimberly-Clark,133.72,"2021-11-18 09:45:04"
Kimberly-Clark,133.05,"2021-11-18 11:00:03"
Kimberly-Clark,132.47,"2021-11-18 12:00:03"
Kimberly-Clark,132.91,"2021-11-18 13:00:04"
Kimberly-Clark,133.04,"2021-11-18 14:00:04"
Kimberly-Clark,133.37,"2021-11-18 15:00:04"
Kimberly-Clark,133.05,"2021-11-18 15:45:04"
Kimberly-Clark,133.07,"2021-11-18 16:15:08"
Kimberly-Clark,135.24,"2021-11-19 09:45:03"
Kimberly-Clark,135.20,"2021-11-19 11:00:03"
Kimberly-Clark,134.87,"2021-11-19 12:00:04"
Kimberly-Clark,134.75,"2021-11-19 13:00:03"
Kimberly-Clark,134.34,"2021-11-19 14:00:03"
Kimberly-Clark,134.85,"2021-11-19 15:00:03"
Kimberly-Clark,134.38,"2021-11-19 15:45:03"
Kimberly-Clark,134.49,"2021-11-19 16:15:15"
Kimberly-Clark,134.65,"2021-11-22 09:45:03"
Kimberly-Clark,135.93,"2021-11-22 11:00:03"
Kimberly-Clark,136.45,"2021-11-22 12:00:03"
Kimberly-Clark,135.57,"2021-11-22 13:00:04"
Kimberly-Clark,135.64,"2021-11-22 14:00:03"
Kimberly-Clark,135.63,"2021-11-22 15:00:02"
Kimberly-Clark,135.57,"2021-11-22 15:45:03"
Kimberly-Clark,135.49,"2021-11-22 16:15:02"
Kimberly-Clark,135.45,"2021-11-23 09:45:03"
Kimberly-Clark,136.36,"2021-11-23 11:00:02"
Kimberly-Clark,136.19,"2021-11-23 12:00:03"
Kimberly-Clark,135.62,"2021-11-23 13:00:02"
Kimberly-Clark,136.10,"2021-11-23 14:00:03"
Kimberly-Clark,136.34,"2021-11-23 15:00:03"
Kimberly-Clark,135.80,"2021-11-23 15:45:03"
Kimberly-Clark,135.74,"2021-11-23 16:15:04"
Kimberly-Clark,135.50,"2021-11-24 09:45:03"
Kimberly-Clark,134.57,"2021-11-24 11:00:03"
Kimberly-Clark,134.85,"2021-11-24 12:00:02"
Kimberly-Clark,135.26,"2021-11-24 13:00:04"
Kimberly-Clark,135.09,"2021-11-24 14:00:03"
Kimberly-Clark,135.03,"2021-11-24 15:00:03"
Kimberly-Clark,135.18,"2021-11-24 15:45:03"
Kimberly-Clark,135.17,"2021-11-24 16:15:03"
Kimberly-Clark,135.17,"2021-11-25 09:45:03"
Kimberly-Clark,135.17,"2021-11-25 11:00:03"
Kimberly-Clark,135.17,"2021-11-25 12:00:03"
Kimberly-Clark,135.17,"2021-11-25 13:00:03"
Kimberly-Clark,135.17,"2021-11-25 14:00:03"
Kimberly-Clark,135.17,"2021-11-25 15:00:03"
Kimberly-Clark,135.17,"2021-11-25 15:45:03"
Kimberly-Clark,135.17,"2021-11-25 16:15:03"
Kimberly-Clark,137.27,"2021-11-26 09:45:04"
Kimberly-Clark,136.41,"2021-11-26 11:00:03"
Kimberly-Clark,135.70,"2021-11-26 12:00:03"
Kimberly-Clark,135.39,"2021-11-26 13:00:04"
Kimberly-Clark,135.39,"2021-11-26 14:00:03"
Kimberly-Clark,135.39,"2021-11-26 15:00:03"
Kimberly-Clark,135.39,"2021-11-26 15:45:03"
Kimberly-Clark,135.39,"2021-11-26 16:15:03"
Kimberly-Clark,135.80,"2021-11-29 09:45:03"
Kimberly-Clark,135.41,"2021-11-29 11:00:04"
Kimberly-Clark,135.63,"2021-11-29 12:00:04"
Kimberly-Clark,135.68,"2021-11-29 13:00:04"
Kimberly-Clark,135.75,"2021-11-29 14:00:03"
Kimberly-Clark,135.63,"2021-11-29 15:00:04"
Kimberly-Clark,135.56,"2021-11-29 15:45:03"
Kimberly-Clark,135.10,"2021-11-29 16:15:03"
Kimberly-Clark,133.88,"2021-11-30 09:45:03"
Kimberly-Clark,133.09,"2021-11-30 11:00:03"
Kimberly-Clark,133.52,"2021-11-30 12:00:04"
Kimberly-Clark,132.78,"2021-11-30 13:00:04"
Kimberly-Clark,132.93,"2021-11-30 14:00:03"
Kimberly-Clark,132.12,"2021-11-30 15:00:03"
Kimberly-Clark,130.86,"2021-11-30 15:45:04"
Kimberly-Clark,130.31,"2021-11-30 16:15:03"
Kimberly-Clark,131.57,"2021-12-01 09:45:03"
Kimberly-Clark,132.08,"2021-12-01 11:00:03"
Kimberly-Clark,133.58,"2021-12-01 12:00:04"
Kimberly-Clark,133.38,"2021-12-01 13:00:03"
Kimberly-Clark,132.66,"2021-12-01 14:00:04"
Kimberly-Clark,132.84,"2021-12-01 15:00:03"
Kimberly-Clark,132.66,"2021-12-01 15:45:08"
Kimberly-Clark,131.78,"2021-12-01 16:15:03"
Kimberly-Clark,133.25,"2021-12-02 09:45:02"
Kimberly-Clark,133.53,"2021-12-02 11:00:03"
Kimberly-Clark,133.28,"2021-12-02 12:00:03"
Kimberly-Clark,133.17,"2021-12-02 13:00:03"
Kimberly-Clark,133.67,"2021-12-02 14:00:02"
Kimberly-Clark,133.60,"2021-12-02 15:00:04"
Kimberly-Clark,133.13,"2021-12-02 15:45:02"
Kimberly-Clark,132.78,"2021-12-02 16:15:02"
Kimberly-Clark,133.70,"2021-12-03 09:45:02"
Kimberly-Clark,134.66,"2021-12-03 11:00:03"
Kimberly-Clark,135.03,"2021-12-03 12:00:03"
Kimberly-Clark,135.13,"2021-12-03 13:00:03"
Kimberly-Clark,135.30,"2021-12-03 14:00:03"
Kimberly-Clark,134.84,"2021-12-03 15:00:03"
Kimberly-Clark,134.93,"2021-12-03 15:45:03"
Kimberly-Clark,135.29,"2021-12-03 16:15:04"
Kimberly-Clark,137.23,"2021-12-06 09:45:02"
Kimberly-Clark,137.58,"2021-12-06 11:00:02"
Kimberly-Clark,136.88,"2021-12-06 12:00:03"
Kimberly-Clark,136.65,"2021-12-06 13:00:02"
Kimberly-Clark,136.39,"2021-12-06 14:00:02"
Kimberly-Clark,136.26,"2021-12-06 15:00:03"
Kimberly-Clark,136.32,"2021-12-06 15:45:02"
Kimberly-Clark,136.50,"2021-12-06 16:15:02"
Kimberly-Clark,136.92,"2021-12-07 09:45:03"
Kimberly-Clark,137.25,"2021-12-07 11:00:03"
Kimberly-Clark,137.03,"2021-12-07 12:00:05"
Kimberly-Clark,136.77,"2021-12-07 13:00:04"
Kimberly-Clark,136.84,"2021-12-07 14:00:02"
Kimberly-Clark,136.75,"2021-12-07 15:00:02"
Kimberly-Clark,136.82,"2021-12-07 15:45:03"
Kimberly-Clark,136.87,"2021-12-07 16:15:02"
Kimberly-Clark,137.38,"2021-12-08 09:45:03"
Kimberly-Clark,136.90,"2021-12-08 11:00:03"
Kimberly-Clark,135.81,"2021-12-08 12:00:03"
Kimberly-Clark,136.33,"2021-12-08 13:00:04"
Kimberly-Clark,136.52,"2021-12-08 14:00:03"
Kimberly-Clark,136.63,"2021-12-08 15:00:03"
Kimberly-Clark,136.87,"2021-12-08 15:45:03"
Kimberly-Clark,136.86,"2021-12-08 16:15:03"
Kimberly-Clark,135.67,"2021-12-09 09:45:03"
Kimberly-Clark,135.86,"2021-12-09 11:00:03"
Kimberly-Clark,135.59,"2021-12-09 12:00:02"
Kimberly-Clark,136.01,"2021-12-09 13:00:03"
Kimberly-Clark,136.35,"2021-12-09 14:00:04"
Kimberly-Clark,135.99,"2021-12-09 15:00:03"
Kimberly-Clark,135.57,"2021-12-09 15:45:04"
Kimberly-Clark,135.59,"2021-12-09 16:15:03"
Kimberly-Clark,136.05,"2021-12-10 09:45:03"
Kimberly-Clark,136.17,"2021-12-10 11:00:04"
Kimberly-Clark,136.34,"2021-12-10 12:00:03"
Kimberly-Clark,136.17,"2021-12-10 13:00:03"
Kimberly-Clark,136.14,"2021-12-10 14:00:03"
Kimberly-Clark,136.23,"2021-12-10 15:00:03"
Kimberly-Clark,136.06,"2021-12-10 15:45:04"
Kimberly-Clark,136.08,"2021-12-10 16:15:03"
Kimberly-Clark,136.45,"2021-12-13 09:45:05"
Kimberly-Clark,136.59,"2021-12-13 11:00:06"
Kimberly-Clark,138.28,"2021-12-13 12:00:05"
Kimberly-Clark,138.65,"2021-12-13 13:00:02"
Kimberly-Clark,138.44,"2021-12-13 14:00:03"
Kimberly-Clark,139.08,"2021-12-13 15:00:02"
