"Pioneer Natural Resources",148.57,"2021-03-01 03:06:44"
"Pioneer Natural Resources",148.18,"2021-03-01 13:01:29"
"Pioneer Natural Resources",147.61,"2021-03-01 13:35:30"
"Pioneer Natural Resources",148.52,"2021-03-01 13:56:53"
"Pioneer Natural Resources",148.42,"2021-03-01 14:00:06"
"Pioneer Natural Resources",148.81,"2021-03-01 15:00:05"
"Pioneer Natural Resources",148.48,"2021-03-01 15:45:04"
"Pioneer Natural Resources",148.10,"2021-03-01 16:15:02"
"Pioneer Natural Resources",149.72,"2021-03-02 09:45:02"
"Pioneer Natural Resources",149.51,"2021-03-02 11:00:06"
"Pioneer Natural Resources",148.51,"2021-03-02 12:00:07"
"Pioneer Natural Resources",149.09,"2021-03-02 13:00:06"
"Pioneer Natural Resources",149.56,"2021-03-02 14:00:05"
"Pioneer Natural Resources",148.93,"2021-03-02 15:00:06"
"Pioneer Natural Resources",149.34,"2021-03-02 15:45:04"
"Pioneer Natural Resources",149.75,"2021-03-02 16:15:03"
"Pioneer Natural Resources",152.70,"2021-03-03 09:45:02"
"Pioneer Natural Resources",155.29,"2021-03-03 11:00:06"
"Pioneer Natural Resources",156.07,"2021-03-03 12:00:02"
"Pioneer Natural Resources",156.00,"2021-03-03 13:00:06"
"Pioneer Natural Resources",155.99,"2021-03-03 14:00:05"
"Pioneer Natural Resources",156.83,"2021-03-03 15:00:06"
"Pioneer Natural Resources",155.08,"2021-03-03 15:45:03"
"Pioneer Natural Resources",155.26,"2021-03-03 16:15:03"
"Pioneer Natural Resources",157.92,"2021-03-04 09:45:04"
"Pioneer Natural Resources",158.91,"2021-03-04 11:00:07"
"Pioneer Natural Resources",157.82,"2021-03-04 12:00:06"
"Pioneer Natural Resources",155.00,"2021-03-04 13:00:09"
"Pioneer Natural Resources",152.80,"2021-03-04 14:00:07"
"Pioneer Natural Resources",157.57,"2021-03-04 15:00:06"
"Pioneer Natural Resources",158.20,"2021-03-04 15:45:04"
"Pioneer Natural Resources",158.57,"2021-03-04 16:15:02"
"Pioneer Natural Resources",162.24,"2021-03-05 09:45:02"
"Pioneer Natural Resources",162.16,"2021-03-05 11:00:08"
"Pioneer Natural Resources",162.61,"2021-03-05 12:00:07"
"Pioneer Natural Resources",164.22,"2021-03-05 13:00:09"
"Pioneer Natural Resources",162.64,"2021-03-05 14:00:05"
"Pioneer Natural Resources",163.84,"2021-03-05 15:00:06"
"Pioneer Natural Resources",162.92,"2021-03-05 15:45:02"
"Pioneer Natural Resources",163.59,"2021-03-05 16:15:02"
"Pioneer Natural Resources",165.12,"2021-03-08 09:45:04"
"Pioneer Natural Resources",163.88,"2021-03-08 11:00:07"
"Pioneer Natural Resources",164.28,"2021-03-08 12:00:08"
"Pioneer Natural Resources",164.87,"2021-03-08 13:00:06"
"Pioneer Natural Resources",160.54,"2021-03-08 14:00:07"
"Pioneer Natural Resources",162.13,"2021-03-08 15:00:07"
"Pioneer Natural Resources",163.06,"2021-03-08 15:45:03"
"Pioneer Natural Resources",161.15,"2021-03-08 16:15:03"
"Pioneer Natural Resources",160.72,"2021-03-09 09:45:04"
"Pioneer Natural Resources",163.86,"2021-03-09 11:00:06"
"Pioneer Natural Resources",161.65,"2021-03-09 12:00:06"
"Pioneer Natural Resources",159.71,"2021-03-09 13:00:07"
"Pioneer Natural Resources",158.62,"2021-03-09 14:00:02"
"Pioneer Natural Resources",159.45,"2021-03-09 15:00:02"
"Pioneer Natural Resources",157.03,"2021-03-09 15:45:06"
"Pioneer Natural Resources",156.93,"2021-03-09 16:15:04"
"Pioneer Natural Resources",157.13,"2021-03-10 09:45:04"
"Pioneer Natural Resources",155.04,"2021-03-10 11:00:03"
"Pioneer Natural Resources",154.54,"2021-03-10 12:00:04"
"Pioneer Natural Resources",155.49,"2021-03-10 13:00:02"
"Pioneer Natural Resources",155.74,"2021-03-10 14:00:02"
"Pioneer Natural Resources",157.18,"2021-03-10 15:00:02"
"Pioneer Natural Resources",158.39,"2021-03-10 15:45:03"
"Pioneer Natural Resources",158.50,"2021-03-10 16:15:02"
"Pioneer Natural Resources",162.22,"2021-03-11 09:45:04"
"Pioneer Natural Resources",164.12,"2021-03-11 11:00:04"
"Pioneer Natural Resources",163.66,"2021-03-11 12:00:04"
"Pioneer Natural Resources",164.61,"2021-03-11 13:00:04"
"Pioneer Natural Resources",163.75,"2021-03-11 14:00:04"
"Pioneer Natural Resources",165.33,"2021-03-11 15:00:03"
"Pioneer Natural Resources",163.98,"2021-03-11 15:45:04"
"Pioneer Natural Resources",164.58,"2021-03-11 16:15:03"
"Pioneer Natural Resources",166.58,"2021-03-12 09:45:04"
"Pioneer Natural Resources",165.43,"2021-03-12 11:00:03"
"Pioneer Natural Resources",165.84,"2021-03-12 12:00:03"
"Pioneer Natural Resources",165.52,"2021-03-12 13:00:04"
"Pioneer Natural Resources",164.46,"2021-03-12 14:00:01"
"Pioneer Natural Resources",165.40,"2021-03-12 15:00:02"
"Pioneer Natural Resources",165.52,"2021-03-12 15:45:04"
"Pioneer Natural Resources",165.63,"2021-03-12 16:15:02"
"Pioneer Natural Resources",164.51,"2021-03-15 09:45:04"
"Pioneer Natural Resources",165.10,"2021-03-15 11:00:03"
"Pioneer Natural Resources",165.10,"2021-03-15 12:00:02"
"Pioneer Natural Resources",165.78,"2021-03-15 13:00:03"
"Pioneer Natural Resources",166.02,"2021-03-15 14:00:02"
"Pioneer Natural Resources",165.32,"2021-03-15 15:00:03"
"Pioneer Natural Resources",165.06,"2021-03-15 15:45:09"
"Pioneer Natural Resources",165.76,"2021-03-15 16:15:03"
"Pioneer Natural Resources",163.82,"2021-03-16 09:45:04"
"Pioneer Natural Resources",163.41,"2021-03-16 11:00:02"
"Pioneer Natural Resources",164.74,"2021-03-16 12:00:04"
"Pioneer Natural Resources",164.65,"2021-03-16 13:00:02"
"Pioneer Natural Resources",163.59,"2021-03-16 14:00:02"
"Pioneer Natural Resources",163.43,"2021-03-16 15:00:04"
"Pioneer Natural Resources",163.14,"2021-03-16 15:45:03"
"Pioneer Natural Resources",163.03,"2021-03-16 16:15:03"
"Pioneer Natural Resources",166.70,"2021-03-17 09:45:04"
"Pioneer Natural Resources",163.78,"2021-03-17 11:00:03"
"Pioneer Natural Resources",165.05,"2021-03-17 12:00:03"
"Pioneer Natural Resources",165.91,"2021-03-17 13:00:04"
"Pioneer Natural Resources",167.01,"2021-03-17 14:00:04"
"Pioneer Natural Resources",168.89,"2021-03-17 15:00:03"
"Pioneer Natural Resources",167.68,"2021-03-17 15:45:04"
"Pioneer Natural Resources",169.27,"2021-03-17 16:15:03"
"Pioneer Natural Resources",167.48,"2021-03-18 09:45:04"
"Pioneer Natural Resources",166.51,"2021-03-18 11:00:03"
"Pioneer Natural Resources",167.51,"2021-03-18 12:00:03"
"Pioneer Natural Resources",164.91,"2021-03-18 13:00:02"
"Pioneer Natural Resources",166.35,"2021-03-18 14:00:04"
"Pioneer Natural Resources",163.74,"2021-03-18 15:00:04"
"Pioneer Natural Resources",161.54,"2021-03-18 15:45:02"
"Pioneer Natural Resources",161.88,"2021-03-18 16:15:04"
"Pioneer Natural Resources",158.98,"2021-03-19 09:45:03"
"Pioneer Natural Resources",162.43,"2021-03-19 11:00:04"
"Pioneer Natural Resources",162.20,"2021-03-19 12:00:02"
"Pioneer Natural Resources",164.56,"2021-03-19 13:00:03"
"Pioneer Natural Resources",163.93,"2021-03-19 14:00:02"
"Pioneer Natural Resources",163.54,"2021-03-19 15:00:03"
"Pioneer Natural Resources",163.58,"2021-03-19 15:45:02"
"Pioneer Natural Resources",163.36,"2021-03-19 16:15:04"
"Pioneer Natural Resources",162.52,"2021-03-22 09:45:03"
"Pioneer Natural Resources",160.45,"2021-03-22 11:00:01"
"Pioneer Natural Resources",160.09,"2021-03-22 12:00:03"
"Pioneer Natural Resources",158.58,"2021-03-22 13:00:04"
"Pioneer Natural Resources",159.30,"2021-03-22 14:00:03"
"Pioneer Natural Resources",160.59,"2021-03-22 15:00:03"
"Pioneer Natural Resources",159.44,"2021-03-22 15:45:03"
"Pioneer Natural Resources",158.50,"2021-03-22 16:15:04"
"Pioneer Natural Resources",157.04,"2021-03-23 09:45:02"
"Pioneer Natural Resources",159.21,"2021-03-23 11:00:02"
"Pioneer Natural Resources",160.21,"2021-03-23 12:00:03"
"Pioneer Natural Resources",161.69,"2021-03-23 13:00:04"
"Pioneer Natural Resources",159.60,"2021-03-23 14:00:03"
"Pioneer Natural Resources",157.89,"2021-03-23 15:00:01"
"Pioneer Natural Resources",157.74,"2021-03-23 15:45:04"
"Pioneer Natural Resources",157.34,"2021-03-23 16:15:03"
"Pioneer Natural Resources",161.07,"2021-03-24 09:45:03"
"Pioneer Natural Resources",163.37,"2021-03-24 11:00:04"
"Pioneer Natural Resources",161.76,"2021-03-24 12:00:05"
"Pioneer Natural Resources",162.61,"2021-03-24 13:00:03"
"Pioneer Natural Resources",162.51,"2021-03-24 14:00:04"
"Pioneer Natural Resources",160.86,"2021-03-24 15:00:02"
"Pioneer Natural Resources",160.93,"2021-03-24 15:45:02"
"Pioneer Natural Resources",161.30,"2021-03-24 16:15:03"
"Pioneer Natural Resources",157.49,"2021-03-25 09:45:04"
"Pioneer Natural Resources",156.87,"2021-03-25 11:00:05"
"Pioneer Natural Resources",159.38,"2021-03-25 12:00:04"
"Pioneer Natural Resources",160.06,"2021-03-25 13:00:04"
"Pioneer Natural Resources",159.45,"2021-03-25 14:00:04"
"Pioneer Natural Resources",160.62,"2021-03-25 15:00:05"
"Pioneer Natural Resources",161.71,"2021-03-25 15:45:03"
"Pioneer Natural Resources",161.31,"2021-03-25 16:15:03"
"Pioneer Natural Resources",164.60,"2021-03-26 09:45:04"
"Pioneer Natural Resources",162.37,"2021-03-26 11:00:03"
"Pioneer Natural Resources",161.92,"2021-03-26 12:00:03"
"Pioneer Natural Resources",163.38,"2021-03-26 13:00:02"
"Pioneer Natural Resources",162.87,"2021-03-26 14:00:02"
"Pioneer Natural Resources",162.23,"2021-03-26 15:00:02"
"Pioneer Natural Resources",163.58,"2021-03-26 15:45:02"
"Pioneer Natural Resources",164.81,"2021-03-26 16:15:03"
"Pioneer Natural Resources",162.27,"2021-03-29 09:45:02"
"Pioneer Natural Resources",159.47,"2021-03-29 11:00:03"
"Pioneer Natural Resources",160.94,"2021-03-29 12:00:03"
"Pioneer Natural Resources",161.39,"2021-03-29 13:00:06"
"Pioneer Natural Resources",161.69,"2021-03-29 14:00:03"
"Pioneer Natural Resources",162.42,"2021-03-29 15:00:04"
"Pioneer Natural Resources",162.65,"2021-03-29 15:45:03"
"Pioneer Natural Resources",162.28,"2021-03-29 16:15:03"
"Pioneer Natural Resources",159.10,"2021-03-30 09:45:05"
"Pioneer Natural Resources",159.32,"2021-03-30 11:00:03"
"Pioneer Natural Resources",159.65,"2021-03-30 12:00:02"
"Pioneer Natural Resources",160.65,"2021-03-30 13:00:04"
"Pioneer Natural Resources",159.85,"2021-03-30 14:00:04"
"Pioneer Natural Resources",160.20,"2021-03-30 15:00:02"
"Pioneer Natural Resources",160.48,"2021-03-30 15:45:03"
"Pioneer Natural Resources",160.62,"2021-03-30 16:15:03"
"Pioneer Natural Resources",160.09,"2021-03-31 09:45:02"
"Pioneer Natural Resources",159.08,"2021-03-31 11:00:02"
"Pioneer Natural Resources",159.58,"2021-03-31 12:00:02"
"Pioneer Natural Resources",159.08,"2021-03-31 13:00:04"
"Pioneer Natural Resources",158.20,"2021-03-31 14:00:04"
"Pioneer Natural Resources",158.72,"2021-03-31 15:00:03"
"Pioneer Natural Resources",158.80,"2021-03-31 15:45:03"
"Pioneer Natural Resources",158.82,"2021-03-31 16:15:02"
"Pioneer Natural Resources",160.38,"2021-04-01 09:45:02"
"Pioneer Natural Resources",160.73,"2021-04-01 11:00:04"
"Pioneer Natural Resources",159.79,"2021-04-01 12:00:02"
"Pioneer Natural Resources",162.44,"2021-04-01 13:00:03"
"Pioneer Natural Resources",163.68,"2021-04-01 14:00:02"
"Pioneer Natural Resources",164.21,"2021-04-01 15:00:04"
"Pioneer Natural Resources",164.19,"2021-04-01 15:45:03"
"Pioneer Natural Resources",164.60,"2021-04-01 16:15:03"
"Pioneer Natural Resources",164.60,"2021-04-02 09:45:02"
"Pioneer Natural Resources",164.60,"2021-04-02 11:00:03"
"Pioneer Natural Resources",164.60,"2021-04-02 12:00:03"
"Pioneer Natural Resources",164.60,"2021-04-02 13:00:03"
"Pioneer Natural Resources",164.60,"2021-04-02 14:00:03"
"Pioneer Natural Resources",164.60,"2021-04-02 15:00:04"
"Pioneer Natural Resources",164.60,"2021-04-02 15:45:03"
"Pioneer Natural Resources",164.60,"2021-04-02 16:15:03"
"Pioneer Natural Resources",155.40,"2021-04-05 09:45:02"
"Pioneer Natural Resources",155.86,"2021-04-05 11:00:03"
"Pioneer Natural Resources",154.98,"2021-04-05 12:00:03"
"Pioneer Natural Resources",151.59,"2021-04-05 13:00:04"
"Pioneer Natural Resources",152.21,"2021-04-05 14:00:03"
"Pioneer Natural Resources",152.04,"2021-04-05 15:00:03"
"Pioneer Natural Resources",152.40,"2021-04-05 15:45:02"
"Pioneer Natural Resources",152.18,"2021-04-05 16:15:04"
"Pioneer Natural Resources",154.11,"2021-04-06 09:45:04"
"Pioneer Natural Resources",151.70,"2021-04-06 11:00:03"
"Pioneer Natural Resources",151.76,"2021-04-06 12:00:03"
"Pioneer Natural Resources",151.29,"2021-04-06 13:00:02"
"Pioneer Natural Resources",151.05,"2021-04-06 14:00:04"
"Pioneer Natural Resources",151.18,"2021-04-06 15:00:03"
"Pioneer Natural Resources",151.44,"2021-04-06 15:45:02"
"Pioneer Natural Resources",151.38,"2021-04-06 16:15:02"
"Pioneer Natural Resources",152.45,"2021-04-07 09:45:03"
"Pioneer Natural Resources",152.63,"2021-04-07 11:00:02"
"Pioneer Natural Resources",152.39,"2021-04-07 12:00:03"
"Pioneer Natural Resources",153.37,"2021-04-07 13:00:03"
"Pioneer Natural Resources",154.26,"2021-04-07 14:00:03"
"Pioneer Natural Resources",153.97,"2021-04-07 15:00:05"
"Pioneer Natural Resources",153.89,"2021-04-07 15:45:03"
"Pioneer Natural Resources",152.00,"2021-04-07 16:15:02"
"Pioneer Natural Resources",149.70,"2021-04-08 09:45:04"
"Pioneer Natural Resources",149.55,"2021-04-08 11:00:02"
"Pioneer Natural Resources",150.00,"2021-04-08 12:00:02"
"Pioneer Natural Resources",149.13,"2021-04-08 13:00:06"
"Pioneer Natural Resources",149.11,"2021-04-08 14:00:04"
"Pioneer Natural Resources",149.90,"2021-04-08 15:00:06"
"Pioneer Natural Resources",148.98,"2021-04-08 15:45:02"
"Pioneer Natural Resources",149.49,"2021-04-08 16:15:03"
"Pioneer Natural Resources",149.93,"2021-04-09 09:45:03"
"Pioneer Natural Resources",147.71,"2021-04-09 11:00:04"
"Pioneer Natural Resources",146.91,"2021-04-09 12:00:05"
"Pioneer Natural Resources",146.15,"2021-04-09 13:00:03"
"Pioneer Natural Resources",145.77,"2021-04-09 14:00:05"
"Pioneer Natural Resources",146.39,"2021-04-09 15:00:02"
"Pioneer Natural Resources",146.78,"2021-04-09 15:45:03"
"Pioneer Natural Resources",147.19,"2021-04-09 16:15:01"
"Pioneer Natural Resources",148.48,"2021-04-12 09:45:02"
"Pioneer Natural Resources",146.05,"2021-04-12 11:00:03"
"Pioneer Natural Resources",145.87,"2021-04-12 12:00:05"
"Pioneer Natural Resources",145.63,"2021-04-12 13:00:04"
"Pioneer Natural Resources",144.62,"2021-04-12 14:00:03"
"Pioneer Natural Resources",144.11,"2021-04-12 15:00:06"
"Pioneer Natural Resources",145.13,"2021-04-12 15:45:02"
"Pioneer Natural Resources",145.02,"2021-04-12 16:15:04"
"Pioneer Natural Resources",145.01,"2021-04-13 09:45:02"
"Pioneer Natural Resources",146.56,"2021-04-13 11:00:02"
"Pioneer Natural Resources",147.04,"2021-04-13 12:00:04"
"Pioneer Natural Resources",146.38,"2021-04-13 13:00:02"
"Pioneer Natural Resources",146.52,"2021-04-13 14:00:03"
"Pioneer Natural Resources",145.87,"2021-04-13 15:00:08"
"Pioneer Natural Resources",145.68,"2021-04-13 15:45:02"
"Pioneer Natural Resources",145.68,"2021-04-13 16:15:02"
"Pioneer Natural Resources",148.51,"2021-04-14 09:45:03"
"Pioneer Natural Resources",152.13,"2021-04-14 11:00:02"
"Pioneer Natural Resources",152.76,"2021-04-14 12:00:03"
"Pioneer Natural Resources",153.33,"2021-04-14 13:00:02"
"Pioneer Natural Resources",152.67,"2021-04-14 14:00:06"
"Pioneer Natural Resources",152.93,"2021-04-14 15:00:02"
"Pioneer Natural Resources",153.08,"2021-04-14 15:45:02"
"Pioneer Natural Resources",153.10,"2021-04-14 16:15:03"
"Pioneer Natural Resources",150.96,"2021-04-15 09:45:04"
"Pioneer Natural Resources",152.58,"2021-04-15 11:00:02"
"Pioneer Natural Resources",151.72,"2021-04-15 12:00:02"
"Pioneer Natural Resources",151.79,"2021-04-15 13:00:03"
"Pioneer Natural Resources",151.88,"2021-04-15 14:00:02"
"Pioneer Natural Resources",152.49,"2021-04-15 15:00:02"
"Pioneer Natural Resources",151.62,"2021-04-15 15:45:02"
"Pioneer Natural Resources",152.22,"2021-04-15 16:15:02"
"Pioneer Natural Resources",151.12,"2021-04-16 09:45:03"
"Pioneer Natural Resources",149.87,"2021-04-16 11:00:02"
"Pioneer Natural Resources",150.18,"2021-04-16 12:00:02"
"Pioneer Natural Resources",149.76,"2021-04-16 13:00:04"
"Pioneer Natural Resources",148.83,"2021-04-16 14:00:03"
"Pioneer Natural Resources",149.15,"2021-04-16 15:00:03"
"Pioneer Natural Resources",148.24,"2021-04-16 15:45:01"
"Pioneer Natural Resources",148.41,"2021-04-16 16:15:02"
"Pioneer Natural Resources",150.16,"2021-04-19 09:45:02"
"Pioneer Natural Resources",148.18,"2021-04-19 11:00:03"
"Pioneer Natural Resources",148.66,"2021-04-19 12:00:03"
"Pioneer Natural Resources",148.66,"2021-04-19 13:00:04"
"Pioneer Natural Resources",148.83,"2021-04-19 14:00:02"
"Pioneer Natural Resources",148.47,"2021-04-19 15:00:03"
"Pioneer Natural Resources",148.33,"2021-04-19 15:45:03"
"Pioneer Natural Resources",148.58,"2021-04-19 16:15:03"
"Pioneer Natural Resources",146.29,"2021-04-20 09:45:03"
"Pioneer Natural Resources",144.24,"2021-04-20 11:00:06"
"Pioneer Natural Resources",145.43,"2021-04-20 12:00:03"
"Pioneer Natural Resources",146.00,"2021-04-20 13:00:02"
"Pioneer Natural Resources",146.51,"2021-04-20 14:00:04"
"Pioneer Natural Resources",145.67,"2021-04-20 15:00:02"
"Pioneer Natural Resources",146.19,"2021-04-20 15:45:04"
"Pioneer Natural Resources",145.92,"2021-04-20 16:15:03"
"Pioneer Natural Resources",144.22,"2021-04-21 09:45:02"
"Pioneer Natural Resources",146.75,"2021-04-21 11:00:05"
"Pioneer Natural Resources",147.15,"2021-04-21 12:00:04"
"Pioneer Natural Resources",146.88,"2021-04-21 13:00:03"
"Pioneer Natural Resources",146.15,"2021-04-21 14:00:05"
"Pioneer Natural Resources",147.06,"2021-04-21 15:00:05"
"Pioneer Natural Resources",146.93,"2021-04-21 15:45:02"
"Pioneer Natural Resources",147.10,"2021-04-21 16:15:02"
"Pioneer Natural Resources",145.86,"2021-04-22 09:45:03"
"Pioneer Natural Resources",146.65,"2021-04-22 11:00:03"
"Pioneer Natural Resources",146.92,"2021-04-22 12:00:03"
"Pioneer Natural Resources",147.66,"2021-04-22 13:00:02"
"Pioneer Natural Resources",146.36,"2021-04-22 14:00:03"
"Pioneer Natural Resources",146.88,"2021-04-22 15:00:04"
"Pioneer Natural Resources",146.45,"2021-04-22 15:45:01"
"Pioneer Natural Resources",146.28,"2021-04-22 16:15:03"
"Pioneer Natural Resources",145.70,"2021-04-23 09:45:02"
"Pioneer Natural Resources",147.16,"2021-04-23 11:00:07"
"Pioneer Natural Resources",146.67,"2021-04-23 12:00:02"
"Pioneer Natural Resources",146.76,"2021-04-23 13:00:02"
"Pioneer Natural Resources",146.78,"2021-04-23 14:00:03"
"Pioneer Natural Resources",146.41,"2021-04-23 15:00:03"
"Pioneer Natural Resources",146.70,"2021-04-23 15:45:03"
"Pioneer Natural Resources",146.45,"2021-04-23 16:15:03"
"Pioneer Natural Resources",147.12,"2021-04-26 09:45:04"
"Pioneer Natural Resources",149.08,"2021-04-26 11:00:02"
"Pioneer Natural Resources",149.14,"2021-04-26 12:00:02"
"Pioneer Natural Resources",148.69,"2021-04-26 13:00:01"
"Pioneer Natural Resources",148.78,"2021-04-26 14:00:04"
"Pioneer Natural Resources",148.88,"2021-04-26 15:00:04"
"Pioneer Natural Resources",149.15,"2021-04-26 15:45:04"
"Pioneer Natural Resources",148.98,"2021-04-26 16:15:03"
"Pioneer Natural Resources",149.25,"2021-04-27 09:45:04"
"Pioneer Natural Resources",149.89,"2021-04-27 11:00:02"
"Pioneer Natural Resources",149.80,"2021-04-27 12:00:03"
"Pioneer Natural Resources",148.44,"2021-04-27 13:00:02"
"Pioneer Natural Resources",149.01,"2021-04-27 14:00:03"
"Pioneer Natural Resources",149.73,"2021-04-27 15:00:02"
"Pioneer Natural Resources",151.17,"2021-04-27 15:45:03"
"Pioneer Natural Resources",150.01,"2021-04-27 16:15:02"
"Pioneer Natural Resources",155.67,"2021-04-28 09:45:04"
"Pioneer Natural Resources",156.74,"2021-04-28 11:00:01"
"Pioneer Natural Resources",156.60,"2021-04-28 12:00:03"
"Pioneer Natural Resources",156.47,"2021-04-28 13:00:03"
"Pioneer Natural Resources",157.09,"2021-04-28 14:00:01"
"Pioneer Natural Resources",157.51,"2021-04-28 15:00:02"
"Pioneer Natural Resources",157.67,"2021-04-28 15:45:03"
"Pioneer Natural Resources",157.22,"2021-04-28 16:15:02"
"Pioneer Natural Resources",160.91,"2021-04-29 09:45:03"
"Pioneer Natural Resources",159.06,"2021-04-29 11:00:05"
"Pioneer Natural Resources",158.10,"2021-04-29 12:00:03"
"Pioneer Natural Resources",158.27,"2021-04-29 13:00:03"
"Pioneer Natural Resources",158.92,"2021-04-29 14:00:02"
"Pioneer Natural Resources",159.73,"2021-04-29 15:00:02"
"Pioneer Natural Resources",159.69,"2021-04-29 15:45:03"
"Pioneer Natural Resources",159.57,"2021-04-29 16:15:02"
"Pioneer Natural Resources",158.85,"2021-04-30 09:45:02"
"Pioneer Natural Resources",155.75,"2021-04-30 11:00:05"
"Pioneer Natural Resources",154.71,"2021-04-30 12:00:03"
"Pioneer Natural Resources",155.42,"2021-04-30 13:00:02"
"Pioneer Natural Resources",154.98,"2021-04-30 14:00:02"
"Pioneer Natural Resources",154.65,"2021-04-30 15:00:04"
"Pioneer Natural Resources",153.88,"2021-04-30 15:45:03"
"Pioneer Natural Resources",153.83,"2021-04-30 16:15:04"
"Pioneer Natural Resources",157.07,"2021-05-03 09:45:03"
"Pioneer Natural Resources",156.80,"2021-05-03 11:00:02"
"Pioneer Natural Resources",157.64,"2021-05-03 12:00:02"
"Pioneer Natural Resources",158.03,"2021-05-03 13:00:03"
"Pioneer Natural Resources",157.48,"2021-05-03 14:00:02"
"Pioneer Natural Resources",158.83,"2021-05-03 15:00:04"
"Pioneer Natural Resources",158.91,"2021-05-03 15:45:02"
"Pioneer Natural Resources",158.66,"2021-05-03 16:15:03"
"Pioneer Natural Resources",158.28,"2021-05-04 09:45:02"
"Pioneer Natural Resources",158.21,"2021-05-04 11:00:05"
"Pioneer Natural Resources",158.85,"2021-05-04 12:00:11"
"Pioneer Natural Resources",159.10,"2021-05-04 13:00:03"
"Pioneer Natural Resources",159.34,"2021-05-04 14:00:02"
"Pioneer Natural Resources",159.30,"2021-05-04 15:00:02"
"Pioneer Natural Resources",158.34,"2021-05-04 15:45:03"
"Pioneer Natural Resources",158.45,"2021-05-04 16:15:04"
"Pioneer Natural Resources",158.65,"2021-05-05 09:45:03"
"Pioneer Natural Resources",164.63,"2021-05-05 11:00:03"
"Pioneer Natural Resources",165.43,"2021-05-05 12:00:02"
"Pioneer Natural Resources",163.25,"2021-05-05 13:00:03"
"Pioneer Natural Resources",162.36,"2021-05-05 14:00:03"
"Pioneer Natural Resources",164.84,"2021-05-05 15:00:03"
"Pioneer Natural Resources",163.77,"2021-05-05 15:45:02"
"Pioneer Natural Resources",164.14,"2021-05-05 16:15:02"
"Pioneer Natural Resources",163.11,"2021-05-06 09:45:05"
"Pioneer Natural Resources",161.79,"2021-05-06 11:00:04"
"Pioneer Natural Resources",163.80,"2021-05-06 12:00:03"
"Pioneer Natural Resources",163.15,"2021-05-06 13:00:02"
"Pioneer Natural Resources",163.54,"2021-05-06 14:00:03"
"Pioneer Natural Resources",163.51,"2021-05-06 15:00:02"
"Pioneer Natural Resources",164.85,"2021-05-06 15:45:03"
"Pioneer Natural Resources",164.94,"2021-05-06 16:15:04"
"Pioneer Natural Resources",164.28,"2021-05-07 09:45:04"
"Pioneer Natural Resources",164.64,"2021-05-07 11:00:05"
"Pioneer Natural Resources",164.15,"2021-05-07 12:00:02"
"Pioneer Natural Resources",166.14,"2021-05-07 13:00:03"
"Pioneer Natural Resources",167.85,"2021-05-07 14:00:02"
"Pioneer Natural Resources",167.07,"2021-05-07 15:00:03"
"Pioneer Natural Resources",167.90,"2021-05-07 15:45:03"
"Pioneer Natural Resources",167.83,"2021-05-07 16:15:03"
"Pioneer Natural Resources",175.00,"2021-05-10 09:45:03"
"Pioneer Natural Resources",170.00,"2021-05-10 11:00:03"
"Pioneer Natural Resources",169.85,"2021-05-10 12:00:03"
"Pioneer Natural Resources",170.51,"2021-05-10 13:00:03"
"Pioneer Natural Resources",171.27,"2021-05-10 14:00:03"
"Pioneer Natural Resources",169.30,"2021-05-10 15:00:05"
"Pioneer Natural Resources",168.99,"2021-05-10 15:45:04"
"Pioneer Natural Resources",167.58,"2021-05-10 16:15:02"
"Pioneer Natural Resources",158.00,"2021-07-11 11:55:22"
"Pioneer Natural Resources",155.73,"2021-07-12 09:45:02"
"Pioneer Natural Resources",156.94,"2021-07-12 11:00:02"
"Pioneer Natural Resources",157.21,"2021-07-12 12:00:02"
"Pioneer Natural Resources",156.36,"2021-07-12 13:00:02"
"Pioneer Natural Resources",156.63,"2021-07-12 14:00:03"
"Pioneer Natural Resources",157.74,"2021-07-12 15:00:02"
"Pioneer Natural Resources",157.48,"2021-07-12 15:45:02"
"Pioneer Natural Resources",157.06,"2021-07-12 16:15:03"
"Pioneer Natural Resources",157.02,"2021-07-13 09:45:02"
"Pioneer Natural Resources",157.60,"2021-07-13 11:00:03"
"Pioneer Natural Resources",158.05,"2021-07-13 12:00:03"
"Pioneer Natural Resources",157.81,"2021-07-13 13:00:02"
"Pioneer Natural Resources",158.36,"2021-07-13 14:00:02"
"Pioneer Natural Resources",157.64,"2021-07-13 15:00:04"
"Pioneer Natural Resources",157.40,"2021-07-13 15:45:02"
"Pioneer Natural Resources",157.19,"2021-07-13 16:15:02"
"Pioneer Natural Resources",158.23,"2021-07-14 09:45:04"
"Pioneer Natural Resources",156.44,"2021-07-14 11:00:03"
"Pioneer Natural Resources",152.72,"2021-07-14 12:00:03"
"Pioneer Natural Resources",153.82,"2021-07-14 13:00:03"
"Pioneer Natural Resources",153.54,"2021-07-14 14:00:03"
"Pioneer Natural Resources",152.38,"2021-07-14 15:00:02"
"Pioneer Natural Resources",151.73,"2021-07-14 15:45:03"
"Pioneer Natural Resources",151.86,"2021-07-14 16:15:02"
"Pioneer Natural Resources",150.70,"2021-07-15 09:45:03"
"Pioneer Natural Resources",149.31,"2021-07-15 11:00:02"
"Pioneer Natural Resources",149.42,"2021-07-15 12:00:03"
"Pioneer Natural Resources",147.89,"2021-07-15 13:00:03"
"Pioneer Natural Resources",146.35,"2021-07-15 14:00:03"
"Pioneer Natural Resources",147.24,"2021-07-15 15:00:04"
"Pioneer Natural Resources",147.40,"2021-07-15 15:45:04"
"Pioneer Natural Resources",148.26,"2021-07-15 16:15:02"
"Pioneer Natural Resources",147.73,"2021-07-16 09:45:02"
"Pioneer Natural Resources",145.00,"2021-07-16 11:00:05"
"Pioneer Natural Resources",145.24,"2021-07-16 12:00:03"
"Pioneer Natural Resources",144.57,"2021-07-16 13:00:02"
"Pioneer Natural Resources",142.29,"2021-07-16 14:00:03"
"Pioneer Natural Resources",141.19,"2021-07-16 15:00:03"
"Pioneer Natural Resources",140.98,"2021-07-16 15:45:03"
"Pioneer Natural Resources",140.94,"2021-07-16 16:15:03"
"Pioneer Natural Resources",135.57,"2021-07-19 09:45:03"
"Pioneer Natural Resources",136.33,"2021-07-19 11:00:03"
"Pioneer Natural Resources",136.88,"2021-07-19 12:00:02"
"Pioneer Natural Resources",135.42,"2021-07-19 13:00:03"
"Pioneer Natural Resources",135.28,"2021-07-19 14:00:04"
"Pioneer Natural Resources",135.87,"2021-07-19 15:00:03"
"Pioneer Natural Resources",136.54,"2021-07-19 15:45:03"
"Pioneer Natural Resources",136.22,"2021-07-19 16:15:03"
"Pioneer Natural Resources",136.31,"2021-07-20 09:45:03"
"Pioneer Natural Resources",139.11,"2021-07-20 11:00:02"
"Pioneer Natural Resources",139.21,"2021-07-20 12:00:03"
"Pioneer Natural Resources",138.68,"2021-07-20 13:00:02"
"Pioneer Natural Resources",137.36,"2021-07-20 14:00:04"
"Pioneer Natural Resources",138.27,"2021-07-20 15:00:02"
"Pioneer Natural Resources",138.98,"2021-07-20 15:45:04"
"Pioneer Natural Resources",138.82,"2021-07-20 16:15:03"
"Pioneer Natural Resources",142.07,"2021-07-21 09:45:01"
"Pioneer Natural Resources",143.48,"2021-07-21 11:00:02"
"Pioneer Natural Resources",144.73,"2021-07-21 12:00:02"
"Pioneer Natural Resources",145.07,"2021-07-21 13:00:03"
"Pioneer Natural Resources",144.51,"2021-07-21 14:00:03"
"Pioneer Natural Resources",144.16,"2021-07-21 15:00:03"
"Pioneer Natural Resources",144.87,"2021-07-21 15:45:02"
"Pioneer Natural Resources",145.09,"2021-07-21 16:15:02"
"Pioneer Natural Resources",144.74,"2021-07-22 09:45:03"
"Pioneer Natural Resources",142.27,"2021-07-22 11:00:03"
"Pioneer Natural Resources",143.60,"2021-07-22 13:00:02"
"Pioneer Natural Resources",143.95,"2021-07-22 14:00:02"
"Pioneer Natural Resources",144.05,"2021-07-22 15:00:02"
"Pioneer Natural Resources",143.89,"2021-07-22 15:45:02"
"Pioneer Natural Resources",143.85,"2021-07-22 16:15:03"
"Pioneer Natural Resources",143.13,"2021-07-23 09:45:02"
"Pioneer Natural Resources",142.20,"2021-07-23 11:00:02"
"Pioneer Natural Resources",141.36,"2021-07-23 12:00:03"
"Pioneer Natural Resources",140.83,"2021-07-23 13:00:04"
"Pioneer Natural Resources",142.07,"2021-07-23 14:00:03"
"Pioneer Natural Resources",142.36,"2021-07-23 15:00:02"
"Pioneer Natural Resources",142.11,"2021-07-23 15:45:03"
"Pioneer Natural Resources",142.50,"2021-07-23 16:15:02"
"Pioneer Natural Resources",143.91,"2021-07-26 09:45:03"
"Pioneer Natural Resources",144.37,"2021-07-26 11:00:02"
"Pioneer Natural Resources",144.43,"2021-07-26 12:00:04"
"Pioneer Natural Resources",144.30,"2021-07-26 13:00:03"
"Pioneer Natural Resources",143.75,"2021-07-26 14:00:03"
"Pioneer Natural Resources",144.35,"2021-07-26 15:00:02"
"Pioneer Natural Resources",144.37,"2021-07-26 15:45:03"
"Pioneer Natural Resources",144.66,"2021-07-26 16:15:04"
"Pioneer Natural Resources",142.35,"2021-07-27 09:45:02"
"Pioneer Natural Resources",143.13,"2021-07-27 11:00:02"
"Pioneer Natural Resources",142.52,"2021-07-27 12:00:04"
"Pioneer Natural Resources",141.38,"2021-07-27 13:00:03"
"Pioneer Natural Resources",141.69,"2021-07-27 14:00:04"
"Pioneer Natural Resources",141.77,"2021-07-27 15:00:03"
"Pioneer Natural Resources",142.48,"2021-07-27 15:45:03"
"Pioneer Natural Resources",142.68,"2021-07-27 16:15:03"
"Pioneer Natural Resources",143.06,"2021-07-28 09:45:02"
"Pioneer Natural Resources",142.20,"2021-07-28 11:00:02"
"Pioneer Natural Resources",143.25,"2021-07-28 12:00:03"
"Pioneer Natural Resources",143.65,"2021-07-28 13:00:02"
"Pioneer Natural Resources",144.11,"2021-07-28 14:00:03"
"Pioneer Natural Resources",145.68,"2021-07-28 15:00:04"
"Pioneer Natural Resources",145.13,"2021-07-28 15:45:02"
"Pioneer Natural Resources",144.98,"2021-07-28 16:15:03"
"Pioneer Natural Resources",146.16,"2021-07-29 09:45:02"
"Pioneer Natural Resources",146.83,"2021-07-29 11:00:03"
"Pioneer Natural Resources",148.11,"2021-07-29 12:00:02"
"Pioneer Natural Resources",147.55,"2021-07-29 13:00:03"
"Pioneer Natural Resources",147.38,"2021-07-29 14:00:02"
"Pioneer Natural Resources",147.51,"2021-07-29 15:00:03"
"Pioneer Natural Resources",147.50,"2021-07-29 15:45:03"
"Pioneer Natural Resources",147.07,"2021-07-29 16:15:03"
"Pioneer Natural Resources",144.54,"2021-07-30 09:45:02"
"Pioneer Natural Resources",143.70,"2021-07-30 11:00:03"
"Pioneer Natural Resources",144.17,"2021-07-30 12:00:04"
"Pioneer Natural Resources",144.45,"2021-07-30 13:00:02"
"Pioneer Natural Resources",145.14,"2021-07-30 14:00:04"
"Pioneer Natural Resources",145.31,"2021-07-30 15:00:03"
"Pioneer Natural Resources",145.17,"2021-07-30 15:45:03"
"Pioneer Natural Resources",145.37,"2021-07-30 16:15:02"
"Pioneer Natural Resources",147.00,"2021-08-02 09:45:04"
"Pioneer Natural Resources",144.87,"2021-08-02 11:00:02"
"Pioneer Natural Resources",141.69,"2021-08-02 12:00:04"
"Pioneer Natural Resources",143.26,"2021-08-02 13:00:02"
"Pioneer Natural Resources",143.56,"2021-08-02 14:00:03"
"Pioneer Natural Resources",144.49,"2021-08-02 15:00:02"
"Pioneer Natural Resources",143.04,"2021-08-02 15:45:02"
"Pioneer Natural Resources",143.00,"2021-08-02 16:15:03"
"Pioneer Natural Resources",143.63,"2021-08-03 09:45:02"
"Pioneer Natural Resources",149.71,"2021-08-03 11:00:02"
"Pioneer Natural Resources",153.89,"2021-08-03 12:00:02"
"Pioneer Natural Resources",153.90,"2021-08-03 13:00:02"
"Pioneer Natural Resources",153.44,"2021-08-03 14:00:02"
"Pioneer Natural Resources",154.14,"2021-08-03 15:00:02"
"Pioneer Natural Resources",153.08,"2021-08-03 15:45:02"
"Pioneer Natural Resources",153.51,"2021-08-03 16:15:04"
"Pioneer Natural Resources",149.44,"2021-08-04 09:45:04"
"Pioneer Natural Resources",151.43,"2021-08-04 11:00:03"
"Pioneer Natural Resources",150.17,"2021-08-04 12:00:04"
"Pioneer Natural Resources",151.22,"2021-08-04 13:00:03"
"Pioneer Natural Resources",150.86,"2021-08-04 14:00:03"
"Pioneer Natural Resources",150.10,"2021-08-04 15:00:02"
"Pioneer Natural Resources",150.43,"2021-08-04 15:45:02"
"Pioneer Natural Resources",150.00,"2021-08-04 16:15:02"
"Pioneer Natural Resources",151.03,"2021-08-05 09:45:03"
"Pioneer Natural Resources",152.31,"2021-08-05 11:00:02"
"Pioneer Natural Resources",152.47,"2021-08-05 12:00:02"
"Pioneer Natural Resources",151.97,"2021-08-05 13:00:02"
"Pioneer Natural Resources",151.87,"2021-08-05 14:00:03"
"Pioneer Natural Resources",151.87,"2021-08-05 15:00:05"
"Pioneer Natural Resources",151.60,"2021-08-05 15:45:04"
"Pioneer Natural Resources",152.80,"2021-08-05 16:15:03"
"Pioneer Natural Resources",153.76,"2021-08-06 09:45:02"
"Pioneer Natural Resources",153.03,"2021-08-06 11:00:03"
"Pioneer Natural Resources",153.89,"2021-08-06 12:00:03"
"Pioneer Natural Resources",154.00,"2021-08-06 13:00:03"
"Pioneer Natural Resources",153.40,"2021-08-06 14:00:03"
"Pioneer Natural Resources",151.76,"2021-08-06 15:00:02"
"Pioneer Natural Resources",151.69,"2021-08-06 15:45:03"
"Pioneer Natural Resources",151.55,"2021-08-06 16:15:02"
"Pioneer Natural Resources",150.26,"2021-08-09 09:45:01"
"Pioneer Natural Resources",147.86,"2021-08-09 11:00:02"
"Pioneer Natural Resources",149.15,"2021-08-09 12:00:03"
"Pioneer Natural Resources",148.54,"2021-08-09 13:00:03"
"Pioneer Natural Resources",147.97,"2021-08-09 14:00:02"
"Pioneer Natural Resources",148.69,"2021-08-09 15:00:03"
"Pioneer Natural Resources",148.66,"2021-08-09 15:45:02"
"Pioneer Natural Resources",148.08,"2021-08-09 16:15:04"
"Pioneer Natural Resources",149.06,"2021-08-10 09:45:04"
"Pioneer Natural Resources",150.02,"2021-08-10 11:00:03"
"Pioneer Natural Resources",150.46,"2021-08-10 12:00:02"
"Pioneer Natural Resources",151.58,"2021-08-10 13:00:03"
"Pioneer Natural Resources",151.72,"2021-08-10 14:00:03"
"Pioneer Natural Resources",151.54,"2021-08-10 15:00:01"
"Pioneer Natural Resources",151.99,"2021-08-10 15:45:03"
"Pioneer Natural Resources",151.48,"2021-08-10 16:15:03"
"Pioneer Natural Resources",150.22,"2021-08-11 09:45:02"
"Pioneer Natural Resources",151.64,"2021-08-11 11:00:03"
"Pioneer Natural Resources",150.97,"2021-08-11 12:00:04"
"Pioneer Natural Resources",153.89,"2021-08-11 13:00:03"
"Pioneer Natural Resources",153.40,"2021-08-11 14:00:03"
"Pioneer Natural Resources",154.46,"2021-08-11 15:00:03"
"Pioneer Natural Resources",154.02,"2021-08-11 15:45:04"
"Pioneer Natural Resources",154.00,"2021-08-11 16:15:04"
"Pioneer Natural Resources",154.66,"2021-08-12 09:45:04"
"Pioneer Natural Resources",153.66,"2021-08-12 11:00:03"
"Pioneer Natural Resources",153.80,"2021-08-12 12:00:03"
"Pioneer Natural Resources",153.89,"2021-08-12 13:00:02"
"Pioneer Natural Resources",152.93,"2021-08-12 14:00:02"
"Pioneer Natural Resources",154.40,"2021-08-12 15:00:02"
"Pioneer Natural Resources",154.76,"2021-08-12 15:45:03"
"Pioneer Natural Resources",154.68,"2021-08-12 16:15:02"
"Pioneer Natural Resources",154.62,"2021-08-13 09:45:02"
"Pioneer Natural Resources",153.78,"2021-08-13 11:00:03"
"Pioneer Natural Resources",153.95,"2021-08-13 12:00:03"
"Pioneer Natural Resources",153.40,"2021-08-13 13:00:03"
"Pioneer Natural Resources",153.09,"2021-08-13 14:00:04"
"Pioneer Natural Resources",152.24,"2021-08-13 15:00:03"
"Pioneer Natural Resources",151.95,"2021-08-13 15:45:03"
"Pioneer Natural Resources",151.60,"2021-08-13 16:15:03"
"Pioneer Natural Resources",149.05,"2021-08-16 09:45:02"
"Pioneer Natural Resources",148.39,"2021-08-16 11:00:02"
"Pioneer Natural Resources",148.63,"2021-08-16 12:00:04"
"Pioneer Natural Resources",147.87,"2021-08-16 13:00:04"
"Pioneer Natural Resources",148.26,"2021-08-16 14:00:03"
"Pioneer Natural Resources",148.55,"2021-08-16 15:00:04"
"Pioneer Natural Resources",147.71,"2021-08-16 15:45:02"
"Pioneer Natural Resources",147.33,"2021-08-16 16:15:03"
"Pioneer Natural Resources",146.56,"2021-08-17 09:45:02"
"Pioneer Natural Resources",147.02,"2021-08-17 11:00:03"
"Pioneer Natural Resources",145.25,"2021-08-17 12:00:02"
"Pioneer Natural Resources",143.18,"2021-08-17 13:00:03"
"Pioneer Natural Resources",144.16,"2021-08-17 14:00:03"
"Pioneer Natural Resources",144.61,"2021-08-17 15:00:04"
"Pioneer Natural Resources",144.79,"2021-08-17 15:45:02"
"Pioneer Natural Resources",145.00,"2021-08-17 16:15:02"
"Pioneer Natural Resources",144.59,"2021-08-18 09:45:03"
"Pioneer Natural Resources",145.90,"2021-08-18 11:00:02"
"Pioneer Natural Resources",146.05,"2021-08-18 12:00:03"
"Pioneer Natural Resources",145.77,"2021-08-18 13:00:02"
"Pioneer Natural Resources",146.11,"2021-08-18 14:00:03"
"Pioneer Natural Resources",144.86,"2021-08-18 15:00:04"
"Pioneer Natural Resources",143.60,"2021-08-18 15:45:02"
"Pioneer Natural Resources",142.34,"2021-08-18 16:15:03"
"Pioneer Natural Resources",141.42,"2021-08-19 09:45:02"
"Pioneer Natural Resources",139.02,"2021-08-19 11:00:02"
"Pioneer Natural Resources",139.80,"2021-08-19 12:00:03"
"Pioneer Natural Resources",139.37,"2021-08-19 13:00:04"
"Pioneer Natural Resources",138.37,"2021-08-19 14:00:04"
"Pioneer Natural Resources",138.21,"2021-08-19 15:00:03"
"Pioneer Natural Resources",139.59,"2021-08-19 15:45:03"
"Pioneer Natural Resources",140.47,"2021-08-19 16:15:08"
"Pioneer Natural Resources",139.81,"2021-08-20 09:45:03"
"Pioneer Natural Resources",141.25,"2021-08-20 11:00:04"
"Pioneer Natural Resources",142.36,"2021-08-20 12:00:03"
"Pioneer Natural Resources",141.64,"2021-08-20 13:00:03"
"Pioneer Natural Resources",141.19,"2021-08-20 14:00:02"
"Pioneer Natural Resources",141.36,"2021-08-20 15:00:02"
"Pioneer Natural Resources",141.60,"2021-08-20 15:45:04"
"Pioneer Natural Resources",141.28,"2021-08-20 16:15:08"
"Pioneer Natural Resources",146.00,"2021-08-23 09:45:02"
"Pioneer Natural Resources",145.99,"2021-08-23 11:00:03"
"Pioneer Natural Resources",145.72,"2021-08-23 12:00:03"
"Pioneer Natural Resources",145.63,"2021-08-23 13:00:02"
"Pioneer Natural Resources",145.51,"2021-08-23 14:00:03"
"Pioneer Natural Resources",145.66,"2021-08-23 15:00:04"
"Pioneer Natural Resources",145.50,"2021-08-23 15:45:02"
"Pioneer Natural Resources",145.55,"2021-08-23 16:15:08"
"Pioneer Natural Resources",146.94,"2021-08-24 09:45:04"
"Pioneer Natural Resources",146.03,"2021-08-24 11:00:03"
"Pioneer Natural Resources",146.02,"2021-08-24 12:00:03"
"Pioneer Natural Resources",147.21,"2021-08-24 13:00:03"
"Pioneer Natural Resources",146.99,"2021-08-24 14:00:04"
"Pioneer Natural Resources",147.67,"2021-08-24 15:00:02"
"Pioneer Natural Resources",147.86,"2021-08-24 15:45:03"
"Pioneer Natural Resources",147.84,"2021-08-24 16:15:03"
"Pioneer Natural Resources",148.26,"2021-08-25 09:45:03"
"Pioneer Natural Resources",148.70,"2021-08-25 11:00:03"
"Pioneer Natural Resources",149.86,"2021-08-25 12:00:03"
"Pioneer Natural Resources",149.57,"2021-08-25 13:00:03"
"Pioneer Natural Resources",150.06,"2021-08-25 14:00:04"
"Pioneer Natural Resources",149.74,"2021-08-25 15:00:03"
"Pioneer Natural Resources",149.22,"2021-08-25 15:45:04"
"Pioneer Natural Resources",149.15,"2021-08-25 16:15:07"
"Pioneer Natural Resources",147.69,"2021-08-26 09:45:03"
"Pioneer Natural Resources",147.30,"2021-08-26 11:00:02"
"Pioneer Natural Resources",148.72,"2021-08-26 12:00:03"
"Pioneer Natural Resources",148.67,"2021-08-26 13:00:03"
"Pioneer Natural Resources",147.48,"2021-08-26 14:00:03"
"Pioneer Natural Resources",146.79,"2021-08-26 15:00:04"
"Pioneer Natural Resources",147.10,"2021-08-26 15:45:03"
"Pioneer Natural Resources",146.89,"2021-08-26 16:15:02"
"Pioneer Natural Resources",151.46,"2021-08-27 09:45:03"
"Pioneer Natural Resources",151.30,"2021-08-27 11:00:03"
"Pioneer Natural Resources",151.78,"2021-08-27 12:00:04"
"Pioneer Natural Resources",152.47,"2021-08-27 13:00:04"
"Pioneer Natural Resources",152.06,"2021-08-27 14:00:03"
"Pioneer Natural Resources",151.37,"2021-08-27 15:00:04"
"Pioneer Natural Resources",151.67,"2021-08-27 15:45:04"
"Pioneer Natural Resources",151.67,"2021-08-27 16:15:09"
"Pioneer Natural Resources",151.17,"2021-08-30 09:45:03"
"Pioneer Natural Resources",151.87,"2021-08-30 11:00:03"
"Pioneer Natural Resources",152.51,"2021-08-30 12:00:04"
"Pioneer Natural Resources",151.66,"2021-08-30 13:00:04"
"Pioneer Natural Resources",151.15,"2021-08-30 14:00:02"
"Pioneer Natural Resources",151.15,"2021-08-30 15:00:02"
"Pioneer Natural Resources",150.68,"2021-08-30 15:45:03"
"Pioneer Natural Resources",150.22,"2021-08-30 16:15:03"
"Pioneer Natural Resources",149.62,"2021-08-31 09:45:03"
"Pioneer Natural Resources",148.66,"2021-08-31 11:00:04"
"Pioneer Natural Resources",149.20,"2021-08-31 12:00:03"
"Pioneer Natural Resources",149.35,"2021-08-31 13:00:04"
"Pioneer Natural Resources",150.84,"2021-08-31 14:00:04"
"Pioneer Natural Resources",150.66,"2021-08-31 15:00:02"
"Pioneer Natural Resources",149.88,"2021-08-31 15:45:01"
"Pioneer Natural Resources",149.67,"2021-08-31 16:15:08"
"Pioneer Natural Resources",149.93,"2021-09-01 09:45:02"
"Pioneer Natural Resources",149.05,"2021-09-01 11:00:04"
"Pioneer Natural Resources",147.25,"2021-09-01 12:00:02"
"Pioneer Natural Resources",147.88,"2021-09-01 13:00:03"
"Pioneer Natural Resources",147.97,"2021-09-01 14:00:04"
"Pioneer Natural Resources",147.41,"2021-09-01 15:00:03"
"Pioneer Natural Resources",147.87,"2021-09-01 15:45:02"
"Pioneer Natural Resources",147.92,"2021-09-01 16:15:02"
"Pioneer Natural Resources",149.15,"2021-09-02 09:45:04"
"Pioneer Natural Resources",150.82,"2021-09-02 11:00:03"
"Pioneer Natural Resources",151.16,"2021-09-02 12:00:02"
"Pioneer Natural Resources",150.66,"2021-09-02 13:00:03"
"Pioneer Natural Resources",149.24,"2021-09-02 14:00:02"
"Pioneer Natural Resources",149.91,"2021-09-02 15:00:02"
"Pioneer Natural Resources",149.50,"2021-09-02 15:45:05"
"Pioneer Natural Resources",149.85,"2021-09-02 16:15:02"
"Pioneer Natural Resources",149.22,"2021-09-03 09:45:02"
"Pioneer Natural Resources",149.31,"2021-09-03 11:00:02"
"Pioneer Natural Resources",149.38,"2021-09-03 12:00:03"
"Pioneer Natural Resources",149.63,"2021-09-03 13:00:03"
"Pioneer Natural Resources",149.28,"2021-09-03 14:00:02"
"Pioneer Natural Resources",149.83,"2021-09-03 15:00:03"
"Pioneer Natural Resources",149.59,"2021-09-03 15:45:03"
"Pioneer Natural Resources",149.88,"2021-09-03 16:15:02"
"Pioneer Natural Resources",149.49,"2021-09-06 09:45:02"
"Pioneer Natural Resources",149.49,"2021-09-06 11:00:03"
"Pioneer Natural Resources",149.49,"2021-09-06 12:00:03"
"Pioneer Natural Resources",149.49,"2021-09-06 13:00:02"
"Pioneer Natural Resources",149.49,"2021-09-06 14:00:04"
"Pioneer Natural Resources",149.49,"2021-09-06 15:00:02"
"Pioneer Natural Resources",149.49,"2021-09-06 15:45:03"
"Pioneer Natural Resources",149.49,"2021-09-06 16:15:14"
"Pioneer Natural Resources",149.29,"2021-09-07 09:45:02"
"Pioneer Natural Resources",147.57,"2021-09-07 11:00:03"
"Pioneer Natural Resources",146.66,"2021-09-07 12:00:04"
"Pioneer Natural Resources",146.94,"2021-09-07 13:00:03"
"Pioneer Natural Resources",147.42,"2021-09-07 14:00:02"
"Pioneer Natural Resources",147.19,"2021-09-07 15:00:03"
"Pioneer Natural Resources",147.26,"2021-09-07 15:45:03"
"Pioneer Natural Resources",147.55,"2021-09-07 16:15:09"
"Pioneer Natural Resources",149.64,"2021-09-08 09:45:03"
"Pioneer Natural Resources",145.68,"2021-09-08 11:00:04"
"Pioneer Natural Resources",145.61,"2021-09-08 12:00:03"
"Pioneer Natural Resources",146.12,"2021-09-08 13:00:03"
"Pioneer Natural Resources",145.63,"2021-09-08 14:00:04"
"Pioneer Natural Resources",145.67,"2021-09-08 15:00:02"
"Pioneer Natural Resources",145.38,"2021-09-08 15:45:03"
"Pioneer Natural Resources",145.30,"2021-09-08 16:15:03"
"Pioneer Natural Resources",146.07,"2021-09-09 09:45:03"
"Pioneer Natural Resources",149.68,"2021-09-09 11:00:02"
"Pioneer Natural Resources",149.27,"2021-09-09 12:00:04"
"Pioneer Natural Resources",148.96,"2021-09-09 13:00:04"
"Pioneer Natural Resources",148.64,"2021-09-09 14:00:03"
"Pioneer Natural Resources",149.16,"2021-09-09 15:00:03"
"Pioneer Natural Resources",150.50,"2021-09-09 15:45:04"
"Pioneer Natural Resources",150.30,"2021-09-09 16:15:03"
"Pioneer Natural Resources",152.60,"2021-09-10 09:45:02"
"Pioneer Natural Resources",150.82,"2021-09-10 11:00:03"
"Pioneer Natural Resources",151.29,"2021-09-10 12:00:04"
"Pioneer Natural Resources",151.83,"2021-09-10 13:00:03"
"Pioneer Natural Resources",151.71,"2021-09-10 14:00:04"
"Pioneer Natural Resources",151.60,"2021-09-10 15:00:02"
"Pioneer Natural Resources",151.33,"2021-09-10 15:45:03"
"Pioneer Natural Resources",151.17,"2021-09-10 16:15:08"
"Pioneer Natural Resources",155.32,"2021-09-13 09:45:03"
"Pioneer Natural Resources",154.55,"2021-09-13 11:00:03"
"Pioneer Natural Resources",154.58,"2021-09-13 12:00:02"
"Pioneer Natural Resources",154.65,"2021-09-13 13:00:03"
"Pioneer Natural Resources",154.03,"2021-09-13 14:00:02"
"Pioneer Natural Resources",154.26,"2021-09-13 15:00:02"
"Pioneer Natural Resources",154.29,"2021-09-13 15:45:04"
"Pioneer Natural Resources",154.87,"2021-09-13 16:15:09"
"Pioneer Natural Resources",155.47,"2021-09-14 09:45:03"
"Pioneer Natural Resources",153.17,"2021-09-14 11:00:04"
"Pioneer Natural Resources",153.51,"2021-09-14 12:00:03"
"Pioneer Natural Resources",153.75,"2021-09-14 13:00:03"
"Pioneer Natural Resources",153.75,"2021-09-14 14:00:03"
"Pioneer Natural Resources",152.91,"2021-09-14 15:00:03"
"Pioneer Natural Resources",152.80,"2021-09-14 15:45:03"
"Pioneer Natural Resources",152.95,"2021-09-14 16:15:08"
"Pioneer Natural Resources",158.55,"2021-09-15 09:45:04"
"Pioneer Natural Resources",158.81,"2021-09-15 11:00:03"
"Pioneer Natural Resources",158.98,"2021-09-15 12:00:04"
"Pioneer Natural Resources",158.64,"2021-09-15 13:00:04"
"Pioneer Natural Resources",158.42,"2021-09-15 14:00:04"
"Pioneer Natural Resources",158.38,"2021-09-15 15:00:03"
"Pioneer Natural Resources",159.11,"2021-09-15 15:45:03"
"Pioneer Natural Resources",158.66,"2021-09-15 16:15:08"
"Pioneer Natural Resources",158.21,"2021-09-16 09:45:04"
"Pioneer Natural Resources",156.40,"2021-09-16 11:00:04"
"Pioneer Natural Resources",156.64,"2021-09-16 12:00:04"
"Pioneer Natural Resources",156.55,"2021-09-16 13:00:03"
"Pioneer Natural Resources",157.39,"2021-09-16 14:00:04"
"Pioneer Natural Resources",157.43,"2021-09-16 15:00:03"
"Pioneer Natural Resources",157.73,"2021-09-16 15:45:02"
"Pioneer Natural Resources",155.64,"2021-09-16 16:15:09"
"Pioneer Natural Resources",157.52,"2021-09-17 09:45:03"
"Pioneer Natural Resources",156.13,"2021-09-17 11:00:04"
"Pioneer Natural Resources",156.32,"2021-09-17 12:00:03"
"Pioneer Natural Resources",156.43,"2021-09-17 13:00:04"
"Pioneer Natural Resources",157.15,"2021-09-17 14:00:03"
"Pioneer Natural Resources",157.49,"2021-09-17 15:00:02"
"Pioneer Natural Resources",157.96,"2021-09-17 15:45:03"
"Pioneer Natural Resources",157.05,"2021-09-17 16:15:05"
"Pioneer Natural Resources",152.00,"2021-09-20 09:45:09"
"Pioneer Natural Resources",150.64,"2021-09-20 11:00:07"
"Pioneer Natural Resources",149.22,"2021-09-20 12:00:04"
"Pioneer Natural Resources",148.09,"2021-09-20 14:00:03"
"Pioneer Natural Resources",147.06,"2021-09-20 15:00:02"
"Pioneer Natural Resources",148.48,"2021-09-20 15:45:04"
"Pioneer Natural Resources",149.36,"2021-09-20 16:15:03"
"Pioneer Natural Resources",150.62,"2021-09-21 09:45:08"
"Pioneer Natural Resources",146.97,"2021-09-21 11:00:03"
"Pioneer Natural Resources",148.69,"2021-09-21 12:00:09"
"Pioneer Natural Resources",149.04,"2021-09-21 13:00:04"
"Pioneer Natural Resources",149.38,"2021-09-21 14:00:09"
"Pioneer Natural Resources",148.59,"2021-09-21 15:00:03"
"Pioneer Natural Resources",148.72,"2021-09-21 15:45:02"
"Pioneer Natural Resources",147.95,"2021-09-21 16:15:02"
"Pioneer Natural Resources",151.46,"2021-09-22 09:45:03"
"Pioneer Natural Resources",150.45,"2021-09-22 11:00:03"
"Pioneer Natural Resources",150.77,"2021-09-22 12:00:03"
"Pioneer Natural Resources",151.00,"2021-09-22 13:00:04"
"Pioneer Natural Resources",151.01,"2021-09-22 14:00:04"
"Pioneer Natural Resources",149.93,"2021-09-22 15:00:04"
"Pioneer Natural Resources",150.54,"2021-09-22 15:45:04"
"Pioneer Natural Resources",150.05,"2021-09-22 16:15:04"
"Pioneer Natural Resources",152.09,"2021-09-23 09:45:04"
"Pioneer Natural Resources",154.51,"2021-09-23 11:00:05"
"Pioneer Natural Resources",156.18,"2021-09-23 12:00:04"
"Pioneer Natural Resources",157.32,"2021-09-23 13:00:03"
"Pioneer Natural Resources",157.70,"2021-09-23 14:00:03"
"Pioneer Natural Resources",157.70,"2021-09-23 15:00:05"
"Pioneer Natural Resources",158.42,"2021-09-23 15:45:04"
"Pioneer Natural Resources",157.96,"2021-09-23 16:15:02"
"Pioneer Natural Resources",160.35,"2021-09-24 09:45:04"
"Pioneer Natural Resources",163.16,"2021-09-24 11:00:03"
"Pioneer Natural Resources",162.68,"2021-09-24 12:00:02"
"Pioneer Natural Resources",162.48,"2021-09-24 13:00:02"
"Pioneer Natural Resources",162.91,"2021-09-24 14:00:03"
"Pioneer Natural Resources",163.14,"2021-09-24 15:00:03"
"Pioneer Natural Resources",163.30,"2021-09-24 15:45:02"
"Pioneer Natural Resources",162.03,"2021-09-24 16:15:03"
"Pioneer Natural Resources",164.45,"2021-09-27 09:45:03"
"Pioneer Natural Resources",166.48,"2021-09-27 11:00:02"
"Pioneer Natural Resources",167.96,"2021-09-27 12:00:03"
"Pioneer Natural Resources",168.44,"2021-09-27 13:00:04"
"Pioneer Natural Resources",168.53,"2021-09-27 14:00:03"
"Pioneer Natural Resources",167.68,"2021-09-27 15:00:03"
"Pioneer Natural Resources",168.08,"2021-09-27 15:45:04"
"Pioneer Natural Resources",168.02,"2021-09-27 16:15:09"
"Pioneer Natural Resources",170.20,"2021-09-28 09:45:02"
"Pioneer Natural Resources",169.56,"2021-09-28 11:00:03"
"Pioneer Natural Resources",168.89,"2021-09-28 12:00:04"
"Pioneer Natural Resources",169.74,"2021-09-28 13:00:02"
"Pioneer Natural Resources",170.15,"2021-09-28 14:00:03"
"Pioneer Natural Resources",170.57,"2021-09-28 15:00:03"
"Pioneer Natural Resources",169.75,"2021-09-28 15:45:03"
"Pioneer Natural Resources",169.54,"2021-09-28 16:15:08"
"Pioneer Natural Resources",167.00,"2021-09-29 09:45:03"
"Pioneer Natural Resources",169.92,"2021-09-29 11:00:03"
"Pioneer Natural Resources",169.55,"2021-09-29 12:00:02"
"Pioneer Natural Resources",170.52,"2021-09-29 13:00:04"
"Pioneer Natural Resources",170.75,"2021-09-29 14:00:04"
"Pioneer Natural Resources",170.71,"2021-09-29 15:00:03"
"Pioneer Natural Resources",170.80,"2021-09-29 15:45:03"
"Pioneer Natural Resources",168.35,"2021-09-30 09:45:03"
"Pioneer Natural Resources",167.33,"2021-09-30 11:00:02"
"Pioneer Natural Resources",168.67,"2021-09-30 12:00:02"
"Pioneer Natural Resources",168.10,"2021-09-30 13:00:02"
"Pioneer Natural Resources",167.41,"2021-09-30 14:00:03"
"Pioneer Natural Resources",167.59,"2021-09-30 15:00:03"
"Pioneer Natural Resources",167.85,"2021-09-30 15:45:02"
"Pioneer Natural Resources",166.51,"2021-09-30 16:15:03"
"Pioneer Natural Resources",169.39,"2021-10-01 09:45:03"
"Pioneer Natural Resources",170.27,"2021-10-01 11:00:02"
"Pioneer Natural Resources",172.52,"2021-10-01 12:00:03"
"Pioneer Natural Resources",174.14,"2021-10-01 13:00:03"
"Pioneer Natural Resources",173.96,"2021-10-01 14:00:03"
"Pioneer Natural Resources",174.08,"2021-10-01 15:00:02"
"Pioneer Natural Resources",174.63,"2021-10-01 15:45:04"
"Pioneer Natural Resources",174.65,"2021-10-01 16:15:08"
"Pioneer Natural Resources",178.85,"2021-10-04 09:45:03"
"Pioneer Natural Resources",180.08,"2021-10-04 11:00:03"
"Pioneer Natural Resources",182.10,"2021-10-04 12:00:03"
"Pioneer Natural Resources",181.81,"2021-10-04 13:00:02"
"Pioneer Natural Resources",180.27,"2021-10-04 14:00:04"
"Pioneer Natural Resources",179.74,"2021-10-04 15:00:03"
"Pioneer Natural Resources",179.78,"2021-10-04 15:45:04"
"Pioneer Natural Resources",178.97,"2021-10-04 16:15:04"
"Pioneer Natural Resources",183.16,"2021-10-05 09:45:04"
"Pioneer Natural Resources",183.94,"2021-10-05 11:00:02"
"Pioneer Natural Resources",181.70,"2021-10-05 12:00:04"
"Pioneer Natural Resources",182.25,"2021-10-05 13:00:03"
"Pioneer Natural Resources",181.25,"2021-10-05 14:00:03"
"Pioneer Natural Resources",181.71,"2021-10-05 15:00:03"
"Pioneer Natural Resources",182.46,"2021-10-05 15:45:04"
"Pioneer Natural Resources",181.96,"2021-10-05 16:15:03"
"Pioneer Natural Resources",177.83,"2021-10-06 09:45:03"
"Pioneer Natural Resources",179.05,"2021-10-06 11:00:03"
"Pioneer Natural Resources",180.91,"2021-10-06 12:00:03"
"Pioneer Natural Resources",181.40,"2021-10-06 13:00:03"
"Pioneer Natural Resources",181.93,"2021-10-06 14:00:02"
"Pioneer Natural Resources",181.11,"2021-10-06 15:00:03"
"Pioneer Natural Resources",181.82,"2021-10-06 15:45:04"
"Pioneer Natural Resources",181.80,"2021-10-06 16:15:04"
"Pioneer Natural Resources",181.29,"2021-10-07 09:45:03"
"Pioneer Natural Resources",181.25,"2021-10-07 11:00:02"
"Pioneer Natural Resources",183.12,"2021-10-07 12:00:03"
"Pioneer Natural Resources",183.88,"2021-10-07 13:00:04"
"Pioneer Natural Resources",183.96,"2021-10-07 14:00:03"
"Pioneer Natural Resources",184.01,"2021-10-07 15:00:02"
"Pioneer Natural Resources",184.11,"2021-10-07 15:45:02"
"Pioneer Natural Resources",185.00,"2021-10-07 16:15:04"
"Pioneer Natural Resources",189.10,"2021-10-08 09:45:03"
"Pioneer Natural Resources",192.42,"2021-10-08 11:00:03"
"Pioneer Natural Resources",192.91,"2021-10-08 12:00:03"
"Pioneer Natural Resources",190.45,"2021-10-08 13:00:03"
"Pioneer Natural Resources",191.11,"2021-10-08 14:00:02"
"Pioneer Natural Resources",191.73,"2021-10-08 15:00:02"
"Pioneer Natural Resources",192.27,"2021-10-08 15:45:04"
"Pioneer Natural Resources",193.08,"2021-10-08 16:15:04"
"Pioneer Natural Resources",194.40,"2021-10-11 09:45:02"
"Pioneer Natural Resources",196.45,"2021-10-11 11:00:03"
"Pioneer Natural Resources",195.54,"2021-10-11 12:00:02"
"Pioneer Natural Resources",194.17,"2021-10-11 13:00:03"
"Pioneer Natural Resources",194.08,"2021-10-11 14:00:04"
"Pioneer Natural Resources",194.47,"2021-10-11 15:00:02"
"Pioneer Natural Resources",194.10,"2021-10-11 15:45:02"
"Pioneer Natural Resources",192.26,"2021-10-11 16:15:03"
"Pioneer Natural Resources",193.00,"2021-10-12 09:45:04"
"Pioneer Natural Resources",192.49,"2021-10-12 11:00:03"
"Pioneer Natural Resources",191.75,"2021-10-12 12:00:03"
"Pioneer Natural Resources",190.25,"2021-10-12 13:00:03"
"Pioneer Natural Resources",190.21,"2021-10-12 14:00:03"
"Pioneer Natural Resources",191.57,"2021-10-12 15:00:03"
"Pioneer Natural Resources",190.36,"2021-10-12 15:45:03"
"Pioneer Natural Resources",191.31,"2021-10-12 16:15:02"
"Pioneer Natural Resources",187.33,"2021-10-13 09:45:04"
"Pioneer Natural Resources",189.41,"2021-10-13 11:00:02"
"Pioneer Natural Resources",190.49,"2021-10-13 12:00:03"
"Pioneer Natural Resources",190.93,"2021-10-13 13:00:03"
"Pioneer Natural Resources",189.98,"2021-10-13 14:00:03"
"Pioneer Natural Resources",190.82,"2021-10-13 15:00:03"
"Pioneer Natural Resources",191.06,"2021-10-13 15:45:04"
"Pioneer Natural Resources",190.72,"2021-10-13 16:15:02"
"Pioneer Natural Resources",191.61,"2021-10-14 09:45:03"
"Pioneer Natural Resources",191.69,"2021-10-14 11:00:03"
"Pioneer Natural Resources",191.64,"2021-10-14 12:00:04"
"Pioneer Natural Resources",191.11,"2021-10-14 13:00:03"
"Pioneer Natural Resources",191.40,"2021-10-14 14:00:02"
"Pioneer Natural Resources",191.34,"2021-10-14 15:00:04"
"Pioneer Natural Resources",191.63,"2021-10-14 15:45:04"
"Pioneer Natural Resources",191.32,"2021-10-14 16:15:04"
"Pioneer Natural Resources",192.75,"2021-10-15 09:45:02"
"Pioneer Natural Resources",191.82,"2021-10-15 11:00:04"
"Pioneer Natural Resources",191.79,"2021-10-15 12:00:02"
"Pioneer Natural Resources",190.74,"2021-10-15 13:00:02"
"Pioneer Natural Resources",191.52,"2021-10-15 14:00:05"
"Pioneer Natural Resources",191.80,"2021-10-15 15:00:06"
"Pioneer Natural Resources",190.72,"2021-10-15 15:45:04"
"Pioneer Natural Resources",190.01,"2021-10-15 16:15:02"
"Pioneer Natural Resources",194.27,"2021-10-18 09:45:05"
"Pioneer Natural Resources",190.84,"2021-10-18 11:00:05"
"Pioneer Natural Resources",191.53,"2021-10-18 12:00:04"
"Pioneer Natural Resources",191.31,"2021-10-18 13:00:02"
"Pioneer Natural Resources",189.60,"2021-10-18 14:00:05"
"Pioneer Natural Resources",190.34,"2021-10-18 15:00:05"
"Pioneer Natural Resources",190.60,"2021-10-18 15:45:05"
"Pioneer Natural Resources",189.85,"2021-10-18 16:15:05"
"Pioneer Natural Resources",189.51,"2021-10-19 09:45:04"
"Pioneer Natural Resources",190.55,"2021-10-19 11:00:04"
"Pioneer Natural Resources",191.87,"2021-10-19 12:00:02"
"Pioneer Natural Resources",192.03,"2021-10-19 13:00:04"
"Pioneer Natural Resources",191.81,"2021-10-19 14:00:03"
"Pioneer Natural Resources",190.56,"2021-10-19 15:00:02"
"Pioneer Natural Resources",190.72,"2021-10-19 15:45:05"
"Pioneer Natural Resources",190.95,"2021-10-19 16:15:02"
"Pioneer Natural Resources",189.95,"2021-10-20 09:45:03"
"Pioneer Natural Resources",191.31,"2021-10-20 11:00:03"
"Pioneer Natural Resources",191.24,"2021-10-20 12:00:04"
"Pioneer Natural Resources",191.15,"2021-10-20 13:00:03"
"Pioneer Natural Resources",190.91,"2021-10-20 14:00:03"
"Pioneer Natural Resources",191.93,"2021-10-20 15:00:02"
"Pioneer Natural Resources",191.91,"2021-10-20 15:45:04"
"Pioneer Natural Resources",192.18,"2021-10-20 16:15:05"
"Pioneer Natural Resources",190.31,"2021-10-21 09:45:02"
"Pioneer Natural Resources",188.93,"2021-10-21 11:00:03"
"Pioneer Natural Resources",188.01,"2021-10-21 12:00:02"
"Pioneer Natural Resources",189.16,"2021-10-21 13:00:05"
"Pioneer Natural Resources",187.75,"2021-10-21 14:00:02"
"Pioneer Natural Resources",188.45,"2021-10-21 15:00:02"
"Pioneer Natural Resources",188.55,"2021-10-21 15:45:04"
"Pioneer Natural Resources",188.64,"2021-10-21 16:15:05"
"Pioneer Natural Resources",190.16,"2021-10-22 09:45:03"
"Pioneer Natural Resources",189.40,"2021-10-22 11:00:04"
"Pioneer Natural Resources",187.53,"2021-10-22 12:00:03"
"Pioneer Natural Resources",189.80,"2021-10-22 13:00:03"
"Pioneer Natural Resources",190.19,"2021-10-22 14:00:03"
"Pioneer Natural Resources",190.16,"2021-10-22 15:00:03"
"Pioneer Natural Resources",190.48,"2021-10-22 15:45:04"
"Pioneer Natural Resources",191.62,"2021-10-22 16:15:03"
"Pioneer Natural Resources",193.41,"2021-10-25 09:45:05"
"Pioneer Natural Resources",192.99,"2021-10-25 11:00:03"
"Pioneer Natural Resources",193.27,"2021-10-25 12:00:02"
"Pioneer Natural Resources",191.90,"2021-10-25 13:00:05"
"Pioneer Natural Resources",193.21,"2021-10-25 14:00:05"
"Pioneer Natural Resources",192.79,"2021-10-25 15:00:02"
"Pioneer Natural Resources",192.37,"2021-10-25 15:45:04"
"Pioneer Natural Resources",192.70,"2021-10-25 16:15:04"
"Pioneer Natural Resources",191.71,"2021-10-26 09:45:05"
"Pioneer Natural Resources",193.03,"2021-10-26 11:00:03"
"Pioneer Natural Resources",193.07,"2021-10-26 12:00:02"
"Pioneer Natural Resources",191.28,"2021-10-26 13:00:03"
"Pioneer Natural Resources",192.13,"2021-10-26 14:00:05"
"Pioneer Natural Resources",192.13,"2021-10-26 15:00:06"
"Pioneer Natural Resources",192.05,"2021-10-26 15:45:03"
"Pioneer Natural Resources",191.81,"2021-10-26 16:15:02"
"Pioneer Natural Resources",190.31,"2021-10-27 09:45:04"
"Pioneer Natural Resources",191.18,"2021-10-27 11:00:09"
"Pioneer Natural Resources",191.19,"2021-10-27 12:00:02"
"Pioneer Natural Resources",190.06,"2021-10-27 13:00:05"
"Pioneer Natural Resources",190.86,"2021-10-27 14:00:03"
"Pioneer Natural Resources",190.26,"2021-10-27 15:00:03"
"Pioneer Natural Resources",189.16,"2021-10-27 15:45:05"
"Pioneer Natural Resources",188.67,"2021-10-27 16:15:02"
"Pioneer Natural Resources",188.40,"2021-10-28 09:45:05"
"Pioneer Natural Resources",188.57,"2021-10-28 11:00:04"
"Pioneer Natural Resources",188.15,"2021-10-28 12:00:05"
"Pioneer Natural Resources",188.13,"2021-10-28 13:00:04"
"Pioneer Natural Resources",188.11,"2021-10-28 14:00:04"
"Pioneer Natural Resources",189.03,"2021-10-28 15:00:03"
"Pioneer Natural Resources",189.60,"2021-10-28 15:45:02"
"Pioneer Natural Resources",189.90,"2021-10-28 16:15:09"
"Pioneer Natural Resources",189.42,"2021-10-29 09:45:04"
"Pioneer Natural Resources",188.16,"2021-10-29 11:00:05"
"Pioneer Natural Resources",187.58,"2021-10-29 12:00:02"
"Pioneer Natural Resources",187.28,"2021-10-29 13:00:05"
"Pioneer Natural Resources",187.47,"2021-10-29 14:00:05"
"Pioneer Natural Resources",187.21,"2021-10-29 15:00:05"
"Pioneer Natural Resources",187.23,"2021-10-29 15:45:03"
"Pioneer Natural Resources",186.94,"2021-10-29 16:15:09"
"Pioneer Natural Resources",190.78,"2021-11-01 09:45:03"
"Pioneer Natural Resources",189.70,"2021-11-01 11:00:05"
"Pioneer Natural Resources",190.08,"2021-11-01 12:00:05"
"Pioneer Natural Resources",190.08,"2021-11-01 13:00:04"
"Pioneer Natural Resources",189.30,"2021-11-01 14:00:02"
"Pioneer Natural Resources",190.45,"2021-11-01 15:00:02"
"Pioneer Natural Resources",190.44,"2021-11-01 15:45:05"
"Pioneer Natural Resources",189.95,"2021-11-01 16:15:05"
"Pioneer Natural Resources",189.44,"2021-11-02 09:45:03"
"Pioneer Natural Resources",189.29,"2021-11-02 11:00:05"
"Pioneer Natural Resources",188.82,"2021-11-02 12:00:03"
"Pioneer Natural Resources",188.41,"2021-11-02 13:00:03"
"Pioneer Natural Resources",189.93,"2021-11-02 14:00:02"
"Pioneer Natural Resources",189.78,"2021-11-02 15:00:04"
"Pioneer Natural Resources",190.02,"2021-11-02 15:45:06"
"Pioneer Natural Resources",189.73,"2021-11-02 16:15:12"
"Pioneer Natural Resources",186.48,"2021-11-03 09:45:05"
"Pioneer Natural Resources",188.93,"2021-11-03 11:00:05"
"Pioneer Natural Resources",187.97,"2021-11-03 12:00:04"
"Pioneer Natural Resources",187.21,"2021-11-03 13:00:05"
"Pioneer Natural Resources",186.87,"2021-11-03 14:00:05"
"Pioneer Natural Resources",188.06,"2021-11-03 15:00:03"
"Pioneer Natural Resources",187.54,"2021-11-03 15:45:03"
"Pioneer Natural Resources",189.99,"2021-11-03 16:15:05"
"Pioneer Natural Resources",192.01,"2021-11-04 09:45:04"
"Pioneer Natural Resources",186.90,"2021-11-04 11:00:04"
"Pioneer Natural Resources",186.53,"2021-11-04 12:00:02"
"Pioneer Natural Resources",184.19,"2021-11-04 13:00:04"
"Pioneer Natural Resources",185.92,"2021-11-04 14:00:02"
"Pioneer Natural Resources",183.97,"2021-11-04 15:00:03"
"Pioneer Natural Resources",185.06,"2021-11-04 15:45:04"
"Pioneer Natural Resources",185.90,"2021-11-04 16:15:05"
"Pioneer Natural Resources",187.59,"2021-11-05 09:45:03"
"Pioneer Natural Resources",184.83,"2021-11-05 11:00:06"
"Pioneer Natural Resources",185.85,"2021-11-05 12:00:05"
"Pioneer Natural Resources",186.21,"2021-11-05 13:00:05"
"Pioneer Natural Resources",186.00,"2021-11-05 14:00:05"
"Pioneer Natural Resources",185.72,"2021-11-05 15:00:06"
"Pioneer Natural Resources",185.21,"2021-11-05 15:45:06"
"Pioneer Natural Resources",185.27,"2021-11-05 16:15:02"
"Pioneer Natural Resources",188.41,"2021-11-08 09:45:05"
"Pioneer Natural Resources",188.52,"2021-11-08 11:00:04"
"Pioneer Natural Resources",188.73,"2021-11-08 12:00:03"
"Pioneer Natural Resources",188.41,"2021-11-08 13:00:05"
"Pioneer Natural Resources",186.42,"2021-11-08 14:00:04"
"Pioneer Natural Resources",186.78,"2021-11-08 15:00:05"
"Pioneer Natural Resources",186.56,"2021-11-08 15:45:03"
"Pioneer Natural Resources",186.58,"2021-11-08 16:15:15"
"Pioneer Natural Resources",185.41,"2021-11-09 09:45:03"
"Pioneer Natural Resources",183.50,"2021-11-09 11:00:02"
"Pioneer Natural Resources",182.66,"2021-11-09 12:00:03"
"Pioneer Natural Resources",184.36,"2021-11-09 13:00:03"
"Pioneer Natural Resources",184.34,"2021-11-09 14:00:03"
"Pioneer Natural Resources",186.48,"2021-11-09 15:00:04"
"Pioneer Natural Resources",187.83,"2021-11-09 15:45:03"
"Pioneer Natural Resources",187.23,"2021-11-09 16:15:09"
"Pioneer Natural Resources",185.26,"2021-11-10 09:45:03"
"Pioneer Natural Resources",183.19,"2021-11-10 11:00:02"
"Pioneer Natural Resources",184.94,"2021-11-10 12:00:04"
"Pioneer Natural Resources",183.12,"2021-11-10 13:00:04"
"Pioneer Natural Resources",181.12,"2021-11-10 14:00:04"
"Pioneer Natural Resources",181.54,"2021-11-10 15:00:02"
"Pioneer Natural Resources",182.27,"2021-11-10 15:45:04"
"Pioneer Natural Resources",182.36,"2021-11-10 16:15:09"
"Pioneer Natural Resources",185.60,"2021-11-11 09:45:04"
"Pioneer Natural Resources",184.26,"2021-11-11 11:00:02"
"Pioneer Natural Resources",183.97,"2021-11-11 12:00:04"
"Pioneer Natural Resources",185.01,"2021-11-11 13:00:03"
"Pioneer Natural Resources",184.54,"2021-11-11 14:00:03"
"Pioneer Natural Resources",183.34,"2021-11-11 15:00:04"
"Pioneer Natural Resources",183.40,"2021-11-11 15:45:03"
"Pioneer Natural Resources",183.05,"2021-11-11 16:15:10"
"Pioneer Natural Resources",181.91,"2021-11-12 09:45:03"
"Pioneer Natural Resources",181.00,"2021-11-12 11:00:02"
"Pioneer Natural Resources",181.75,"2021-11-12 12:00:03"
"Pioneer Natural Resources",182.27,"2021-11-12 13:00:03"
"Pioneer Natural Resources",182.52,"2021-11-12 14:00:03"
"Pioneer Natural Resources",182.71,"2021-11-12 15:00:03"
"Pioneer Natural Resources",182.84,"2021-11-12 15:45:03"
"Pioneer Natural Resources",183.25,"2021-11-12 16:15:02"
"Pioneer Natural Resources",179.77,"2021-11-15 09:45:04"
"Pioneer Natural Resources",182.47,"2021-11-15 11:00:04"
"Pioneer Natural Resources",181.92,"2021-11-15 12:00:04"
"Pioneer Natural Resources",182.45,"2021-11-15 13:00:03"
"Pioneer Natural Resources",183.41,"2021-11-15 14:00:02"
"Pioneer Natural Resources",184.18,"2021-11-15 15:00:03"
"Pioneer Natural Resources",183.33,"2021-11-15 15:45:03"
"Pioneer Natural Resources",182.80,"2021-11-15 16:15:09"
"Pioneer Natural Resources",182.04,"2021-11-16 09:45:04"
"Pioneer Natural Resources",181.75,"2021-11-16 11:00:03"
"Pioneer Natural Resources",183.33,"2021-11-16 12:00:03"
"Pioneer Natural Resources",184.11,"2021-11-16 13:00:04"
"Pioneer Natural Resources",184.73,"2021-11-16 14:00:03"
"Pioneer Natural Resources",184.03,"2021-11-16 15:00:04"
"Pioneer Natural Resources",183.47,"2021-11-16 15:45:02"
"Pioneer Natural Resources",183.14,"2021-11-16 16:15:04"
"Pioneer Natural Resources",182.44,"2021-11-17 09:45:04"
"Pioneer Natural Resources",183.48,"2021-11-17 11:00:03"
"Pioneer Natural Resources",182.59,"2021-11-17 12:00:03"
"Pioneer Natural Resources",181.48,"2021-11-17 13:00:04"
"Pioneer Natural Resources",180.94,"2021-11-17 14:00:03"
"Pioneer Natural Resources",179.97,"2021-11-17 15:00:03"
"Pioneer Natural Resources",179.45,"2021-11-17 15:45:04"
"Pioneer Natural Resources",180.28,"2021-11-17 16:15:08"
"Pioneer Natural Resources",181.93,"2021-11-18 09:45:04"
"Pioneer Natural Resources",179.51,"2021-11-18 11:00:03"
"Pioneer Natural Resources",181.01,"2021-11-18 12:00:04"
"Pioneer Natural Resources",181.02,"2021-11-18 13:00:03"
"Pioneer Natural Resources",182.10,"2021-11-18 14:00:04"
"Pioneer Natural Resources",181.79,"2021-11-18 15:00:04"
"Pioneer Natural Resources",180.43,"2021-11-18 15:45:04"
"Pioneer Natural Resources",179.73,"2021-11-18 16:15:02"
"Pioneer Natural Resources",176.52,"2021-11-19 09:45:03"
"Pioneer Natural Resources",176.79,"2021-11-19 11:00:03"
"Pioneer Natural Resources",176.96,"2021-11-19 12:00:04"
"Pioneer Natural Resources",177.68,"2021-11-19 13:00:03"
"Pioneer Natural Resources",176.04,"2021-11-19 14:00:03"
"Pioneer Natural Resources",176.92,"2021-11-19 15:00:03"
"Pioneer Natural Resources",176.69,"2021-11-19 15:45:04"
"Pioneer Natural Resources",177.73,"2021-11-22 09:45:04"
"Pioneer Natural Resources",179.05,"2021-11-22 11:00:03"
"Pioneer Natural Resources",178.23,"2021-11-22 12:00:03"
"Pioneer Natural Resources",179.35,"2021-11-22 13:00:04"
"Pioneer Natural Resources",181.95,"2021-11-22 14:00:04"
"Pioneer Natural Resources",183.16,"2021-11-22 15:00:03"
"Pioneer Natural Resources",182.50,"2021-11-22 15:45:03"
"Pioneer Natural Resources",180.49,"2021-11-22 16:15:03"
"Pioneer Natural Resources",187.70,"2021-11-23 09:45:02"
"Pioneer Natural Resources",187.76,"2021-11-23 11:00:03"
"Pioneer Natural Resources",189.43,"2021-11-23 12:00:03"
"Pioneer Natural Resources",189.57,"2021-11-23 13:00:03"
"Pioneer Natural Resources",188.79,"2021-11-23 14:00:04"
"Pioneer Natural Resources",188.50,"2021-11-23 15:00:03"
"Pioneer Natural Resources",187.65,"2021-11-23 15:45:03"
"Pioneer Natural Resources",188.08,"2021-11-23 16:15:04"
"Pioneer Natural Resources",190.54,"2021-11-24 09:45:03"
"Pioneer Natural Resources",191.50,"2021-11-24 11:00:03"
"Pioneer Natural Resources",190.29,"2021-11-24 12:00:02"
"Pioneer Natural Resources",190.37,"2021-11-24 13:00:03"
"Pioneer Natural Resources",190.13,"2021-11-24 14:00:03"
"Pioneer Natural Resources",189.58,"2021-11-24 15:00:03"
"Pioneer Natural Resources",190.01,"2021-11-24 15:45:03"
"Pioneer Natural Resources",190.26,"2021-11-24 16:15:03"
"Pioneer Natural Resources",190.26,"2021-11-25 09:45:02"
"Pioneer Natural Resources",190.26,"2021-11-25 11:00:04"
"Pioneer Natural Resources",190.26,"2021-11-25 12:00:02"
"Pioneer Natural Resources",190.26,"2021-11-25 13:00:03"
"Pioneer Natural Resources",190.26,"2021-11-25 14:00:04"
"Pioneer Natural Resources",190.26,"2021-11-25 15:00:02"
"Pioneer Natural Resources",190.26,"2021-11-25 15:45:03"
"Pioneer Natural Resources",190.26,"2021-11-25 16:15:03"
"Pioneer Natural Resources",180.50,"2021-11-26 09:45:02"
"Pioneer Natural Resources",179.28,"2021-11-26 11:00:04"
"Pioneer Natural Resources",179.30,"2021-11-26 12:00:03"
"Pioneer Natural Resources",181.92,"2021-11-26 13:00:04"
"Pioneer Natural Resources",181.92,"2021-11-26 14:00:03"
"Pioneer Natural Resources",181.92,"2021-11-26 15:00:03"
"Pioneer Natural Resources",181.92,"2021-11-26 15:45:03"
"Pioneer Natural Resources",181.92,"2021-11-26 16:15:04"
"Pioneer Natural Resources",185.24,"2021-11-29 09:45:02"
"Pioneer Natural Resources",184.06,"2021-11-29 11:00:03"
"Pioneer Natural Resources",184.38,"2021-11-29 12:00:03"
"Pioneer Natural Resources",185.49,"2021-11-29 13:00:04"
"Pioneer Natural Resources",186.36,"2021-11-29 14:00:03"
"Pioneer Natural Resources",184.86,"2021-11-29 15:00:02"
"Pioneer Natural Resources",184.04,"2021-11-29 15:45:02"
"Pioneer Natural Resources",183.25,"2021-11-29 16:15:03"
"Pioneer Natural Resources",179.64,"2021-11-30 09:45:03"
"Pioneer Natural Resources",179.75,"2021-11-30 11:00:03"
"Pioneer Natural Resources",177.77,"2021-11-30 12:00:03"
"Pioneer Natural Resources",178.41,"2021-11-30 13:00:03"
"Pioneer Natural Resources",178.32,"2021-11-30 14:00:03"
"Pioneer Natural Resources",179.37,"2021-11-30 15:00:03"
"Pioneer Natural Resources",179.96,"2021-11-30 15:45:04"
"Pioneer Natural Resources",178.46,"2021-11-30 16:15:03"
"Pioneer Natural Resources",180.11,"2021-12-01 09:45:03"
"Pioneer Natural Resources",182.00,"2021-12-01 11:00:03"
"Pioneer Natural Resources",179.27,"2021-12-01 12:00:04"
"Pioneer Natural Resources",177.57,"2021-12-01 13:00:03"
"Pioneer Natural Resources",175.90,"2021-12-01 14:00:02"
"Pioneer Natural Resources",175.51,"2021-12-01 15:00:04"
"Pioneer Natural Resources",175.65,"2021-12-01 15:45:04"
"Pioneer Natural Resources",174.19,"2021-12-01 16:15:02"
"Pioneer Natural Resources",172.50,"2021-12-02 09:45:02"
"Pioneer Natural Resources",176.34,"2021-12-02 11:00:04"
"Pioneer Natural Resources",176.59,"2021-12-02 12:00:02"
"Pioneer Natural Resources",176.97,"2021-12-02 13:00:03"
"Pioneer Natural Resources",177.59,"2021-12-02 14:00:03"
"Pioneer Natural Resources",178.05,"2021-12-02 15:00:03"
"Pioneer Natural Resources",177.16,"2021-12-02 15:45:03"
"Pioneer Natural Resources",176.96,"2021-12-02 16:15:04"
"Pioneer Natural Resources",180.09,"2021-12-03 09:45:03"
"Pioneer Natural Resources",178.60,"2021-12-03 11:00:03"
"Pioneer Natural Resources",176.09,"2021-12-03 12:00:03"
"Pioneer Natural Resources",176.42,"2021-12-03 13:00:03"
"Pioneer Natural Resources",175.94,"2021-12-03 14:00:03"
"Pioneer Natural Resources",175.45,"2021-12-03 15:00:04"
"Pioneer Natural Resources",177.30,"2021-12-03 15:45:03"
"Pioneer Natural Resources",176.73,"2021-12-03 16:15:03"
"Pioneer Natural Resources",176.75,"2021-12-06 09:45:02"
"Pioneer Natural Resources",179.63,"2021-12-06 11:00:02"
"Pioneer Natural Resources",179.64,"2021-12-06 12:00:02"
"Pioneer Natural Resources",180.22,"2021-12-06 13:00:02"
"Pioneer Natural Resources",181.71,"2021-12-06 14:00:03"
"Pioneer Natural Resources",181.05,"2021-12-06 15:00:04"
"Pioneer Natural Resources",180.16,"2021-12-06 15:45:04"
"Pioneer Natural Resources",179.46,"2021-12-06 16:15:02"
"Pioneer Natural Resources",184.44,"2021-12-07 09:45:03"
"Pioneer Natural Resources",187.58,"2021-12-07 11:00:04"
"Pioneer Natural Resources",187.54,"2021-12-07 12:00:03"
"Pioneer Natural Resources",187.40,"2021-12-07 13:00:02"
"Pioneer Natural Resources",186.48,"2021-12-07 14:00:03"
"Pioneer Natural Resources",187.39,"2021-12-07 15:00:02"
"Pioneer Natural Resources",185.85,"2021-12-07 15:45:03"
"Pioneer Natural Resources",185.62,"2021-12-07 16:15:03"
"Pioneer Natural Resources",185.49,"2021-12-08 09:45:04"
"Pioneer Natural Resources",185.27,"2021-12-08 11:00:03"
"Pioneer Natural Resources",185.84,"2021-12-08 12:00:03"
"Pioneer Natural Resources",185.01,"2021-12-08 13:00:03"
"Pioneer Natural Resources",185.30,"2021-12-08 14:00:03"
"Pioneer Natural Resources",185.26,"2021-12-08 15:00:05"
"Pioneer Natural Resources",185.25,"2021-12-08 15:45:03"
"Pioneer Natural Resources",185.35,"2021-12-08 16:15:04"
"Pioneer Natural Resources",183.66,"2021-12-09 09:45:04"
"Pioneer Natural Resources",182.72,"2021-12-09 11:00:02"
"Pioneer Natural Resources",182.48,"2021-12-09 12:00:04"
"Pioneer Natural Resources",183.35,"2021-12-09 13:00:03"
"Pioneer Natural Resources",182.85,"2021-12-09 14:00:04"
"Pioneer Natural Resources",182.62,"2021-12-09 15:00:03"
"Pioneer Natural Resources",183.72,"2021-12-09 15:45:04"
"Pioneer Natural Resources",182.97,"2021-12-09 16:15:04"
"Pioneer Natural Resources",181.87,"2021-12-10 09:45:03"
"Pioneer Natural Resources",181.75,"2021-12-10 11:00:02"
"Pioneer Natural Resources",180.86,"2021-12-10 12:00:03"
"Pioneer Natural Resources",180.26,"2021-12-10 13:00:04"
"Pioneer Natural Resources",181.25,"2021-12-10 14:00:03"
"Pioneer Natural Resources",182.14,"2021-12-10 15:00:03"
"Pioneer Natural Resources",183.69,"2021-12-10 15:45:04"
"Pioneer Natural Resources",184.21,"2021-12-10 16:15:02"
"Pioneer Natural Resources",180.82,"2021-12-13 09:45:05"
"Pioneer Natural Resources",178.48,"2021-12-13 11:00:03"
"Pioneer Natural Resources",177.30,"2021-12-13 12:00:03"
"Pioneer Natural Resources",179.64,"2021-12-13 13:00:02"
"Pioneer Natural Resources",178.88,"2021-12-13 14:00:03"
"Pioneer Natural Resources",179.73,"2021-12-13 15:00:03"
